order_item_id,order_id,menu_id,quantity,unit_price,subtotal
OI00001,ORD00001,M044,3,22.8,68.4
OI00002,ORD00002,M015,2,13.73,27.46
OI00003,ORD00003,M041,1,18.7,18.7
OI00004,ORD00003,M045,1,14.72,14.72
OI00005,ORD00004,M036,3,21.19,63.57
OI00006,ORD00005,M018,2,6.4,12.8
OI00007,ORD00006,M010,3,8.19,24.57
OI00008,ORD00007,M043,3,18.33,54.99
OI00009,ORD00008,M032,1,21.03,21.03
OI00010,ORD00008,M012,2,11.68,23.36
OI00011,ORD00009,M028,3,10.31,30.93
OI00012,ORD00010,M041,1,18.7,18.7
OI00013,ORD00010,M010,2,8.19,16.38
OI00014,ORD00011,M048,3,5.64,16.92
OI00015,ORD00011,M030,2,20.38,40.76
OI00016,ORD00012,M023,2,7.84,15.68
OI00017,ORD00012,M008,1,11.64,11.64
OI00018,ORD00013,M037,3,11.31,33.93
OI00019,ORD00013,M006,1,5.76,5.76
OI00020,ORD00014,M029,2,21.76,43.52
OI00021,ORD00014,M025,1,5.42,5.42
OI00022,ORD00015,M042,3,17.77,53.31
OI00023,ORD00016,M049,1,20.08,20.08
OI00024,ORD00016,M050,3,8.63,25.89
OI00025,ORD00017,M025,1,5.42,5.42
OI00026,ORD00017,M017,3,16.95,50.85
OI00027,ORD00018,M044,3,22.8,68.4
OI00028,ORD00018,M001,3,6.05,18.15
OI00029,ORD00019,M044,3,22.8,68.4
OI00030,ORD00020,M029,3,21.76,65.28
OI00031,ORD00020,M040,2,15.26,30.52
OI00032,ORD00021,M030,3,20.38,61.14
OI00033,ORD00021,M004,1,7.15,7.15
OI00034,ORD00022,M018,1,6.4,6.4
OI00035,ORD00023,M016,3,6.75,20.25
OI00036,ORD00024,M026,3,23.22,69.66
OI00037,ORD00024,M031,1,11.87,11.87
OI00038,ORD00025,M017,3,16.95,50.85
OI00039,ORD00025,M043,2,18.33,36.66
OI00040,ORD00026,M048,2,5.64,11.28
OI00041,ORD00027,M011,2,11.74,23.48
OI00042,ORD00027,M018,2,6.4,12.8
OI00043,ORD00028,M016,1,6.75,6.75
OI00044,ORD00029,M007,3,15.72,47.16
OI00045,ORD00030,M009,1,22.04,22.04
OI00046,ORD00030,M015,1,13.73,13.73
OI00047,ORD00031,M035,3,15.54,46.62
OI00048,ORD00031,M032,2,21.03,42.06
OI00049,ORD00032,M041,3,18.7,56.1
OI00050,ORD00032,M013,3,9.9,29.7
OI00051,ORD00033,M043,3,18.33,54.99
OI00052,ORD00034,M031,2,11.87,23.74
OI00053,ORD00034,M009,3,22.04,66.12
OI00054,ORD00035,M016,1,6.75,6.75
OI00055,ORD00036,M024,1,20.8,20.8
OI00056,ORD00037,M024,3,20.8,62.4
OI00057,ORD00038,M042,1,17.77,17.77
OI00058,ORD00038,M011,3,11.74,35.22
OI00059,ORD00039,M016,2,6.75,13.5
OI00060,ORD00039,M038,3,12.96,38.88
OI00061,ORD00040,M019,2,11.31,22.62
OI00062,ORD00040,M038,3,12.96,38.88
OI00063,ORD00041,M033,3,9.14,27.42
OI00064,ORD00041,M024,1,20.8,20.8
OI00065,ORD00042,M042,1,17.77,17.77
OI00066,ORD00043,M043,2,18.33,36.66
OI00067,ORD00044,M014,2,5.03,10.06
OI00068,ORD00045,M011,3,11.74,35.22
OI00069,ORD00046,M028,1,10.31,10.31
OI00070,ORD00047,M001,1,6.05,6.05
OI00071,ORD00048,M004,2,7.15,14.3
OI00072,ORD00049,M044,2,22.8,45.6
OI00073,ORD00050,M035,2,15.54,31.08
OI00074,ORD00051,M012,2,11.68,23.36
OI00075,ORD00051,M015,2,13.73,27.46
OI00076,ORD00052,M041,2,18.7,37.4
OI00077,ORD00052,M050,2,8.63,17.26
OI00078,ORD00053,M002,3,6.74,20.22
OI00079,ORD00053,M045,1,14.72,14.72
OI00080,ORD00054,M046,1,18.37,18.37
OI00081,ORD00055,M017,1,16.95,16.95
OI00082,ORD00056,M002,1,6.74,6.74
OI00083,ORD00056,M005,3,23.02,69.06
OI00084,ORD00057,M036,1,21.19,21.19
OI00085,ORD00057,M045,1,14.72,14.72
OI00086,ORD00058,M008,2,11.64,23.28
OI00087,ORD00059,M043,3,18.33,54.99
OI00088,ORD00060,M029,3,21.76,65.28
OI00089,ORD00061,M016,1,6.75,6.75
OI00090,ORD00062,M018,3,6.4,19.2
OI00091,ORD00063,M016,1,6.75,6.75
OI00092,ORD00064,M008,1,11.64,11.64
OI00093,ORD00064,M033,2,9.14,18.28
OI00094,ORD00065,M006,3,5.76,17.28
OI00095,ORD00065,M045,3,14.72,44.16
OI00096,ORD00066,M022,2,6.86,13.72
OI00097,ORD00066,M040,1,15.26,15.26
OI00098,ORD00067,M005,1,23.02,23.02
OI00099,ORD00068,M026,1,23.22,23.22
OI00100,ORD00068,M034,3,17.18,51.54
OI00101,ORD00069,M023,3,7.84,23.52
OI00102,ORD00070,M040,3,15.26,45.78
OI00103,ORD00071,M029,1,21.76,21.76
OI00104,ORD00072,M017,2,16.95,33.9
OI00105,ORD00073,M009,2,22.04,44.08
OI00106,ORD00074,M035,3,15.54,46.62
OI00107,ORD00074,M036,2,21.19,42.38
OI00108,ORD00075,M011,1,11.74,11.74
OI00109,ORD00075,M050,1,8.63,8.63
OI00110,ORD00076,M006,2,5.76,11.52
OI00111,ORD00077,M016,3,6.75,20.25
OI00112,ORD00077,M025,2,5.42,10.84
OI00113,ORD00078,M043,3,18.33,54.99
OI00114,ORD00078,M038,3,12.96,38.88
OI00115,ORD00079,M029,3,21.76,65.28
OI00116,ORD00080,M028,1,10.31,10.31
OI00117,ORD00080,M043,2,18.33,36.66
OI00118,ORD00081,M016,1,6.75,6.75
OI00119,ORD00082,M022,1,6.86,6.86
OI00120,ORD00082,M021,3,23.11,69.33
OI00121,ORD00083,M016,3,6.75,20.25
OI00122,ORD00084,M024,2,20.8,41.6
OI00123,ORD00084,M050,3,8.63,25.89
OI00124,ORD00085,M019,2,11.31,22.62
OI00125,ORD00086,M014,1,5.03,5.03
OI00126,ORD00087,M009,2,22.04,44.08
OI00127,ORD00087,M012,2,11.68,23.36
OI00128,ORD00088,M016,2,6.75,13.5
OI00129,ORD00088,M047,2,12.49,24.98
OI00130,ORD00089,M033,3,9.14,27.42
OI00131,ORD00089,M001,3,6.05,18.15
OI00132,ORD00090,M011,2,11.74,23.48
OI00133,ORD00090,M020,2,13.97,27.94
OI00134,ORD00091,M015,1,13.73,13.73
OI00135,ORD00091,M003,2,13.14,26.28
OI00136,ORD00092,M048,3,5.64,16.92
OI00137,ORD00092,M037,1,11.31,11.31
OI00138,ORD00093,M002,3,6.74,20.22
OI00139,ORD00094,M012,3,11.68,35.04
OI00140,ORD00095,M016,2,6.75,13.5
OI00141,ORD00096,M012,3,11.68,35.04
OI00142,ORD00096,M027,2,16.47,32.94
OI00143,ORD00097,M014,3,5.03,15.09
OI00144,ORD00097,M025,3,5.42,16.26
OI00145,ORD00098,M035,1,15.54,15.54
OI00146,ORD00099,M012,2,11.68,23.36
OI00147,ORD00099,M002,2,6.74,13.48
OI00148,ORD00100,M035,2,15.54,31.08
OI00149,ORD00100,M047,2,12.49,24.98
OI00150,ORD00101,M038,2,12.96,25.92
OI00151,ORD00102,M024,3,20.8,62.4
OI00152,ORD00103,M032,3,21.03,63.09
OI00153,ORD00103,M027,1,16.47,16.47
OI00154,ORD00104,M014,2,5.03,10.06
OI00155,ORD00105,M023,1,7.84,7.84
OI00156,ORD00105,M042,1,17.77,17.77
OI00157,ORD00106,M034,3,17.18,51.54
OI00158,ORD00107,M027,2,16.47,32.94
OI00159,ORD00107,M049,3,20.08,60.24
OI00160,ORD00108,M001,2,6.05,12.1
OI00161,ORD00109,M001,2,6.05,12.1
OI00162,ORD00110,M037,2,11.31,22.62
OI00163,ORD00110,M030,2,20.38,40.76
OI00164,ORD00111,M006,2,5.76,11.52
OI00165,ORD00112,M047,1,12.49,12.49
OI00166,ORD00113,M039,3,20.39,61.17
OI00167,ORD00114,M043,2,18.33,36.66
OI00168,ORD00114,M038,2,12.96,25.92
OI00169,ORD00115,M034,2,17.18,34.36
OI00170,ORD00116,M019,2,11.31,22.62
OI00171,ORD00116,M002,3,6.74,20.22
OI00172,ORD00117,M023,3,7.84,23.52
OI00173,ORD00118,M035,1,15.54,15.54
OI00174,ORD00119,M034,1,17.18,17.18
OI00175,ORD00119,M009,2,22.04,44.08
OI00176,ORD00120,M018,3,6.4,19.2
OI00177,ORD00120,M012,3,11.68,35.04
OI00178,ORD00121,M027,1,16.47,16.47
OI00179,ORD00121,M002,1,6.74,6.74
OI00180,ORD00122,M004,2,7.15,14.3
OI00181,ORD00122,M019,3,11.31,33.93
OI00182,ORD00123,M009,3,22.04,66.12
OI00183,ORD00123,M024,3,20.8,62.4
OI00184,ORD00124,M036,2,21.19,42.38
OI00185,ORD00124,M039,3,20.39,61.17
OI00186,ORD00125,M021,2,23.11,46.22
OI00187,ORD00126,M043,3,18.33,54.99
OI00188,ORD00126,M043,1,18.33,18.33
OI00189,ORD00127,M021,3,23.11,69.33
OI00190,ORD00128,M045,2,14.72,29.44
OI00191,ORD00128,M049,2,20.08,40.16
OI00192,ORD00129,M025,3,5.42,16.26
OI00193,ORD00130,M032,1,21.03,21.03
OI00194,ORD00130,M018,2,6.4,12.8
OI00195,ORD00131,M032,2,21.03,42.06
OI00196,ORD00132,M041,3,18.7,56.1
OI00197,ORD00133,M028,1,10.31,10.31
OI00198,ORD00134,M045,1,14.72,14.72
OI00199,ORD00134,M033,1,9.14,9.14
OI00200,ORD00135,M012,1,11.68,11.68
OI00201,ORD00136,M050,1,8.63,8.63
OI00202,ORD00137,M035,3,15.54,46.62
OI00203,ORD00138,M023,1,7.84,7.84
OI00204,ORD00138,M021,1,23.11,23.11
OI00205,ORD00139,M034,1,17.18,17.18
OI00206,ORD00140,M002,3,6.74,20.22
OI00207,ORD00141,M044,3,22.8,68.4
OI00208,ORD00142,M030,1,20.38,20.38
OI00209,ORD00142,M004,1,7.15,7.15
OI00210,ORD00143,M025,1,5.42,5.42
OI00211,ORD00144,M019,3,11.31,33.93
OI00212,ORD00145,M050,3,8.63,25.89
OI00213,ORD00145,M030,2,20.38,40.76
OI00214,ORD00146,M027,2,16.47,32.94
OI00215,ORD00147,M023,3,7.84,23.52
OI00216,ORD00147,M013,2,9.9,19.8
OI00217,ORD00148,M023,1,7.84,7.84
OI00218,ORD00149,M030,3,20.38,61.14
OI00219,ORD00150,M021,3,23.11,69.33
OI00220,ORD00150,M032,3,21.03,63.09
OI00221,ORD00151,M002,1,6.74,6.74
OI00222,ORD00151,M027,2,16.47,32.94
OI00223,ORD00152,M020,2,13.97,27.94
OI00224,ORD00152,M033,2,9.14,18.28
OI00225,ORD00153,M022,3,6.86,20.58
OI00226,ORD00153,M025,1,5.42,5.42
OI00227,ORD00154,M013,1,9.9,9.9
OI00228,ORD00155,M037,3,11.31,33.93
OI00229,ORD00155,M028,3,10.31,30.93
OI00230,ORD00156,M029,2,21.76,43.52
OI00231,ORD00157,M003,2,13.14,26.28
OI00232,ORD00157,M006,2,5.76,11.52
OI00233,ORD00158,M018,3,6.4,19.2
OI00234,ORD00159,M037,1,11.31,11.31
OI00235,ORD00160,M040,3,15.26,45.78
OI00236,ORD00161,M014,3,5.03,15.09
OI00237,ORD00161,M006,2,5.76,11.52
OI00238,ORD00162,M018,3,6.4,19.2
OI00239,ORD00162,M044,1,22.8,22.8
OI00240,ORD00163,M040,2,15.26,30.52
OI00241,ORD00164,M025,3,5.42,16.26
OI00242,ORD00165,M008,2,11.64,23.28
OI00243,ORD00165,M004,1,7.15,7.15
OI00244,ORD00166,M043,3,18.33,54.99
OI00245,ORD00166,M018,3,6.4,19.2
OI00246,ORD00167,M027,3,16.47,49.41
OI00247,ORD00167,M030,2,20.38,40.76
OI00248,ORD00168,M019,1,11.31,11.31
OI00249,ORD00168,M013,3,9.9,29.7
OI00250,ORD00169,M022,2,6.86,13.72
OI00251,ORD00170,M011,3,11.74,35.22
OI00252,ORD00171,M027,2,16.47,32.94
OI00253,ORD00172,M017,2,16.95,33.9
OI00254,ORD00172,M049,3,20.08,60.24
OI00255,ORD00173,M044,1,22.8,22.8
OI00256,ORD00173,M012,2,11.68,23.36
OI00257,ORD00174,M005,1,23.02,23.02
OI00258,ORD00175,M011,1,11.74,11.74
OI00259,ORD00175,M048,1,5.64,5.64
OI00260,ORD00176,M011,3,11.74,35.22
OI00261,ORD00177,M040,1,15.26,15.26
OI00262,ORD00178,M005,2,23.02,46.04
OI00263,ORD00179,M043,3,18.33,54.99
OI00264,ORD00180,M022,3,6.86,20.58
OI00265,ORD00180,M003,1,13.14,13.14
OI00266,ORD00181,M037,3,11.31,33.93
OI00267,ORD00181,M043,2,18.33,36.66
OI00268,ORD00182,M045,3,14.72,44.16
OI00269,ORD00182,M035,2,15.54,31.08
OI00270,ORD00183,M024,1,20.8,20.8
OI00271,ORD00183,M029,2,21.76,43.52
OI00272,ORD00184,M027,3,16.47,49.41
OI00273,ORD00185,M001,2,6.05,12.1
OI00274,ORD00185,M048,3,5.64,16.92
OI00275,ORD00186,M027,3,16.47,49.41
OI00276,ORD00187,M035,2,15.54,31.08
OI00277,ORD00187,M022,2,6.86,13.72
OI00278,ORD00188,M035,2,15.54,31.08
OI00279,ORD00188,M034,2,17.18,34.36
OI00280,ORD00189,M039,3,20.39,61.17
OI00281,ORD00190,M007,3,15.72,47.16
OI00282,ORD00190,M031,3,11.87,35.61
OI00283,ORD00191,M021,3,23.11,69.33
OI00284,ORD00191,M007,2,15.72,31.44
OI00285,ORD00192,M023,1,7.84,7.84
OI00286,ORD00192,M031,2,11.87,23.74
OI00287,ORD00193,M010,2,8.19,16.38
OI00288,ORD00193,M048,1,5.64,5.64
OI00289,ORD00194,M034,3,17.18,51.54
OI00290,ORD00195,M037,1,11.31,11.31
OI00291,ORD00196,M045,2,14.72,29.44
OI00292,ORD00197,M040,2,15.26,30.52
OI00293,ORD00197,M032,3,21.03,63.09
OI00294,ORD00198,M039,1,20.39,20.39
OI00295,ORD00198,M042,2,17.77,35.54
OI00296,ORD00199,M041,2,18.7,37.4
OI00297,ORD00200,M017,3,16.95,50.85
OI00298,ORD00201,M033,2,9.14,18.28
OI00299,ORD00201,M018,3,6.4,19.2
OI00300,ORD00202,M006,1,5.76,5.76
OI00301,ORD00202,M031,3,11.87,35.61
OI00302,ORD00203,M004,3,7.15,21.45
OI00303,ORD00204,M007,3,15.72,47.16
OI00304,ORD00204,M047,3,12.49,37.47
OI00305,ORD00205,M005,1,23.02,23.02
OI00306,ORD00205,M013,3,9.9,29.7
OI00307,ORD00206,M005,3,23.02,69.06
OI00308,ORD00206,M013,2,9.9,19.8
OI00309,ORD00207,M015,2,13.73,27.46
OI00310,ORD00207,M050,3,8.63,25.89
OI00311,ORD00208,M005,3,23.02,69.06
OI00312,ORD00208,M026,2,23.22,46.44
OI00313,ORD00209,M046,2,18.37,36.74
OI00314,ORD00210,M020,1,13.97,13.97
OI00315,ORD00210,M030,3,20.38,61.14
OI00316,ORD00211,M022,2,6.86,13.72
OI00317,ORD00212,M004,1,7.15,7.15
OI00318,ORD00213,M013,3,9.9,29.7
OI00319,ORD00214,M046,1,18.37,18.37
OI00320,ORD00215,M021,1,23.11,23.11
OI00321,ORD00215,M008,2,11.64,23.28
OI00322,ORD00216,M005,1,23.02,23.02
OI00323,ORD00217,M048,1,5.64,5.64
OI00324,ORD00218,M021,1,23.11,23.11
OI00325,ORD00219,M007,1,15.72,15.72
OI00326,ORD00220,M040,2,15.26,30.52
OI00327,ORD00220,M013,1,9.9,9.9
OI00328,ORD00221,M040,1,15.26,15.26
OI00329,ORD00222,M041,1,18.7,18.7
OI00330,ORD00223,M010,2,8.19,16.38
OI00331,ORD00223,M019,2,11.31,22.62
OI00332,ORD00224,M050,2,8.63,17.26
OI00333,ORD00225,M025,2,5.42,10.84
OI00334,ORD00225,M022,1,6.86,6.86
OI00335,ORD00226,M017,2,16.95,33.9
OI00336,ORD00226,M033,1,9.14,9.14
OI00337,ORD00227,M003,1,13.14,13.14
OI00338,ORD00227,M035,1,15.54,15.54
OI00339,ORD00228,M038,1,12.96,12.96
OI00340,ORD00228,M031,2,11.87,23.74
OI00341,ORD00229,M015,2,13.73,27.46
OI00342,ORD00229,M022,2,6.86,13.72
OI00343,ORD00230,M043,3,18.33,54.99
OI00344,ORD00231,M004,3,7.15,21.45
OI00345,ORD00232,M047,2,12.49,24.98
OI00346,ORD00233,M037,3,11.31,33.93
OI00347,ORD00234,M043,3,18.33,54.99
OI00348,ORD00235,M046,2,18.37,36.74
OI00349,ORD00236,M046,1,18.37,18.37
OI00350,ORD00236,M027,2,16.47,32.94
OI00351,ORD00237,M032,1,21.03,21.03
OI00352,ORD00238,M017,1,16.95,16.95
OI00353,ORD00239,M045,3,14.72,44.16
OI00354,ORD00239,M036,3,21.19,63.57
OI00355,ORD00240,M037,1,11.31,11.31
OI00356,ORD00241,M044,3,22.8,68.4
OI00357,ORD00242,M030,2,20.38,40.76
OI00358,ORD00242,M002,1,6.74,6.74
OI00359,ORD00243,M009,3,22.04,66.12
OI00360,ORD00243,M045,3,14.72,44.16
OI00361,ORD00244,M027,3,16.47,49.41
OI00362,ORD00245,M041,1,18.7,18.7
OI00363,ORD00245,M001,2,6.05,12.1
OI00364,ORD00246,M017,3,16.95,50.85
OI00365,ORD00246,M001,3,6.05,18.15
OI00366,ORD00247,M043,3,18.33,54.99
OI00367,ORD00248,M018,3,6.4,19.2
OI00368,ORD00248,M012,3,11.68,35.04
OI00369,ORD00249,M046,3,18.37,55.11
OI00370,ORD00249,M019,1,11.31,11.31
OI00371,ORD00250,M028,1,10.31,10.31
OI00372,ORD00251,M025,2,5.42,10.84
OI00373,ORD00252,M046,3,18.37,55.11
OI00374,ORD00253,M047,3,12.49,37.47
OI00375,ORD00254,M008,3,11.64,34.92
OI00376,ORD00254,M032,1,21.03,21.03
OI00377,ORD00255,M007,2,15.72,31.44
OI00378,ORD00256,M038,2,12.96,25.92
OI00379,ORD00257,M039,2,20.39,40.78
OI00380,ORD00258,M007,3,15.72,47.16
OI00381,ORD00258,M014,2,5.03,10.06
OI00382,ORD00259,M034,2,17.18,34.36
OI00383,ORD00259,M028,1,10.31,10.31
OI00384,ORD00260,M041,1,18.7,18.7
OI00385,ORD00261,M002,3,6.74,20.22
OI00386,ORD00262,M009,3,22.04,66.12
OI00387,ORD00263,M040,1,15.26,15.26
OI00388,ORD00264,M014,2,5.03,10.06
OI00389,ORD00265,M049,1,20.08,20.08
OI00390,ORD00266,M029,2,21.76,43.52
OI00391,ORD00267,M002,2,6.74,13.48
OI00392,ORD00268,M007,1,15.72,15.72
OI00393,ORD00268,M017,3,16.95,50.85
OI00394,ORD00269,M015,1,13.73,13.73
OI00395,ORD00270,M027,3,16.47,49.41
OI00396,ORD00271,M008,3,11.64,34.92
OI00397,ORD00272,M014,2,5.03,10.06
OI00398,ORD00273,M038,1,12.96,12.96
OI00399,ORD00274,M028,3,10.31,30.93
OI00400,ORD00275,M009,3,22.04,66.12
OI00401,ORD00275,M010,3,8.19,24.57
OI00402,ORD00276,M030,1,20.38,20.38
OI00403,ORD00277,M008,2,11.64,23.28
OI00404,ORD00278,M005,1,23.02,23.02
OI00405,ORD00278,M033,1,9.14,9.14
OI00406,ORD00279,M037,3,11.31,33.93
OI00407,ORD00280,M015,2,13.73,27.46
OI00408,ORD00281,M038,3,12.96,38.88
OI00409,ORD00281,M047,1,12.49,12.49
OI00410,ORD00282,M014,1,5.03,5.03
OI00411,ORD00283,M004,2,7.15,14.3
OI00412,ORD00284,M027,1,16.47,16.47
OI00413,ORD00285,M047,3,12.49,37.47
OI00414,ORD00285,M004,1,7.15,7.15
OI00415,ORD00286,M023,3,7.84,23.52
OI00416,ORD00286,M032,1,21.03,21.03
OI00417,ORD00287,M004,3,7.15,21.45
OI00418,ORD00287,M021,1,23.11,23.11
OI00419,ORD00288,M023,2,7.84,15.68
OI00420,ORD00288,M048,3,5.64,16.92
OI00421,ORD00289,M025,2,5.42,10.84
OI00422,ORD00290,M022,1,6.86,6.86
OI00423,ORD00290,M045,1,14.72,14.72
OI00424,ORD00291,M021,3,23.11,69.33
OI00425,ORD00291,M036,2,21.19,42.38
OI00426,ORD00292,M037,1,11.31,11.31
OI00427,ORD00293,M006,3,5.76,17.28
OI00428,ORD00293,M009,3,22.04,66.12
OI00429,ORD00294,M023,1,7.84,7.84
OI00430,ORD00294,M019,1,11.31,11.31
OI00431,ORD00295,M029,1,21.76,21.76
OI00432,ORD00295,M044,2,22.8,45.6
OI00433,ORD00296,M005,1,23.02,23.02
OI00434,ORD00297,M049,3,20.08,60.24
OI00435,ORD00298,M034,3,17.18,51.54
OI00436,ORD00299,M008,3,11.64,34.92
OI00437,ORD00299,M049,2,20.08,40.16
OI00438,ORD00300,M031,2,11.87,23.74
OI00439,ORD00301,M027,2,16.47,32.94
OI00440,ORD00301,M032,2,21.03,42.06
OI00441,ORD00302,M026,1,23.22,23.22
OI00442,ORD00302,M034,1,17.18,17.18
OI00443,ORD00303,M004,2,7.15,14.3
OI00444,ORD00304,M031,2,11.87,23.74
OI00445,ORD00304,M027,2,16.47,32.94
OI00446,ORD00305,M001,3,6.05,18.15
OI00447,ORD00305,M016,1,6.75,6.75
OI00448,ORD00306,M036,1,21.19,21.19
OI00449,ORD00306,M003,1,13.14,13.14
OI00450,ORD00307,M042,2,17.77,35.54
OI00451,ORD00307,M006,1,5.76,5.76
OI00452,ORD00308,M029,1,21.76,21.76
OI00453,ORD00308,M035,3,15.54,46.62
OI00454,ORD00309,M033,3,9.14,27.42
OI00455,ORD00309,M034,1,17.18,17.18
OI00456,ORD00310,M032,1,21.03,21.03
OI00457,ORD00311,M005,2,23.02,46.04
OI00458,ORD00311,M009,1,22.04,22.04
OI00459,ORD00312,M009,2,22.04,44.08
OI00460,ORD00313,M020,2,13.97,27.94
OI00461,ORD00314,M001,3,6.05,18.15
OI00462,ORD00315,M015,2,13.73,27.46
OI00463,ORD00316,M015,1,13.73,13.73
OI00464,ORD00316,M026,1,23.22,23.22
OI00465,ORD00317,M008,2,11.64,23.28
OI00466,ORD00317,M013,2,9.9,19.8
OI00467,ORD00318,M010,3,8.19,24.57
OI00468,ORD00319,M050,3,8.63,25.89
OI00469,ORD00320,M003,1,13.14,13.14
OI00470,ORD00320,M009,3,22.04,66.12
OI00471,ORD00321,M020,3,13.97,41.91
OI00472,ORD00322,M001,3,6.05,18.15
OI00473,ORD00322,M011,3,11.74,35.22
OI00474,ORD00323,M018,2,6.4,12.8
OI00475,ORD00324,M044,3,22.8,68.4
OI00476,ORD00324,M005,3,23.02,69.06
OI00477,ORD00325,M017,2,16.95,33.9
OI00478,ORD00325,M045,3,14.72,44.16
OI00479,ORD00326,M043,2,18.33,36.66
OI00480,ORD00327,M044,2,22.8,45.6
OI00481,ORD00328,M004,2,7.15,14.3
OI00482,ORD00329,M002,2,6.74,13.48
OI00483,ORD00329,M002,2,6.74,13.48
OI00484,ORD00330,M001,2,6.05,12.1
OI00485,ORD00330,M043,1,18.33,18.33
OI00486,ORD00331,M010,3,8.19,24.57
OI00487,ORD00331,M021,2,23.11,46.22
OI00488,ORD00332,M020,1,13.97,13.97
OI00489,ORD00332,M026,3,23.22,69.66
OI00490,ORD00333,M005,1,23.02,23.02
OI00491,ORD00334,M035,3,15.54,46.62
OI00492,ORD00335,M027,1,16.47,16.47
OI00493,ORD00336,M008,3,11.64,34.92
OI00494,ORD00336,M048,1,5.64,5.64
OI00495,ORD00337,M001,1,6.05,6.05
OI00496,ORD00337,M016,2,6.75,13.5
OI00497,ORD00338,M030,3,20.38,61.14
OI00498,ORD00338,M035,3,15.54,46.62
OI00499,ORD00339,M045,2,14.72,29.44
OI00500,ORD00339,M027,2,16.47,32.94
OI00501,ORD00340,M011,2,11.74,23.48
OI00502,ORD00341,M030,1,20.38,20.38
OI00503,ORD00341,M038,2,12.96,25.92
OI00504,ORD00342,M003,3,13.14,39.42
OI00505,ORD00343,M041,1,18.7,18.7
OI00506,ORD00344,M016,2,6.75,13.5
OI00507,ORD00345,M016,2,6.75,13.5
OI00508,ORD00345,M050,3,8.63,25.89
OI00509,ORD00346,M016,1,6.75,6.75
OI00510,ORD00347,M027,3,16.47,49.41
OI00511,ORD00348,M043,1,18.33,18.33
OI00512,ORD00348,M013,3,9.9,29.7
OI00513,ORD00349,M032,1,21.03,21.03
OI00514,ORD00349,M024,3,20.8,62.4
OI00515,ORD00350,M030,2,20.38,40.76
OI00516,ORD00350,M010,1,8.19,8.19
OI00517,ORD00351,M030,2,20.38,40.76
OI00518,ORD00351,M019,2,11.31,22.62
OI00519,ORD00352,M015,3,13.73,41.19
OI00520,ORD00353,M012,3,11.68,35.04
OI00521,ORD00353,M024,2,20.8,41.6
OI00522,ORD00354,M021,3,23.11,69.33
OI00523,ORD00355,M047,1,12.49,12.49
OI00524,ORD00355,M004,2,7.15,14.3
OI00525,ORD00356,M018,2,6.4,12.8
OI00526,ORD00356,M007,1,15.72,15.72
OI00527,ORD00357,M005,2,23.02,46.04
OI00528,ORD00358,M012,1,11.68,11.68
OI00529,ORD00359,M006,1,5.76,5.76
OI00530,ORD00359,M050,1,8.63,8.63
OI00531,ORD00360,M010,1,8.19,8.19
OI00532,ORD00360,M006,3,5.76,17.28
OI00533,ORD00361,M025,1,5.42,5.42
OI00534,ORD00362,M006,3,5.76,17.28
OI00535,ORD00362,M050,2,8.63,17.26
OI00536,ORD00363,M003,3,13.14,39.42
OI00537,ORD00363,M032,1,21.03,21.03
OI00538,ORD00364,M047,3,12.49,37.47
OI00539,ORD00364,M049,3,20.08,60.24
OI00540,ORD00365,M005,1,23.02,23.02
OI00541,ORD00365,M030,1,20.38,20.38
OI00542,ORD00366,M021,2,23.11,46.22
OI00543,ORD00367,M035,2,15.54,31.08
OI00544,ORD00368,M019,1,11.31,11.31
OI00545,ORD00368,M042,2,17.77,35.54
OI00546,ORD00369,M020,1,13.97,13.97
OI00547,ORD00370,M044,3,22.8,68.4
OI00548,ORD00371,M010,3,8.19,24.57
OI00549,ORD00372,M008,3,11.64,34.92
OI00550,ORD00373,M011,1,11.74,11.74
OI00551,ORD00373,M003,2,13.14,26.28
OI00552,ORD00374,M047,1,12.49,12.49
OI00553,ORD00374,M025,2,5.42,10.84
OI00554,ORD00375,M027,2,16.47,32.94
OI00555,ORD00376,M048,2,5.64,11.28
OI00556,ORD00376,M013,2,9.9,19.8
OI00557,ORD00377,M035,3,15.54,46.62
OI00558,ORD00378,M002,3,6.74,20.22
OI00559,ORD00379,M037,3,11.31,33.93
OI00560,ORD00379,M036,2,21.19,42.38
OI00561,ORD00380,M045,2,14.72,29.44
OI00562,ORD00380,M028,1,10.31,10.31
OI00563,ORD00381,M038,2,12.96,25.92
OI00564,ORD00382,M030,2,20.38,40.76
OI00565,ORD00383,M039,1,20.39,20.39
OI00566,ORD00384,M003,2,13.14,26.28
OI00567,ORD00385,M036,3,21.19,63.57
OI00568,ORD00385,M018,1,6.4,6.4
OI00569,ORD00386,M038,2,12.96,25.92
OI00570,ORD00386,M044,3,22.8,68.4
OI00571,ORD00387,M033,2,9.14,18.28
OI00572,ORD00388,M049,3,20.08,60.24
OI00573,ORD00388,M038,2,12.96,25.92
OI00574,ORD00389,M047,2,12.49,24.98
OI00575,ORD00390,M031,1,11.87,11.87
OI00576,ORD00391,M030,1,20.38,20.38
OI00577,ORD00391,M046,3,18.37,55.11
OI00578,ORD00392,M032,2,21.03,42.06
OI00579,ORD00393,M019,1,11.31,11.31
OI00580,ORD00394,M004,1,7.15,7.15
OI00581,ORD00395,M034,1,17.18,17.18
OI00582,ORD00396,M014,2,5.03,10.06
OI00583,ORD00396,M030,3,20.38,61.14
OI00584,ORD00397,M024,3,20.8,62.4
OI00585,ORD00398,M029,1,21.76,21.76
OI00586,ORD00399,M040,1,15.26,15.26
OI00587,ORD00400,M013,1,9.9,9.9
OI00588,ORD00400,M010,2,8.19,16.38
OI00589,ORD00401,M004,1,7.15,7.15
OI00590,ORD00401,M036,1,21.19,21.19
OI00591,ORD00402,M007,2,15.72,31.44
OI00592,ORD00403,M044,1,22.8,22.8
OI00593,ORD00403,M008,1,11.64,11.64
OI00594,ORD00404,M047,3,12.49,37.47
OI00595,ORD00404,M013,3,9.9,29.7
OI00596,ORD00405,M019,1,11.31,11.31
OI00597,ORD00406,M035,2,15.54,31.08
OI00598,ORD00407,M003,3,13.14,39.42
OI00599,ORD00408,M011,2,11.74,23.48
OI00600,ORD00409,M029,3,21.76,65.28
OI00601,ORD00410,M029,3,21.76,65.28
OI00602,ORD00410,M035,1,15.54,15.54
OI00603,ORD00411,M023,3,7.84,23.52
OI00604,ORD00411,M002,2,6.74,13.48
OI00605,ORD00412,M040,3,15.26,45.78
OI00606,ORD00413,M008,3,11.64,34.92
OI00607,ORD00413,M046,3,18.37,55.11
OI00608,ORD00414,M006,2,5.76,11.52
OI00609,ORD00415,M028,2,10.31,20.62
OI00610,ORD00415,M014,1,5.03,5.03
OI00611,ORD00416,M007,1,15.72,15.72
OI00612,ORD00416,M019,1,11.31,11.31
OI00613,ORD00417,M014,2,5.03,10.06
OI00614,ORD00417,M020,1,13.97,13.97
OI00615,ORD00418,M017,2,16.95,33.9
OI00616,ORD00418,M035,1,15.54,15.54
OI00617,ORD00419,M049,1,20.08,20.08
OI00618,ORD00419,M020,3,13.97,41.91
OI00619,ORD00420,M010,1,8.19,8.19
OI00620,ORD00420,M030,3,20.38,61.14
OI00621,ORD00421,M041,3,18.7,56.1
OI00622,ORD00421,M024,3,20.8,62.4
OI00623,ORD00422,M047,3,12.49,37.47
OI00624,ORD00422,M037,1,11.31,11.31
OI00625,ORD00423,M047,1,12.49,12.49
OI00626,ORD00423,M029,1,21.76,21.76
OI00627,ORD00424,M049,1,20.08,20.08
OI00628,ORD00424,M009,3,22.04,66.12
OI00629,ORD00425,M010,3,8.19,24.57
OI00630,ORD00425,M008,3,11.64,34.92
OI00631,ORD00426,M034,3,17.18,51.54
OI00632,ORD00426,M044,2,22.8,45.6
OI00633,ORD00427,M001,2,6.05,12.1
OI00634,ORD00428,M039,3,20.39,61.17
OI00635,ORD00428,M030,1,20.38,20.38
OI00636,ORD00429,M032,2,21.03,42.06
OI00637,ORD00430,M028,3,10.31,30.93
OI00638,ORD00431,M046,3,18.37,55.11
OI00639,ORD00431,M030,2,20.38,40.76
OI00640,ORD00432,M020,3,13.97,41.91
OI00641,ORD00432,M039,3,20.39,61.17
OI00642,ORD00433,M007,3,15.72,47.16
OI00643,ORD00434,M048,3,5.64,16.92
OI00644,ORD00434,M021,2,23.11,46.22
OI00645,ORD00435,M002,2,6.74,13.48
OI00646,ORD00435,M012,2,11.68,23.36
OI00647,ORD00436,M039,2,20.39,40.78
OI00648,ORD00437,M013,3,9.9,29.7
OI00649,ORD00438,M025,1,5.42,5.42
OI00650,ORD00438,M035,3,15.54,46.62
OI00651,ORD00439,M049,1,20.08,20.08
OI00652,ORD00440,M029,3,21.76,65.28
OI00653,ORD00440,M032,2,21.03,42.06
OI00654,ORD00441,M004,2,7.15,14.3
OI00655,ORD00442,M021,2,23.11,46.22
OI00656,ORD00443,M042,2,17.77,35.54
OI00657,ORD00443,M001,3,6.05,18.15
OI00658,ORD00444,M003,2,13.14,26.28
OI00659,ORD00445,M028,1,10.31,10.31
OI00660,ORD00445,M015,3,13.73,41.19
OI00661,ORD00446,M037,3,11.31,33.93
OI00662,ORD00446,M037,2,11.31,22.62
OI00663,ORD00447,M049,3,20.08,60.24
OI00664,ORD00448,M036,1,21.19,21.19
OI00665,ORD00449,M047,1,12.49,12.49
OI00666,ORD00450,M018,3,6.4,19.2
OI00667,ORD00450,M045,1,14.72,14.72
OI00668,ORD00451,M010,2,8.19,16.38
OI00669,ORD00452,M047,1,12.49,12.49
OI00670,ORD00453,M038,3,12.96,38.88
OI00671,ORD00453,M006,3,5.76,17.28
OI00672,ORD00454,M027,3,16.47,49.41
OI00673,ORD00454,M005,1,23.02,23.02
OI00674,ORD00455,M044,1,22.8,22.8
OI00675,ORD00456,M009,2,22.04,44.08
OI00676,ORD00457,M046,1,18.37,18.37
OI00677,ORD00458,M008,1,11.64,11.64
OI00678,ORD00459,M035,3,15.54,46.62
OI00679,ORD00460,M041,3,18.7,56.1
OI00680,ORD00461,M009,1,22.04,22.04
OI00681,ORD00461,M008,3,11.64,34.92
OI00682,ORD00462,M028,2,10.31,20.62
OI00683,ORD00463,M007,3,15.72,47.16
OI00684,ORD00463,M014,1,5.03,5.03
OI00685,ORD00464,M036,3,21.19,63.57
OI00686,ORD00464,M028,1,10.31,10.31
OI00687,ORD00465,M025,2,5.42,10.84
OI00688,ORD00466,M010,1,8.19,8.19
OI00689,ORD00467,M007,3,15.72,47.16
OI00690,ORD00468,M028,2,10.31,20.62
OI00691,ORD00469,M045,2,14.72,29.44
OI00692,ORD00469,M036,1,21.19,21.19
OI00693,ORD00470,M018,3,6.4,19.2
OI00694,ORD00470,M007,1,15.72,15.72
OI00695,ORD00471,M037,1,11.31,11.31
OI00696,ORD00471,M010,3,8.19,24.57
OI00697,ORD00472,M020,1,13.97,13.97
OI00698,ORD00472,M034,1,17.18,17.18
OI00699,ORD00473,M046,3,18.37,55.11
OI00700,ORD00473,M035,2,15.54,31.08
OI00701,ORD00474,M027,3,16.47,49.41
OI00702,ORD00474,M022,3,6.86,20.58
OI00703,ORD00475,M033,3,9.14,27.42
OI00704,ORD00476,M006,1,5.76,5.76
OI00705,ORD00477,M002,2,6.74,13.48
OI00706,ORD00477,M041,2,18.7,37.4
OI00707,ORD00478,M013,2,9.9,19.8
OI00708,ORD00479,M028,3,10.31,30.93
OI00709,ORD00479,M031,2,11.87,23.74
OI00710,ORD00480,M026,2,23.22,46.44
OI00711,ORD00480,M024,3,20.8,62.4
OI00712,ORD00481,M034,2,17.18,34.36
OI00713,ORD00481,M024,2,20.8,41.6
OI00714,ORD00482,M002,1,6.74,6.74
OI00715,ORD00483,M035,3,15.54,46.62
OI00716,ORD00484,M028,3,10.31,30.93
OI00717,ORD00485,M029,3,21.76,65.28
OI00718,ORD00486,M049,2,20.08,40.16
OI00719,ORD00486,M003,2,13.14,26.28
OI00720,ORD00487,M017,3,16.95,50.85
OI00721,ORD00488,M021,2,23.11,46.22
OI00722,ORD00488,M023,2,7.84,15.68
OI00723,ORD00489,M006,3,5.76,17.28
OI00724,ORD00490,M013,1,9.9,9.9
OI00725,ORD00491,M004,1,7.15,7.15
OI00726,ORD00491,M045,1,14.72,14.72
OI00727,ORD00492,M029,3,21.76,65.28
OI00728,ORD00493,M003,3,13.14,39.42
OI00729,ORD00494,M022,2,6.86,13.72
OI00730,ORD00494,M037,1,11.31,11.31
OI00731,ORD00495,M022,3,6.86,20.58
OI00732,ORD00495,M043,2,18.33,36.66
OI00733,ORD00496,M047,3,12.49,37.47
OI00734,ORD00496,M041,3,18.7,56.1
OI00735,ORD00497,M036,2,21.19,42.38
OI00736,ORD00497,M031,1,11.87,11.87
OI00737,ORD00498,M007,3,15.72,47.16
OI00738,ORD00498,M025,1,5.42,5.42
OI00739,ORD00499,M009,3,22.04,66.12
OI00740,ORD00500,M012,3,11.68,35.04
OI00741,ORD00501,M035,2,15.54,31.08
OI00742,ORD00501,M025,3,5.42,16.26
OI00743,ORD00502,M048,2,5.64,11.28
OI00744,ORD00502,M039,1,20.39,20.39
OI00745,ORD00503,M046,3,18.37,55.11
OI00746,ORD00504,M016,2,6.75,13.5
OI00747,ORD00504,M028,1,10.31,10.31
OI00748,ORD00505,M030,3,20.38,61.14
OI00749,ORD00506,M018,2,6.4,12.8
OI00750,ORD00506,M025,1,5.42,5.42
OI00751,ORD00507,M018,3,6.4,19.2
OI00752,ORD00507,M037,3,11.31,33.93
OI00753,ORD00508,M046,2,18.37,36.74
OI00754,ORD00509,M029,2,21.76,43.52
OI00755,ORD00510,M001,3,6.05,18.15
OI00756,ORD00511,M021,2,23.11,46.22
OI00757,ORD00511,M018,2,6.4,12.8
OI00758,ORD00512,M012,1,11.68,11.68
OI00759,ORD00513,M034,1,17.18,17.18
OI00760,ORD00514,M047,2,12.49,24.98
OI00761,ORD00514,M010,3,8.19,24.57
OI00762,ORD00515,M024,1,20.8,20.8
OI00763,ORD00516,M033,2,9.14,18.28
OI00764,ORD00517,M005,2,23.02,46.04
OI00765,ORD00517,M045,1,14.72,14.72
OI00766,ORD00518,M025,3,5.42,16.26
OI00767,ORD00519,M015,2,13.73,27.46
OI00768,ORD00520,M046,1,18.37,18.37
OI00769,ORD00520,M040,3,15.26,45.78
OI00770,ORD00521,M036,2,21.19,42.38
OI00771,ORD00521,M012,1,11.68,11.68
OI00772,ORD00522,M030,1,20.38,20.38
OI00773,ORD00523,M013,3,9.9,29.7
OI00774,ORD00523,M039,3,20.39,61.17
OI00775,ORD00524,M007,2,15.72,31.44
OI00776,ORD00524,M022,1,6.86,6.86
OI00777,ORD00525,M016,2,6.75,13.5
OI00778,ORD00526,M005,2,23.02,46.04
OI00779,ORD00526,M008,2,11.64,23.28
OI00780,ORD00527,M015,3,13.73,41.19
OI00781,ORD00527,M004,1,7.15,7.15
OI00782,ORD00528,M015,2,13.73,27.46
OI00783,ORD00529,M018,2,6.4,12.8
OI00784,ORD00529,M044,3,22.8,68.4
OI00785,ORD00530,M006,3,5.76,17.28
OI00786,ORD00531,M032,2,21.03,42.06
OI00787,ORD00531,M023,3,7.84,23.52
OI00788,ORD00532,M015,2,13.73,27.46
OI00789,ORD00532,M027,3,16.47,49.41
OI00790,ORD00533,M017,1,16.95,16.95
OI00791,ORD00534,M002,2,6.74,13.48
OI00792,ORD00535,M037,1,11.31,11.31
OI00793,ORD00536,M001,2,6.05,12.1
OI00794,ORD00537,M010,1,8.19,8.19
OI00795,ORD00537,M049,3,20.08,60.24
OI00796,ORD00538,M035,1,15.54,15.54
OI00797,ORD00538,M044,1,22.8,22.8
OI00798,ORD00539,M031,3,11.87,35.61
OI00799,ORD00540,M008,2,11.64,23.28
OI00800,ORD00540,M026,3,23.22,69.66
OI00801,ORD00541,M038,2,12.96,25.92
OI00802,ORD00542,M018,2,6.4,12.8
OI00803,ORD00543,M032,1,21.03,21.03
OI00804,ORD00544,M004,3,7.15,21.45
OI00805,ORD00545,M048,2,5.64,11.28
OI00806,ORD00545,M006,3,5.76,17.28
OI00807,ORD00546,M018,1,6.4,6.4
OI00808,ORD00546,M045,1,14.72,14.72
OI00809,ORD00547,M017,2,16.95,33.9
OI00810,ORD00547,M026,1,23.22,23.22
OI00811,ORD00548,M024,3,20.8,62.4
OI00812,ORD00549,M032,1,21.03,21.03
OI00813,ORD00549,M040,3,15.26,45.78
OI00814,ORD00550,M045,1,14.72,14.72
OI00815,ORD00551,M005,3,23.02,69.06
OI00816,ORD00552,M014,2,5.03,10.06
OI00817,ORD00552,M015,1,13.73,13.73
OI00818,ORD00553,M011,2,11.74,23.48
OI00819,ORD00554,M016,3,6.75,20.25
OI00820,ORD00555,M040,1,15.26,15.26
OI00821,ORD00556,M013,2,9.9,19.8
OI00822,ORD00556,M038,3,12.96,38.88
OI00823,ORD00557,M047,2,12.49,24.98
OI00824,ORD00558,M015,3,13.73,41.19
OI00825,ORD00559,M023,1,7.84,7.84
OI00826,ORD00560,M041,2,18.7,37.4
OI00827,ORD00560,M002,2,6.74,13.48
OI00828,ORD00561,M005,2,23.02,46.04
OI00829,ORD00562,M041,1,18.7,18.7
OI00830,ORD00562,M037,2,11.31,22.62
OI00831,ORD00563,M050,3,8.63,25.89
OI00832,ORD00563,M012,3,11.68,35.04
OI00833,ORD00564,M024,2,20.8,41.6
OI00834,ORD00564,M019,1,11.31,11.31
OI00835,ORD00565,M011,1,11.74,11.74
OI00836,ORD00565,M005,3,23.02,69.06
OI00837,ORD00566,M035,2,15.54,31.08
OI00838,ORD00567,M046,3,18.37,55.11
OI00839,ORD00568,M050,2,8.63,17.26
OI00840,ORD00569,M008,3,11.64,34.92
OI00841,ORD00569,M026,3,23.22,69.66
OI00842,ORD00570,M023,1,7.84,7.84
OI00843,ORD00571,M041,1,18.7,18.7
OI00844,ORD00572,M014,3,5.03,15.09
OI00845,ORD00572,M022,2,6.86,13.72
OI00846,ORD00573,M049,3,20.08,60.24
OI00847,ORD00573,M023,2,7.84,15.68
OI00848,ORD00574,M017,2,16.95,33.9
OI00849,ORD00574,M043,2,18.33,36.66
OI00850,ORD00575,M038,1,12.96,12.96
OI00851,ORD00575,M025,2,5.42,10.84
OI00852,ORD00576,M004,2,7.15,14.3
OI00853,ORD00577,M015,2,13.73,27.46
OI00854,ORD00577,M035,3,15.54,46.62
OI00855,ORD00578,M046,3,18.37,55.11
OI00856,ORD00579,M036,3,21.19,63.57
OI00857,ORD00579,M029,1,21.76,21.76
OI00858,ORD00580,M047,2,12.49,24.98
OI00859,ORD00581,M010,1,8.19,8.19
OI00860,ORD00581,M019,2,11.31,22.62
OI00861,ORD00582,M045,1,14.72,14.72
OI00862,ORD00582,M010,3,8.19,24.57
OI00863,ORD00583,M044,3,22.8,68.4
OI00864,ORD00583,M016,2,6.75,13.5
OI00865,ORD00584,M040,3,15.26,45.78
OI00866,ORD00584,M018,3,6.4,19.2
OI00867,ORD00585,M048,3,5.64,16.92
OI00868,ORD00586,M019,1,11.31,11.31
OI00869,ORD00587,M013,1,9.9,9.9
OI00870,ORD00588,M003,2,13.14,26.28
OI00871,ORD00588,M037,2,11.31,22.62
OI00872,ORD00589,M013,1,9.9,9.9
OI00873,ORD00589,M050,2,8.63,17.26
OI00874,ORD00590,M032,3,21.03,63.09
OI00875,ORD00591,M017,3,16.95,50.85
OI00876,ORD00591,M047,1,12.49,12.49
OI00877,ORD00592,M036,1,21.19,21.19
OI00878,ORD00592,M048,1,5.64,5.64
OI00879,ORD00593,M011,1,11.74,11.74
OI00880,ORD00594,M003,1,13.14,13.14
OI00881,ORD00594,M001,2,6.05,12.1
OI00882,ORD00595,M008,1,11.64,11.64
OI00883,ORD00595,M008,3,11.64,34.92
OI00884,ORD00596,M005,2,23.02,46.04
OI00885,ORD00597,M030,2,20.38,40.76
OI00886,ORD00597,M049,2,20.08,40.16
OI00887,ORD00598,M024,3,20.8,62.4
OI00888,ORD00598,M025,2,5.42,10.84
OI00889,ORD00599,M008,1,11.64,11.64
OI00890,ORD00600,M003,3,13.14,39.42
OI00891,ORD00600,M041,2,18.7,37.4
OI00892,ORD00601,M023,3,7.84,23.52
OI00893,ORD00601,M018,3,6.4,19.2
OI00894,ORD00602,M041,3,18.7,56.1
OI00895,ORD00602,M015,3,13.73,41.19
OI00896,ORD00603,M011,2,11.74,23.48
OI00897,ORD00604,M049,2,20.08,40.16
OI00898,ORD00604,M045,2,14.72,29.44
OI00899,ORD00605,M035,3,15.54,46.62
OI00900,ORD00606,M039,1,20.39,20.39
OI00901,ORD00607,M018,3,6.4,19.2
OI00902,ORD00608,M009,1,22.04,22.04
OI00903,ORD00609,M031,2,11.87,23.74
OI00904,ORD00610,M020,3,13.97,41.91
OI00905,ORD00610,M004,2,7.15,14.3
OI00906,ORD00611,M037,2,11.31,22.62
OI00907,ORD00612,M021,3,23.11,69.33
OI00908,ORD00612,M018,3,6.4,19.2
OI00909,ORD00613,M012,3,11.68,35.04
OI00910,ORD00614,M029,1,21.76,21.76
OI00911,ORD00615,M011,2,11.74,23.48
OI00912,ORD00616,M046,3,18.37,55.11
OI00913,ORD00617,M044,3,22.8,68.4
OI00914,ORD00617,M008,2,11.64,23.28
OI00915,ORD00618,M047,3,12.49,37.47
OI00916,ORD00618,M042,2,17.77,35.54
OI00917,ORD00619,M046,2,18.37,36.74
OI00918,ORD00620,M014,3,5.03,15.09
OI00919,ORD00620,M035,2,15.54,31.08
OI00920,ORD00621,M018,2,6.4,12.8
OI00921,ORD00622,M022,3,6.86,20.58
OI00922,ORD00622,M038,3,12.96,38.88
OI00923,ORD00623,M036,2,21.19,42.38
OI00924,ORD00624,M037,2,11.31,22.62
OI00925,ORD00625,M025,1,5.42,5.42
OI00926,ORD00625,M024,3,20.8,62.4
OI00927,ORD00626,M038,2,12.96,25.92
OI00928,ORD00626,M042,1,17.77,17.77
OI00929,ORD00627,M007,3,15.72,47.16
OI00930,ORD00628,M039,2,20.39,40.78
OI00931,ORD00629,M043,1,18.33,18.33
OI00932,ORD00630,M049,1,20.08,20.08
OI00933,ORD00631,M017,2,16.95,33.9
OI00934,ORD00631,M009,3,22.04,66.12
OI00935,ORD00632,M046,2,18.37,36.74
OI00936,ORD00633,M036,1,21.19,21.19
OI00937,ORD00633,M012,1,11.68,11.68
OI00938,ORD00634,M045,1,14.72,14.72
OI00939,ORD00634,M040,1,15.26,15.26
OI00940,ORD00635,M049,3,20.08,60.24
OI00941,ORD00635,M050,3,8.63,25.89
OI00942,ORD00636,M010,1,8.19,8.19
OI00943,ORD00637,M015,2,13.73,27.46
OI00944,ORD00637,M039,3,20.39,61.17
OI00945,ORD00638,M001,2,6.05,12.1
OI00946,ORD00638,M030,2,20.38,40.76
OI00947,ORD00639,M036,2,21.19,42.38
OI00948,ORD00639,M001,1,6.05,6.05
OI00949,ORD00640,M011,1,11.74,11.74
OI00950,ORD00640,M039,2,20.39,40.78
OI00951,ORD00641,M038,1,12.96,12.96
OI00952,ORD00641,M002,1,6.74,6.74
OI00953,ORD00642,M035,2,15.54,31.08
OI00954,ORD00642,M031,2,11.87,23.74
OI00955,ORD00643,M044,1,22.8,22.8
OI00956,ORD00643,M040,3,15.26,45.78
OI00957,ORD00644,M039,1,20.39,20.39
OI00958,ORD00644,M030,1,20.38,20.38
OI00959,ORD00645,M015,1,13.73,13.73
OI00960,ORD00646,M040,2,15.26,30.52
OI00961,ORD00647,M015,1,13.73,13.73
OI00962,ORD00648,M038,1,12.96,12.96
OI00963,ORD00648,M013,3,9.9,29.7
OI00964,ORD00649,M029,3,21.76,65.28
OI00965,ORD00650,M023,1,7.84,7.84
OI00966,ORD00651,M023,3,7.84,23.52
OI00967,ORD00652,M023,2,7.84,15.68
OI00968,ORD00652,M016,1,6.75,6.75
OI00969,ORD00653,M005,3,23.02,69.06
OI00970,ORD00653,M027,2,16.47,32.94
OI00971,ORD00654,M025,3,5.42,16.26
OI00972,ORD00655,M013,3,9.9,29.7
OI00973,ORD00655,M023,1,7.84,7.84
OI00974,ORD00656,M039,1,20.39,20.39
OI00975,ORD00656,M013,3,9.9,29.7
OI00976,ORD00657,M010,3,8.19,24.57
OI00977,ORD00657,M005,1,23.02,23.02
OI00978,ORD00658,M020,3,13.97,41.91
OI00979,ORD00659,M002,2,6.74,13.48
OI00980,ORD00659,M046,2,18.37,36.74
OI00981,ORD00660,M011,3,11.74,35.22
OI00982,ORD00661,M018,3,6.4,19.2
OI00983,ORD00662,M032,3,21.03,63.09
OI00984,ORD00662,M032,3,21.03,63.09
OI00985,ORD00663,M012,3,11.68,35.04
OI00986,ORD00663,M038,2,12.96,25.92
OI00987,ORD00664,M025,2,5.42,10.84
OI00988,ORD00665,M035,2,15.54,31.08
OI00989,ORD00666,M032,1,21.03,21.03
OI00990,ORD00667,M020,2,13.97,27.94
OI00991,ORD00668,M044,3,22.8,68.4
OI00992,ORD00669,M009,3,22.04,66.12
OI00993,ORD00670,M042,3,17.77,53.31
OI00994,ORD00671,M043,3,18.33,54.99
OI00995,ORD00672,M036,1,21.19,21.19
OI00996,ORD00673,M004,3,7.15,21.45
OI00997,ORD00673,M025,3,5.42,16.26
OI00998,ORD00674,M002,2,6.74,13.48
OI00999,ORD00675,M048,2,5.64,11.28
OI01000,ORD00675,M045,1,14.72,14.72
OI01001,ORD00676,M002,1,6.74,6.74
OI01002,ORD00676,M022,3,6.86,20.58
OI01003,ORD00677,M032,1,21.03,21.03
OI01004,ORD00677,M046,2,18.37,36.74
OI01005,ORD00678,M050,2,8.63,17.26
OI01006,ORD00678,M033,1,9.14,9.14
OI01007,ORD00679,M019,2,11.31,22.62
OI01008,ORD00679,M031,3,11.87,35.61
OI01009,ORD00680,M028,1,10.31,10.31
OI01010,ORD00680,M033,2,9.14,18.28
OI01011,ORD00681,M007,2,15.72,31.44
OI01012,ORD00681,M033,1,9.14,9.14
OI01013,ORD00682,M039,1,20.39,20.39
OI01014,ORD00683,M011,1,11.74,11.74
OI01015,ORD00683,M050,3,8.63,25.89
OI01016,ORD00684,M027,3,16.47,49.41
OI01017,ORD00684,M040,3,15.26,45.78
OI01018,ORD00685,M005,2,23.02,46.04
OI01019,ORD00685,M041,1,18.7,18.7
OI01020,ORD00686,M015,2,13.73,27.46
OI01021,ORD00687,M034,3,17.18,51.54
OI01022,ORD00688,M007,1,15.72,15.72
OI01023,ORD00688,M002,3,6.74,20.22
OI01024,ORD00689,M018,3,6.4,19.2
OI01025,ORD00689,M015,3,13.73,41.19
OI01026,ORD00690,M003,2,13.14,26.28
OI01027,ORD00690,M020,1,13.97,13.97
OI01028,ORD00691,M012,2,11.68,23.36
OI01029,ORD00691,M003,3,13.14,39.42
OI01030,ORD00692,M008,2,11.64,23.28
OI01031,ORD00692,M023,1,7.84,7.84
OI01032,ORD00693,M001,3,6.05,18.15
OI01033,ORD00694,M026,2,23.22,46.44
OI01034,ORD00694,M014,2,5.03,10.06
OI01035,ORD00695,M041,1,18.7,18.7
OI01036,ORD00695,M007,3,15.72,47.16
OI01037,ORD00696,M009,1,22.04,22.04
OI01038,ORD00697,M011,2,11.74,23.48
OI01039,ORD00698,M041,1,18.7,18.7
OI01040,ORD00699,M050,1,8.63,8.63
OI01041,ORD00699,M050,3,8.63,25.89
OI01042,ORD00700,M003,3,13.14,39.42
OI01043,ORD00701,M032,2,21.03,42.06
OI01044,ORD00702,M049,1,20.08,20.08
OI01045,ORD00703,M003,3,13.14,39.42
OI01046,ORD00703,M030,3,20.38,61.14
OI01047,ORD00704,M023,3,7.84,23.52
OI01048,ORD00704,M017,3,16.95,50.85
OI01049,ORD00705,M042,3,17.77,53.31
OI01050,ORD00706,M016,2,6.75,13.5
OI01051,ORD00707,M029,1,21.76,21.76
OI01052,ORD00707,M043,3,18.33,54.99
OI01053,ORD00708,M026,2,23.22,46.44
OI01054,ORD00708,M033,3,9.14,27.42
OI01055,ORD00709,M040,2,15.26,30.52
OI01056,ORD00709,M002,2,6.74,13.48
OI01057,ORD00710,M019,2,11.31,22.62
OI01058,ORD00710,M033,1,9.14,9.14
OI01059,ORD00711,M037,1,11.31,11.31
OI01060,ORD00712,M019,1,11.31,11.31
OI01061,ORD00713,M010,3,8.19,24.57
OI01062,ORD00714,M012,2,11.68,23.36
OI01063,ORD00714,M001,1,6.05,6.05
OI01064,ORD00715,M023,3,7.84,23.52
OI01065,ORD00715,M037,1,11.31,11.31
OI01066,ORD00716,M032,1,21.03,21.03
OI01067,ORD00716,M017,1,16.95,16.95
OI01068,ORD00717,M007,2,15.72,31.44
OI01069,ORD00717,M045,1,14.72,14.72
OI01070,ORD00718,M032,3,21.03,63.09
OI01071,ORD00718,M011,3,11.74,35.22
OI01072,ORD00719,M037,3,11.31,33.93
OI01073,ORD00719,M012,1,11.68,11.68
OI01074,ORD00720,M016,1,6.75,6.75
OI01075,ORD00720,M007,1,15.72,15.72
OI01076,ORD00721,M037,2,11.31,22.62
OI01077,ORD00722,M029,2,21.76,43.52
OI01078,ORD00723,M001,1,6.05,6.05
OI01079,ORD00724,M039,3,20.39,61.17
OI01080,ORD00724,M011,2,11.74,23.48
OI01081,ORD00725,M002,3,6.74,20.22
OI01082,ORD00725,M007,1,15.72,15.72
OI01083,ORD00726,M039,2,20.39,40.78
OI01084,ORD00727,M014,1,5.03,5.03
OI01085,ORD00728,M031,1,11.87,11.87
OI01086,ORD00729,M047,2,12.49,24.98
OI01087,ORD00729,M042,2,17.77,35.54
OI01088,ORD00730,M005,1,23.02,23.02
OI01089,ORD00730,M025,2,5.42,10.84
OI01090,ORD00731,M036,2,21.19,42.38
OI01091,ORD00732,M024,1,20.8,20.8
OI01092,ORD00733,M048,1,5.64,5.64
OI01093,ORD00734,M039,2,20.39,40.78
OI01094,ORD00734,M039,1,20.39,20.39
OI01095,ORD00735,M038,3,12.96,38.88
OI01096,ORD00736,M035,1,15.54,15.54
OI01097,ORD00736,M026,2,23.22,46.44
OI01098,ORD00737,M023,2,7.84,15.68
OI01099,ORD00737,M040,1,15.26,15.26
OI01100,ORD00738,M009,3,22.04,66.12
OI01101,ORD00738,M049,1,20.08,20.08
OI01102,ORD00739,M040,1,15.26,15.26
OI01103,ORD00740,M050,3,8.63,25.89
OI01104,ORD00741,M002,1,6.74,6.74
OI01105,ORD00741,M049,1,20.08,20.08
OI01106,ORD00742,M035,1,15.54,15.54
OI01107,ORD00743,M010,2,8.19,16.38
OI01108,ORD00744,M030,1,20.38,20.38
OI01109,ORD00744,M008,1,11.64,11.64
OI01110,ORD00745,M025,1,5.42,5.42
OI01111,ORD00746,M050,1,8.63,8.63
OI01112,ORD00746,M046,3,18.37,55.11
OI01113,ORD00747,M022,3,6.86,20.58
OI01114,ORD00748,M012,1,11.68,11.68
OI01115,ORD00748,M028,2,10.31,20.62
OI01116,ORD00749,M032,1,21.03,21.03
OI01117,ORD00750,M049,2,20.08,40.16
OI01118,ORD00751,M026,2,23.22,46.44
OI01119,ORD00751,M040,3,15.26,45.78
OI01120,ORD00752,M020,1,13.97,13.97
OI01121,ORD00753,M048,1,5.64,5.64
OI01122,ORD00753,M010,3,8.19,24.57
OI01123,ORD00754,M017,1,16.95,16.95
OI01124,ORD00754,M022,1,6.86,6.86
OI01125,ORD00755,M024,1,20.8,20.8
OI01126,ORD00756,M050,3,8.63,25.89
OI01127,ORD00757,M032,1,21.03,21.03
OI01128,ORD00757,M005,3,23.02,69.06
OI01129,ORD00758,M016,3,6.75,20.25
OI01130,ORD00759,M014,2,5.03,10.06
OI01131,ORD00759,M044,3,22.8,68.4
OI01132,ORD00760,M049,3,20.08,60.24
OI01133,ORD00760,M041,2,18.7,37.4
OI01134,ORD00761,M032,3,21.03,63.09
OI01135,ORD00762,M042,3,17.77,53.31
OI01136,ORD00762,M016,3,6.75,20.25
OI01137,ORD00763,M022,2,6.86,13.72
OI01138,ORD00763,M038,3,12.96,38.88
OI01139,ORD00764,M001,2,6.05,12.1
OI01140,ORD00764,M030,3,20.38,61.14
OI01141,ORD00765,M046,1,18.37,18.37
OI01142,ORD00766,M040,3,15.26,45.78
OI01143,ORD00767,M045,3,14.72,44.16
OI01144,ORD00767,M019,1,11.31,11.31
OI01145,ORD00768,M004,2,7.15,14.3
OI01146,ORD00769,M020,3,13.97,41.91
OI01147,ORD00769,M001,2,6.05,12.1
OI01148,ORD00770,M049,2,20.08,40.16
OI01149,ORD00770,M014,1,5.03,5.03
OI01150,ORD00771,M045,1,14.72,14.72
OI01151,ORD00771,M031,3,11.87,35.61
OI01152,ORD00772,M035,1,15.54,15.54
OI01153,ORD00772,M029,1,21.76,21.76
OI01154,ORD00773,M041,2,18.7,37.4
OI01155,ORD00774,M018,2,6.4,12.8
OI01156,ORD00774,M013,3,9.9,29.7
OI01157,ORD00775,M016,2,6.75,13.5
OI01158,ORD00775,M013,1,9.9,9.9
OI01159,ORD00776,M006,2,5.76,11.52
OI01160,ORD00777,M001,1,6.05,6.05
OI01161,ORD00778,M010,3,8.19,24.57
OI01162,ORD00779,M041,1,18.7,18.7
OI01163,ORD00780,M042,2,17.77,35.54
OI01164,ORD00780,M005,2,23.02,46.04
OI01165,ORD00781,M048,1,5.64,5.64
OI01166,ORD00781,M045,1,14.72,14.72
OI01167,ORD00782,M040,1,15.26,15.26
OI01168,ORD00783,M004,2,7.15,14.3
OI01169,ORD00783,M023,3,7.84,23.52
OI01170,ORD00784,M016,3,6.75,20.25
OI01171,ORD00784,M010,2,8.19,16.38
OI01172,ORD00785,M044,3,22.8,68.4
OI01173,ORD00786,M049,1,20.08,20.08
OI01174,ORD00786,M016,1,6.75,6.75
OI01175,ORD00787,M035,1,15.54,15.54
OI01176,ORD00788,M009,2,22.04,44.08
OI01177,ORD00789,M031,2,11.87,23.74
OI01178,ORD00789,M047,2,12.49,24.98
OI01179,ORD00790,M015,2,13.73,27.46
OI01180,ORD00791,M016,1,6.75,6.75
OI01181,ORD00792,M015,2,13.73,27.46
OI01182,ORD00793,M017,1,16.95,16.95
OI01183,ORD00793,M014,3,5.03,15.09
OI01184,ORD00794,M045,3,14.72,44.16
OI01185,ORD00795,M017,1,16.95,16.95
OI01186,ORD00796,M045,2,14.72,29.44
OI01187,ORD00797,M029,3,21.76,65.28
OI01188,ORD00797,M015,3,13.73,41.19
OI01189,ORD00798,M020,1,13.97,13.97
OI01190,ORD00799,M032,1,21.03,21.03
OI01191,ORD00800,M003,2,13.14,26.28
OI01192,ORD00801,M021,1,23.11,23.11
OI01193,ORD00802,M027,1,16.47,16.47
OI01194,ORD00803,M044,2,22.8,45.6
OI01195,ORD00804,M044,1,22.8,22.8
OI01196,ORD00805,M050,3,8.63,25.89
OI01197,ORD00805,M009,3,22.04,66.12
OI01198,ORD00806,M015,2,13.73,27.46
OI01199,ORD00806,M031,2,11.87,23.74
OI01200,ORD00807,M046,2,18.37,36.74
OI01201,ORD00808,M040,1,15.26,15.26
OI01202,ORD00809,M043,1,18.33,18.33
OI01203,ORD00810,M014,3,5.03,15.09
OI01204,ORD00811,M021,1,23.11,23.11
OI01205,ORD00812,M026,3,23.22,69.66
OI01206,ORD00812,M019,3,11.31,33.93
OI01207,ORD00813,M005,3,23.02,69.06
OI01208,ORD00814,M023,1,7.84,7.84
OI01209,ORD00815,M002,3,6.74,20.22
OI01210,ORD00815,M024,1,20.8,20.8
OI01211,ORD00816,M035,1,15.54,15.54
OI01212,ORD00817,M033,2,9.14,18.28
OI01213,ORD00818,M009,2,22.04,44.08
OI01214,ORD00819,M023,3,7.84,23.52
OI01215,ORD00820,M042,1,17.77,17.77
OI01216,ORD00820,M040,3,15.26,45.78
OI01217,ORD00821,M024,2,20.8,41.6
OI01218,ORD00822,M033,3,9.14,27.42
OI01219,ORD00822,M014,3,5.03,15.09
OI01220,ORD00823,M008,2,11.64,23.28
OI01221,ORD00824,M030,1,20.38,20.38
OI01222,ORD00824,M015,3,13.73,41.19
OI01223,ORD00825,M050,3,8.63,25.89
OI01224,ORD00825,M004,1,7.15,7.15
OI01225,ORD00826,M047,3,12.49,37.47
OI01226,ORD00827,M010,2,8.19,16.38
OI01227,ORD00827,M019,2,11.31,22.62
OI01228,ORD00828,M019,2,11.31,22.62
OI01229,ORD00829,M024,3,20.8,62.4
OI01230,ORD00829,M018,3,6.4,19.2
OI01231,ORD00830,M048,2,5.64,11.28
OI01232,ORD00831,M037,1,11.31,11.31
OI01233,ORD00832,M002,1,6.74,6.74
OI01234,ORD00833,M015,2,13.73,27.46
OI01235,ORD00834,M008,3,11.64,34.92
OI01236,ORD00834,M047,3,12.49,37.47
OI01237,ORD00835,M021,3,23.11,69.33
OI01238,ORD00835,M050,1,8.63,8.63
OI01239,ORD00836,M011,2,11.74,23.48
OI01240,ORD00837,M041,1,18.7,18.7
OI01241,ORD00838,M018,2,6.4,12.8
OI01242,ORD00838,M030,1,20.38,20.38
OI01243,ORD00839,M038,3,12.96,38.88
OI01244,ORD00840,M045,3,14.72,44.16
OI01245,ORD00840,M037,1,11.31,11.31
OI01246,ORD00841,M037,3,11.31,33.93
OI01247,ORD00841,M032,1,21.03,21.03
OI01248,ORD00842,M020,1,13.97,13.97
OI01249,ORD00843,M048,2,5.64,11.28
OI01250,ORD00844,M006,3,5.76,17.28
OI01251,ORD00845,M028,3,10.31,30.93
OI01252,ORD00845,M018,2,6.4,12.8
OI01253,ORD00846,M021,2,23.11,46.22
OI01254,ORD00847,M005,2,23.02,46.04
OI01255,ORD00847,M002,3,6.74,20.22
OI01256,ORD00848,M041,3,18.7,56.1
OI01257,ORD00848,M003,2,13.14,26.28
OI01258,ORD00849,M026,3,23.22,69.66
OI01259,ORD00850,M021,1,23.11,23.11
OI01260,ORD00850,M001,1,6.05,6.05
OI01261,ORD00851,M030,3,20.38,61.14
OI01262,ORD00851,M048,2,5.64,11.28
OI01263,ORD00852,M034,3,17.18,51.54
OI01264,ORD00852,M005,2,23.02,46.04
OI01265,ORD00853,M016,2,6.75,13.5
OI01266,ORD00853,M014,2,5.03,10.06
OI01267,ORD00854,M021,3,23.11,69.33
OI01268,ORD00855,M031,2,11.87,23.74
OI01269,ORD00856,M023,2,7.84,15.68
OI01270,ORD00856,M033,1,9.14,9.14
OI01271,ORD00857,M039,3,20.39,61.17
OI01272,ORD00858,M038,1,12.96,12.96
OI01273,ORD00859,M027,3,16.47,49.41
OI01274,ORD00860,M022,2,6.86,13.72
OI01275,ORD00861,M026,3,23.22,69.66
OI01276,ORD00861,M008,2,11.64,23.28
OI01277,ORD00862,M015,2,13.73,27.46
OI01278,ORD00862,M002,1,6.74,6.74
OI01279,ORD00863,M045,2,14.72,29.44
OI01280,ORD00864,M039,3,20.39,61.17
OI01281,ORD00864,M015,3,13.73,41.19
OI01282,ORD00865,M014,2,5.03,10.06
OI01283,ORD00865,M046,2,18.37,36.74
OI01284,ORD00866,M030,2,20.38,40.76
OI01285,ORD00866,M030,1,20.38,20.38
OI01286,ORD00867,M008,3,11.64,34.92
OI01287,ORD00867,M017,3,16.95,50.85
OI01288,ORD00868,M027,2,16.47,32.94
OI01289,ORD00868,M003,3,13.14,39.42
OI01290,ORD00869,M017,3,16.95,50.85
OI01291,ORD00870,M033,2,9.14,18.28
OI01292,ORD00871,M021,1,23.11,23.11
OI01293,ORD00872,M047,1,12.49,12.49
OI01294,ORD00873,M046,3,18.37,55.11
OI01295,ORD00873,M047,3,12.49,37.47
OI01296,ORD00874,M001,2,6.05,12.1
OI01297,ORD00874,M045,1,14.72,14.72
OI01298,ORD00875,M042,2,17.77,35.54
OI01299,ORD00876,M011,3,11.74,35.22
OI01300,ORD00876,M010,1,8.19,8.19
OI01301,ORD00877,M047,2,12.49,24.98
OI01302,ORD00877,M050,2,8.63,17.26
OI01303,ORD00878,M002,1,6.74,6.74
OI01304,ORD00878,M032,3,21.03,63.09
OI01305,ORD00879,M039,1,20.39,20.39
OI01306,ORD00879,M018,2,6.4,12.8
OI01307,ORD00880,M032,2,21.03,42.06
OI01308,ORD00880,M040,1,15.26,15.26
OI01309,ORD00881,M039,2,20.39,40.78
OI01310,ORD00882,M042,1,17.77,17.77
OI01311,ORD00882,M005,2,23.02,46.04
OI01312,ORD00883,M021,3,23.11,69.33
OI01313,ORD00883,M021,1,23.11,23.11
OI01314,ORD00884,M045,2,14.72,29.44
OI01315,ORD00884,M035,1,15.54,15.54
OI01316,ORD00885,M015,2,13.73,27.46
OI01317,ORD00886,M005,1,23.02,23.02
OI01318,ORD00886,M045,2,14.72,29.44
OI01319,ORD00887,M037,1,11.31,11.31
OI01320,ORD00888,M012,1,11.68,11.68
OI01321,ORD00889,M026,2,23.22,46.44
OI01322,ORD00890,M031,2,11.87,23.74
OI01323,ORD00890,M006,1,5.76,5.76
OI01324,ORD00891,M022,3,6.86,20.58
OI01325,ORD00892,M004,3,7.15,21.45
OI01326,ORD00892,M044,1,22.8,22.8
OI01327,ORD00893,M041,2,18.7,37.4
OI01328,ORD00894,M006,2,5.76,11.52
OI01329,ORD00895,M007,3,15.72,47.16
OI01330,ORD00895,M029,1,21.76,21.76
OI01331,ORD00896,M039,1,20.39,20.39
OI01332,ORD00897,M043,3,18.33,54.99
OI01333,ORD00897,M031,2,11.87,23.74
OI01334,ORD00898,M034,1,17.18,17.18
OI01335,ORD00899,M025,2,5.42,10.84
OI01336,ORD00900,M012,3,11.68,35.04
OI01337,ORD00901,M046,3,18.37,55.11
OI01338,ORD00901,M031,1,11.87,11.87
OI01339,ORD00902,M006,1,5.76,5.76
OI01340,ORD00902,M044,3,22.8,68.4
OI01341,ORD00903,M008,3,11.64,34.92
OI01342,ORD00903,M003,2,13.14,26.28
OI01343,ORD00904,M049,3,20.08,60.24
OI01344,ORD00904,M012,3,11.68,35.04
OI01345,ORD00905,M037,3,11.31,33.93
OI01346,ORD00906,M027,2,16.47,32.94
OI01347,ORD00907,M035,2,15.54,31.08
OI01348,ORD00907,M027,3,16.47,49.41
OI01349,ORD00908,M020,3,13.97,41.91
OI01350,ORD00909,M048,2,5.64,11.28
OI01351,ORD00910,M026,3,23.22,69.66
OI01352,ORD00910,M037,3,11.31,33.93
OI01353,ORD00911,M046,3,18.37,55.11
OI01354,ORD00911,M032,1,21.03,21.03
OI01355,ORD00912,M024,2,20.8,41.6
OI01356,ORD00912,M040,1,15.26,15.26
OI01357,ORD00913,M010,3,8.19,24.57
OI01358,ORD00914,M032,1,21.03,21.03
OI01359,ORD00915,M031,3,11.87,35.61
OI01360,ORD00915,M030,1,20.38,20.38
OI01361,ORD00916,M004,3,7.15,21.45
OI01362,ORD00917,M042,1,17.77,17.77
OI01363,ORD00918,M048,1,5.64,5.64
OI01364,ORD00918,M040,3,15.26,45.78
OI01365,ORD00919,M040,1,15.26,15.26
OI01366,ORD00919,M003,2,13.14,26.28
OI01367,ORD00920,M022,1,6.86,6.86
OI01368,ORD00920,M012,1,11.68,11.68
OI01369,ORD00921,M023,3,7.84,23.52
OI01370,ORD00922,M030,3,20.38,61.14
OI01371,ORD00922,M026,1,23.22,23.22
OI01372,ORD00923,M041,1,18.7,18.7
OI01373,ORD00923,M003,3,13.14,39.42
OI01374,ORD00924,M028,3,10.31,30.93
OI01375,ORD00925,M043,2,18.33,36.66
OI01376,ORD00925,M044,2,22.8,45.6
OI01377,ORD00926,M038,2,12.96,25.92
OI01378,ORD00926,M030,2,20.38,40.76
OI01379,ORD00927,M016,1,6.75,6.75
OI01380,ORD00928,M038,3,12.96,38.88
OI01381,ORD00929,M025,3,5.42,16.26
OI01382,ORD00929,M013,3,9.9,29.7
OI01383,ORD00930,M002,2,6.74,13.48
OI01384,ORD00930,M046,3,18.37,55.11
OI01385,ORD00931,M026,3,23.22,69.66
OI01386,ORD00931,M009,2,22.04,44.08
OI01387,ORD00932,M010,3,8.19,24.57
OI01388,ORD00932,M026,1,23.22,23.22
OI01389,ORD00933,M025,3,5.42,16.26
OI01390,ORD00933,M037,1,11.31,11.31
OI01391,ORD00934,M010,3,8.19,24.57
OI01392,ORD00935,M037,1,11.31,11.31
OI01393,ORD00936,M002,2,6.74,13.48
OI01394,ORD00936,M006,1,5.76,5.76
OI01395,ORD00937,M046,1,18.37,18.37
OI01396,ORD00938,M047,1,12.49,12.49
OI01397,ORD00939,M043,3,18.33,54.99
OI01398,ORD00940,M033,3,9.14,27.42
OI01399,ORD00940,M004,1,7.15,7.15
OI01400,ORD00941,M022,3,6.86,20.58
OI01401,ORD00942,M017,1,16.95,16.95
OI01402,ORD00943,M036,2,21.19,42.38
OI01403,ORD00943,M013,1,9.9,9.9
OI01404,ORD00944,M050,3,8.63,25.89
OI01405,ORD00944,M018,3,6.4,19.2
OI01406,ORD00945,M001,3,6.05,18.15
OI01407,ORD00945,M024,2,20.8,41.6
OI01408,ORD00946,M006,3,5.76,17.28
OI01409,ORD00946,M045,2,14.72,29.44
OI01410,ORD00947,M035,3,15.54,46.62
OI01411,ORD00948,M044,2,22.8,45.6
OI01412,ORD00949,M016,1,6.75,6.75
OI01413,ORD00950,M004,3,7.15,21.45
OI01414,ORD00950,M040,2,15.26,30.52
OI01415,ORD00951,M020,3,13.97,41.91
OI01416,ORD00952,M004,2,7.15,14.3
OI01417,ORD00953,M007,2,15.72,31.44
OI01418,ORD00954,M043,1,18.33,18.33
OI01419,ORD00955,M001,3,6.05,18.15
OI01420,ORD00955,M017,2,16.95,33.9
OI01421,ORD00956,M017,1,16.95,16.95
OI01422,ORD00957,M041,3,18.7,56.1
OI01423,ORD00957,M035,1,15.54,15.54
OI01424,ORD00958,M018,2,6.4,12.8
OI01425,ORD00959,M023,1,7.84,7.84
OI01426,ORD00959,M024,1,20.8,20.8
OI01427,ORD00960,M002,3,6.74,20.22
OI01428,ORD00960,M009,1,22.04,22.04
OI01429,ORD00961,M043,2,18.33,36.66
OI01430,ORD00961,M049,2,20.08,40.16
OI01431,ORD00962,M008,3,11.64,34.92
OI01432,ORD00962,M044,3,22.8,68.4
OI01433,ORD00963,M006,1,5.76,5.76
OI01434,ORD00964,M049,3,20.08,60.24
OI01435,ORD00964,M042,3,17.77,53.31
OI01436,ORD00965,M026,2,23.22,46.44
OI01437,ORD00965,M016,2,6.75,13.5
OI01438,ORD00966,M036,3,21.19,63.57
OI01439,ORD00967,M045,3,14.72,44.16
OI01440,ORD00967,M034,1,17.18,17.18
OI01441,ORD00968,M050,1,8.63,8.63
OI01442,ORD00968,M040,3,15.26,45.78
OI01443,ORD00969,M007,2,15.72,31.44
OI01444,ORD00969,M031,2,11.87,23.74
OI01445,ORD00970,M028,1,10.31,10.31
OI01446,ORD00970,M044,2,22.8,45.6
OI01447,ORD00971,M048,3,5.64,16.92
OI01448,ORD00971,M011,3,11.74,35.22
OI01449,ORD00972,M001,2,6.05,12.1
OI01450,ORD00973,M037,1,11.31,11.31
OI01451,ORD00973,M033,3,9.14,27.42
OI01452,ORD00974,M013,3,9.9,29.7
OI01453,ORD00975,M046,2,18.37,36.74
OI01454,ORD00975,M017,2,16.95,33.9
OI01455,ORD00976,M012,3,11.68,35.04
OI01456,ORD00976,M009,1,22.04,22.04
OI01457,ORD00977,M014,1,5.03,5.03
OI01458,ORD00978,M014,1,5.03,5.03
OI01459,ORD00978,M001,2,6.05,12.1
OI01460,ORD00979,M005,1,23.02,23.02
OI01461,ORD00979,M045,3,14.72,44.16
OI01462,ORD00980,M038,3,12.96,38.88
OI01463,ORD00980,M031,3,11.87,35.61
OI01464,ORD00981,M049,3,20.08,60.24
OI01465,ORD00981,M037,2,11.31,22.62
OI01466,ORD00982,M049,1,20.08,20.08
OI01467,ORD00982,M020,1,13.97,13.97
OI01468,ORD00983,M001,2,6.05,12.1
OI01469,ORD00984,M029,1,21.76,21.76
OI01470,ORD00985,M005,2,23.02,46.04
OI01471,ORD00986,M029,1,21.76,21.76
OI01472,ORD00987,M029,2,21.76,43.52
OI01473,ORD00988,M031,2,11.87,23.74
OI01474,ORD00988,M019,1,11.31,11.31
OI01475,ORD00989,M037,2,11.31,22.62
OI01476,ORD00989,M006,2,5.76,11.52
OI01477,ORD00990,M040,3,15.26,45.78
OI01478,ORD00991,M021,3,23.11,69.33
OI01479,ORD00992,M038,1,12.96,12.96
OI01480,ORD00992,M014,1,5.03,5.03
OI01481,ORD00993,M036,3,21.19,63.57
OI01482,ORD00994,M015,3,13.73,41.19
OI01483,ORD00995,M022,1,6.86,6.86
OI01484,ORD00996,M030,2,20.38,40.76
OI01485,ORD00997,M020,1,13.97,13.97
OI01486,ORD00997,M018,2,6.4,12.8
OI01487,ORD00998,M032,1,21.03,21.03
OI01488,ORD00998,M007,3,15.72,47.16
OI01489,ORD00999,M017,2,16.95,33.9
OI01490,ORD01000,M023,3,7.84,23.52
OI01491,ORD01001,M001,1,6.05,6.05
OI01492,ORD01002,M001,1,6.05,6.05
OI01493,ORD01002,M026,3,23.22,69.66
OI01494,ORD01003,M007,2,15.72,31.44
OI01495,ORD01004,M036,1,21.19,21.19
OI01496,ORD01004,M037,1,11.31,11.31
OI01497,ORD01005,M042,3,17.77,53.31
OI01498,ORD01005,M042,2,17.77,35.54
OI01499,ORD01006,M046,2,18.37,36.74
OI01500,ORD01007,M017,1,16.95,16.95
OI01501,ORD01007,M018,1,6.4,6.4
OI01502,ORD01008,M019,2,11.31,22.62
OI01503,ORD01009,M049,3,20.08,60.24
OI01504,ORD01010,M013,3,9.9,29.7
OI01505,ORD01010,M039,3,20.39,61.17
OI01506,ORD01011,M011,3,11.74,35.22
OI01507,ORD01012,M040,1,15.26,15.26
OI01508,ORD01012,M037,3,11.31,33.93
OI01509,ORD01013,M005,3,23.02,69.06
OI01510,ORD01014,M022,3,6.86,20.58
OI01511,ORD01014,M044,3,22.8,68.4
OI01512,ORD01015,M044,2,22.8,45.6
OI01513,ORD01015,M049,1,20.08,20.08
OI01514,ORD01016,M011,1,11.74,11.74
OI01515,ORD01017,M033,1,9.14,9.14
OI01516,ORD01018,M021,1,23.11,23.11
OI01517,ORD01019,M034,3,17.18,51.54
OI01518,ORD01020,M026,2,23.22,46.44
OI01519,ORD01021,M015,1,13.73,13.73
OI01520,ORD01022,M001,1,6.05,6.05
OI01521,ORD01022,M048,1,5.64,5.64
OI01522,ORD01023,M015,1,13.73,13.73
OI01523,ORD01023,M035,3,15.54,46.62
OI01524,ORD01024,M016,3,6.75,20.25
OI01525,ORD01025,M038,1,12.96,12.96
OI01526,ORD01025,M036,2,21.19,42.38
OI01527,ORD01026,M018,1,6.4,6.4
OI01528,ORD01026,M005,2,23.02,46.04
OI01529,ORD01027,M028,3,10.31,30.93
OI01530,ORD01027,M017,3,16.95,50.85
OI01531,ORD01028,M003,2,13.14,26.28
OI01532,ORD01029,M044,1,22.8,22.8
OI01533,ORD01030,M011,2,11.74,23.48
OI01534,ORD01030,M012,1,11.68,11.68
OI01535,ORD01031,M010,2,8.19,16.38
OI01536,ORD01032,M015,2,13.73,27.46
OI01537,ORD01032,M008,3,11.64,34.92
OI01538,ORD01033,M016,2,6.75,13.5
OI01539,ORD01033,M009,1,22.04,22.04
OI01540,ORD01034,M034,3,17.18,51.54
OI01541,ORD01034,M039,2,20.39,40.78
OI01542,ORD01035,M003,3,13.14,39.42
OI01543,ORD01035,M045,3,14.72,44.16
OI01544,ORD01036,M037,2,11.31,22.62
OI01545,ORD01037,M010,2,8.19,16.38
OI01546,ORD01038,M012,2,11.68,23.36
OI01547,ORD01038,M041,2,18.7,37.4
OI01548,ORD01039,M034,2,17.18,34.36
OI01549,ORD01040,M049,1,20.08,20.08
OI01550,ORD01040,M046,2,18.37,36.74
OI01551,ORD01041,M039,3,20.39,61.17
OI01552,ORD01042,M044,1,22.8,22.8
OI01553,ORD01042,M036,1,21.19,21.19
OI01554,ORD01043,M021,2,23.11,46.22
OI01555,ORD01044,M045,2,14.72,29.44
OI01556,ORD01044,M004,3,7.15,21.45
OI01557,ORD01045,M045,1,14.72,14.72
OI01558,ORD01045,M015,3,13.73,41.19
OI01559,ORD01046,M042,3,17.77,53.31
OI01560,ORD01046,M046,3,18.37,55.11
OI01561,ORD01047,M016,1,6.75,6.75
OI01562,ORD01047,M048,2,5.64,11.28
OI01563,ORD01048,M042,2,17.77,35.54
OI01564,ORD01049,M032,2,21.03,42.06
OI01565,ORD01049,M003,3,13.14,39.42
OI01566,ORD01050,M026,3,23.22,69.66
OI01567,ORD01050,M043,1,18.33,18.33
OI01568,ORD01051,M048,3,5.64,16.92
OI01569,ORD01052,M023,1,7.84,7.84
OI01570,ORD01053,M011,2,11.74,23.48
OI01571,ORD01053,M032,2,21.03,42.06
OI01572,ORD01054,M045,3,14.72,44.16
OI01573,ORD01055,M038,1,12.96,12.96
OI01574,ORD01056,M046,2,18.37,36.74
OI01575,ORD01056,M004,2,7.15,14.3
OI01576,ORD01057,M035,2,15.54,31.08
OI01577,ORD01058,M019,2,11.31,22.62
OI01578,ORD01058,M047,1,12.49,12.49
OI01579,ORD01059,M016,2,6.75,13.5
OI01580,ORD01060,M015,1,13.73,13.73
OI01581,ORD01061,M034,1,17.18,17.18
OI01582,ORD01061,M013,2,9.9,19.8
OI01583,ORD01062,M015,2,13.73,27.46
OI01584,ORD01062,M017,2,16.95,33.9
OI01585,ORD01063,M027,2,16.47,32.94
OI01586,ORD01063,M033,2,9.14,18.28
OI01587,ORD01064,M008,1,11.64,11.64
OI01588,ORD01065,M008,1,11.64,11.64
OI01589,ORD01065,M042,2,17.77,35.54
OI01590,ORD01066,M034,2,17.18,34.36
OI01591,ORD01066,M031,2,11.87,23.74
OI01592,ORD01067,M036,3,21.19,63.57
OI01593,ORD01068,M002,3,6.74,20.22
OI01594,ORD01069,M002,3,6.74,20.22
OI01595,ORD01069,M016,2,6.75,13.5
OI01596,ORD01070,M021,3,23.11,69.33
OI01597,ORD01071,M002,3,6.74,20.22
OI01598,ORD01071,M024,2,20.8,41.6
OI01599,ORD01072,M004,3,7.15,21.45
OI01600,ORD01072,M020,3,13.97,41.91
OI01601,ORD01073,M037,1,11.31,11.31
OI01602,ORD01073,M033,2,9.14,18.28
OI01603,ORD01074,M037,3,11.31,33.93
OI01604,ORD01075,M010,3,8.19,24.57
OI01605,ORD01075,M049,1,20.08,20.08
OI01606,ORD01076,M020,1,13.97,13.97
OI01607,ORD01076,M043,2,18.33,36.66
OI01608,ORD01077,M045,3,14.72,44.16
OI01609,ORD01077,M021,3,23.11,69.33
OI01610,ORD01078,M035,2,15.54,31.08
OI01611,ORD01079,M042,2,17.77,35.54
OI01612,ORD01080,M048,3,5.64,16.92
OI01613,ORD01081,M043,3,18.33,54.99
OI01614,ORD01082,M041,3,18.7,56.1
OI01615,ORD01083,M039,3,20.39,61.17
OI01616,ORD01084,M041,2,18.7,37.4
OI01617,ORD01085,M017,1,16.95,16.95
OI01618,ORD01085,M040,1,15.26,15.26
OI01619,ORD01086,M043,2,18.33,36.66
OI01620,ORD01087,M021,3,23.11,69.33
OI01621,ORD01088,M037,3,11.31,33.93
OI01622,ORD01089,M013,2,9.9,19.8
OI01623,ORD01089,M049,3,20.08,60.24
OI01624,ORD01090,M027,1,16.47,16.47
OI01625,ORD01090,M010,1,8.19,8.19
OI01626,ORD01091,M015,1,13.73,13.73
OI01627,ORD01091,M046,2,18.37,36.74
OI01628,ORD01092,M015,1,13.73,13.73
OI01629,ORD01093,M027,2,16.47,32.94
OI01630,ORD01094,M022,2,6.86,13.72
OI01631,ORD01095,M007,2,15.72,31.44
OI01632,ORD01096,M026,3,23.22,69.66
OI01633,ORD01096,M043,2,18.33,36.66
OI01634,ORD01097,M039,2,20.39,40.78
OI01635,ORD01097,M021,3,23.11,69.33
OI01636,ORD01098,M035,3,15.54,46.62
OI01637,ORD01099,M023,1,7.84,7.84
OI01638,ORD01099,M050,1,8.63,8.63
OI01639,ORD01100,M004,2,7.15,14.3
OI01640,ORD01101,M040,2,15.26,30.52
OI01641,ORD01102,M050,2,8.63,17.26
OI01642,ORD01103,M010,2,8.19,16.38
OI01643,ORD01104,M025,3,5.42,16.26
OI01644,ORD01105,M048,1,5.64,5.64
OI01645,ORD01105,M022,2,6.86,13.72
OI01646,ORD01106,M012,3,11.68,35.04
OI01647,ORD01106,M021,3,23.11,69.33
OI01648,ORD01107,M023,3,7.84,23.52
OI01649,ORD01107,M049,3,20.08,60.24
OI01650,ORD01108,M028,3,10.31,30.93
OI01651,ORD01109,M013,2,9.9,19.8
OI01652,ORD01110,M021,1,23.11,23.11
OI01653,ORD01110,M039,3,20.39,61.17
OI01654,ORD01111,M014,3,5.03,15.09
OI01655,ORD01112,M042,2,17.77,35.54
OI01656,ORD01113,M050,2,8.63,17.26
OI01657,ORD01113,M015,2,13.73,27.46
OI01658,ORD01114,M038,1,12.96,12.96
OI01659,ORD01114,M006,2,5.76,11.52
OI01660,ORD01115,M029,1,21.76,21.76
OI01661,ORD01115,M040,1,15.26,15.26
OI01662,ORD01116,M040,3,15.26,45.78
OI01663,ORD01117,M039,2,20.39,40.78
OI01664,ORD01117,M041,2,18.7,37.4
OI01665,ORD01118,M044,2,22.8,45.6
OI01666,ORD01119,M021,3,23.11,69.33
OI01667,ORD01120,M042,2,17.77,35.54
OI01668,ORD01121,M021,2,23.11,46.22
OI01669,ORD01122,M013,1,9.9,9.9
OI01670,ORD01123,M049,2,20.08,40.16
OI01671,ORD01124,M030,3,20.38,61.14
OI01672,ORD01124,M002,2,6.74,13.48
OI01673,ORD01125,M020,1,13.97,13.97
OI01674,ORD01126,M018,2,6.4,12.8
OI01675,ORD01126,M034,3,17.18,51.54
OI01676,ORD01127,M029,1,21.76,21.76
OI01677,ORD01127,M035,1,15.54,15.54
OI01678,ORD01128,M040,2,15.26,30.52
OI01679,ORD01128,M044,1,22.8,22.8
OI01680,ORD01129,M020,2,13.97,27.94
OI01681,ORD01129,M013,2,9.9,19.8
OI01682,ORD01130,M007,2,15.72,31.44
OI01683,ORD01131,M029,2,21.76,43.52
OI01684,ORD01131,M015,3,13.73,41.19
OI01685,ORD01132,M021,2,23.11,46.22
OI01686,ORD01132,M020,3,13.97,41.91
OI01687,ORD01133,M040,3,15.26,45.78
OI01688,ORD01134,M016,3,6.75,20.25
OI01689,ORD01134,M033,2,9.14,18.28
OI01690,ORD01135,M028,2,10.31,20.62
OI01691,ORD01136,M031,2,11.87,23.74
OI01692,ORD01136,M025,3,5.42,16.26
OI01693,ORD01137,M042,2,17.77,35.54
OI01694,ORD01138,M036,2,21.19,42.38
OI01695,ORD01139,M004,3,7.15,21.45
OI01696,ORD01140,M023,1,7.84,7.84
OI01697,ORD01141,M014,1,5.03,5.03
OI01698,ORD01141,M017,2,16.95,33.9
OI01699,ORD01142,M011,3,11.74,35.22
OI01700,ORD01142,M008,3,11.64,34.92
OI01701,ORD01143,M015,1,13.73,13.73
OI01702,ORD01143,M033,3,9.14,27.42
OI01703,ORD01144,M047,1,12.49,12.49
OI01704,ORD01145,M016,2,6.75,13.5
OI01705,ORD01146,M017,2,16.95,33.9
OI01706,ORD01146,M029,3,21.76,65.28
OI01707,ORD01147,M037,3,11.31,33.93
OI01708,ORD01147,M003,2,13.14,26.28
OI01709,ORD01148,M023,2,7.84,15.68
OI01710,ORD01148,M013,2,9.9,19.8
OI01711,ORD01149,M014,1,5.03,5.03
OI01712,ORD01150,M046,1,18.37,18.37
OI01713,ORD01151,M006,1,5.76,5.76
OI01714,ORD01152,M003,3,13.14,39.42
OI01715,ORD01153,M041,1,18.7,18.7
OI01716,ORD01153,M038,1,12.96,12.96
OI01717,ORD01154,M030,1,20.38,20.38
OI01718,ORD01155,M049,2,20.08,40.16
OI01719,ORD01156,M037,2,11.31,22.62
OI01720,ORD01157,M005,2,23.02,46.04
OI01721,ORD01158,M029,2,21.76,43.52
OI01722,ORD01158,M008,3,11.64,34.92
OI01723,ORD01159,M040,2,15.26,30.52
OI01724,ORD01159,M011,2,11.74,23.48
OI01725,ORD01160,M027,1,16.47,16.47
OI01726,ORD01161,M012,2,11.68,23.36
OI01727,ORD01162,M041,2,18.7,37.4
OI01728,ORD01163,M039,3,20.39,61.17
OI01729,ORD01164,M025,2,5.42,10.84
OI01730,ORD01165,M030,1,20.38,20.38
OI01731,ORD01166,M019,2,11.31,22.62
OI01732,ORD01166,M008,3,11.64,34.92
OI01733,ORD01167,M006,3,5.76,17.28
OI01734,ORD01168,M024,1,20.8,20.8
OI01735,ORD01168,M016,2,6.75,13.5
OI01736,ORD01169,M005,2,23.02,46.04
OI01737,ORD01169,M035,3,15.54,46.62
OI01738,ORD01170,M022,2,6.86,13.72
OI01739,ORD01170,M030,2,20.38,40.76
OI01740,ORD01171,M034,2,17.18,34.36
OI01741,ORD01171,M001,1,6.05,6.05
OI01742,ORD01172,M034,3,17.18,51.54
OI01743,ORD01172,M026,1,23.22,23.22
OI01744,ORD01173,M014,3,5.03,15.09
OI01745,ORD01174,M041,2,18.7,37.4
OI01746,ORD01174,M001,2,6.05,12.1
OI01747,ORD01175,M037,2,11.31,22.62
OI01748,ORD01175,M042,3,17.77,53.31
OI01749,ORD01176,M016,1,6.75,6.75
OI01750,ORD01176,M019,3,11.31,33.93
OI01751,ORD01177,M014,1,5.03,5.03
OI01752,ORD01178,M040,2,15.26,30.52
OI01753,ORD01179,M022,1,6.86,6.86
OI01754,ORD01180,M026,2,23.22,46.44
OI01755,ORD01180,M018,3,6.4,19.2
OI01756,ORD01181,M040,2,15.26,30.52
OI01757,ORD01182,M008,2,11.64,23.28
OI01758,ORD01182,M002,2,6.74,13.48
OI01759,ORD01183,M020,2,13.97,27.94
OI01760,ORD01184,M045,2,14.72,29.44
OI01761,ORD01184,M007,3,15.72,47.16
OI01762,ORD01185,M001,3,6.05,18.15
OI01763,ORD01185,M025,1,5.42,5.42
OI01764,ORD01186,M013,3,9.9,29.7
OI01765,ORD01187,M033,3,9.14,27.42
OI01766,ORD01188,M005,1,23.02,23.02
OI01767,ORD01189,M045,1,14.72,14.72
OI01768,ORD01189,M036,3,21.19,63.57
OI01769,ORD01190,M031,3,11.87,35.61
OI01770,ORD01191,M012,3,11.68,35.04
OI01771,ORD01191,M005,2,23.02,46.04
OI01772,ORD01192,M011,3,11.74,35.22
OI01773,ORD01193,M046,2,18.37,36.74
OI01774,ORD01193,M006,2,5.76,11.52
OI01775,ORD01194,M040,2,15.26,30.52
OI01776,ORD01195,M030,2,20.38,40.76
OI01777,ORD01195,M018,3,6.4,19.2
OI01778,ORD01196,M043,1,18.33,18.33
OI01779,ORD01197,M038,1,12.96,12.96
OI01780,ORD01197,M004,1,7.15,7.15
OI01781,ORD01198,M048,3,5.64,16.92
OI01782,ORD01199,M026,3,23.22,69.66
OI01783,ORD01200,M006,2,5.76,11.52
OI01784,ORD01201,M010,1,8.19,8.19
OI01785,ORD01202,M035,3,15.54,46.62
OI01786,ORD01203,M040,1,15.26,15.26
OI01787,ORD01203,M043,2,18.33,36.66
OI01788,ORD01204,M025,1,5.42,5.42
OI01789,ORD01205,M001,3,6.05,18.15
OI01790,ORD01205,M004,2,7.15,14.3
OI01791,ORD01206,M047,2,12.49,24.98
OI01792,ORD01206,M008,1,11.64,11.64
OI01793,ORD01207,M014,3,5.03,15.09
OI01794,ORD01207,M034,2,17.18,34.36
OI01795,ORD01208,M044,1,22.8,22.8
OI01796,ORD01209,M039,3,20.39,61.17
OI01797,ORD01210,M042,2,17.77,35.54
OI01798,ORD01211,M042,1,17.77,17.77
OI01799,ORD01211,M014,3,5.03,15.09
OI01800,ORD01212,M011,1,11.74,11.74
OI01801,ORD01212,M040,3,15.26,45.78
OI01802,ORD01213,M044,2,22.8,45.6
OI01803,ORD01213,M040,2,15.26,30.52
OI01804,ORD01214,M039,1,20.39,20.39
OI01805,ORD01215,M026,3,23.22,69.66
OI01806,ORD01215,M029,1,21.76,21.76
OI01807,ORD01216,M005,3,23.02,69.06
OI01808,ORD01217,M039,2,20.39,40.78
OI01809,ORD01218,M045,3,14.72,44.16
OI01810,ORD01218,M049,3,20.08,60.24
OI01811,ORD01219,M005,3,23.02,69.06
OI01812,ORD01219,M043,1,18.33,18.33
OI01813,ORD01220,M026,1,23.22,23.22
OI01814,ORD01220,M002,2,6.74,13.48
OI01815,ORD01221,M018,1,6.4,6.4
OI01816,ORD01221,M031,3,11.87,35.61
OI01817,ORD01222,M025,1,5.42,5.42
OI01818,ORD01222,M004,2,7.15,14.3
OI01819,ORD01223,M014,2,5.03,10.06
OI01820,ORD01224,M008,3,11.64,34.92
OI01821,ORD01224,M042,2,17.77,35.54
OI01822,ORD01225,M048,1,5.64,5.64
OI01823,ORD01225,M028,1,10.31,10.31
OI01824,ORD01226,M044,2,22.8,45.6
OI01825,ORD01226,M007,3,15.72,47.16
OI01826,ORD01227,M008,3,11.64,34.92
OI01827,ORD01228,M009,2,22.04,44.08
OI01828,ORD01229,M047,3,12.49,37.47
OI01829,ORD01230,M019,2,11.31,22.62
OI01830,ORD01231,M037,3,11.31,33.93
OI01831,ORD01232,M049,1,20.08,20.08
OI01832,ORD01232,M049,3,20.08,60.24
OI01833,ORD01233,M001,2,6.05,12.1
OI01834,ORD01233,M014,2,5.03,10.06
OI01835,ORD01234,M008,1,11.64,11.64
OI01836,ORD01235,M021,1,23.11,23.11
OI01837,ORD01236,M032,2,21.03,42.06
OI01838,ORD01237,M043,3,18.33,54.99
OI01839,ORD01238,M011,1,11.74,11.74
OI01840,ORD01238,M003,3,13.14,39.42
OI01841,ORD01239,M002,2,6.74,13.48
OI01842,ORD01240,M026,3,23.22,69.66
OI01843,ORD01240,M024,3,20.8,62.4
OI01844,ORD01241,M040,3,15.26,45.78
OI01845,ORD01241,M011,2,11.74,23.48
OI01846,ORD01242,M023,2,7.84,15.68
OI01847,ORD01242,M043,1,18.33,18.33
OI01848,ORD01243,M015,3,13.73,41.19
OI01849,ORD01244,M020,1,13.97,13.97
OI01850,ORD01244,M029,2,21.76,43.52
OI01851,ORD01245,M046,1,18.37,18.37
OI01852,ORD01245,M004,3,7.15,21.45
OI01853,ORD01246,M040,3,15.26,45.78
OI01854,ORD01246,M021,3,23.11,69.33
OI01855,ORD01247,M015,2,13.73,27.46
OI01856,ORD01247,M050,2,8.63,17.26
OI01857,ORD01248,M007,3,15.72,47.16
OI01858,ORD01249,M019,2,11.31,22.62
OI01859,ORD01250,M040,1,15.26,15.26
OI01860,ORD01250,M002,1,6.74,6.74
OI01861,ORD01251,M011,1,11.74,11.74
OI01862,ORD01252,M011,3,11.74,35.22
OI01863,ORD01253,M049,3,20.08,60.24
OI01864,ORD01254,M047,2,12.49,24.98
OI01865,ORD01255,M040,2,15.26,30.52
OI01866,ORD01255,M046,3,18.37,55.11
OI01867,ORD01256,M033,1,9.14,9.14
OI01868,ORD01257,M038,3,12.96,38.88
OI01869,ORD01258,M042,2,17.77,35.54
OI01870,ORD01258,M036,3,21.19,63.57
OI01871,ORD01259,M042,3,17.77,53.31
OI01872,ORD01259,M017,3,16.95,50.85
OI01873,ORD01260,M033,2,9.14,18.28
OI01874,ORD01260,M006,1,5.76,5.76
OI01875,ORD01261,M025,3,5.42,16.26
OI01876,ORD01262,M047,1,12.49,12.49
OI01877,ORD01262,M002,1,6.74,6.74
OI01878,ORD01263,M048,2,5.64,11.28
OI01879,ORD01264,M012,1,11.68,11.68
OI01880,ORD01265,M002,2,6.74,13.48
OI01881,ORD01266,M037,1,11.31,11.31
OI01882,ORD01266,M020,2,13.97,27.94
OI01883,ORD01267,M017,3,16.95,50.85
OI01884,ORD01267,M041,2,18.7,37.4
OI01885,ORD01268,M015,2,13.73,27.46
OI01886,ORD01268,M004,2,7.15,14.3
OI01887,ORD01269,M017,3,16.95,50.85
OI01888,ORD01269,M023,1,7.84,7.84
OI01889,ORD01270,M012,1,11.68,11.68
OI01890,ORD01271,M047,2,12.49,24.98
OI01891,ORD01271,M016,3,6.75,20.25
OI01892,ORD01272,M001,2,6.05,12.1
OI01893,ORD01272,M048,1,5.64,5.64
OI01894,ORD01273,M017,1,16.95,16.95
OI01895,ORD01273,M018,2,6.4,12.8
OI01896,ORD01274,M004,1,7.15,7.15
OI01897,ORD01274,M025,1,5.42,5.42
OI01898,ORD01275,M013,2,9.9,19.8
OI01899,ORD01276,M010,3,8.19,24.57
OI01900,ORD01277,M014,2,5.03,10.06
OI01901,ORD01278,M038,2,12.96,25.92
OI01902,ORD01279,M047,3,12.49,37.47
OI01903,ORD01280,M003,1,13.14,13.14
OI01904,ORD01280,M048,2,5.64,11.28
OI01905,ORD01281,M025,1,5.42,5.42
OI01906,ORD01281,M004,2,7.15,14.3
OI01907,ORD01282,M010,1,8.19,8.19
OI01908,ORD01283,M046,2,18.37,36.74
OI01909,ORD01284,M004,2,7.15,14.3
OI01910,ORD01285,M021,2,23.11,46.22
OI01911,ORD01285,M027,3,16.47,49.41
OI01912,ORD01286,M025,2,5.42,10.84
OI01913,ORD01286,M038,2,12.96,25.92
OI01914,ORD01287,M045,1,14.72,14.72
OI01915,ORD01288,M041,3,18.7,56.1
OI01916,ORD01288,M045,1,14.72,14.72
OI01917,ORD01289,M048,3,5.64,16.92
OI01918,ORD01290,M025,2,5.42,10.84
OI01919,ORD01291,M047,1,12.49,12.49
OI01920,ORD01291,M018,2,6.4,12.8
OI01921,ORD01292,M032,3,21.03,63.09
OI01922,ORD01293,M012,3,11.68,35.04
OI01923,ORD01294,M036,2,21.19,42.38
OI01924,ORD01294,M006,3,5.76,17.28
OI01925,ORD01295,M027,3,16.47,49.41
OI01926,ORD01295,M025,1,5.42,5.42
OI01927,ORD01296,M037,1,11.31,11.31
OI01928,ORD01296,M035,1,15.54,15.54
OI01929,ORD01297,M001,3,6.05,18.15
OI01930,ORD01298,M041,3,18.7,56.1
OI01931,ORD01299,M033,2,9.14,18.28
OI01932,ORD01300,M044,3,22.8,68.4
OI01933,ORD01300,M004,3,7.15,21.45
OI01934,ORD01301,M031,2,11.87,23.74
OI01935,ORD01302,M020,1,13.97,13.97
OI01936,ORD01303,M022,3,6.86,20.58
OI01937,ORD01303,M003,2,13.14,26.28
OI01938,ORD01304,M024,1,20.8,20.8
OI01939,ORD01304,M008,3,11.64,34.92
OI01940,ORD01305,M006,2,5.76,11.52
OI01941,ORD01305,M040,2,15.26,30.52
OI01942,ORD01306,M030,2,20.38,40.76
OI01943,ORD01306,M035,3,15.54,46.62
OI01944,ORD01307,M012,1,11.68,11.68
OI01945,ORD01308,M033,1,9.14,9.14
OI01946,ORD01308,M027,2,16.47,32.94
OI01947,ORD01309,M026,3,23.22,69.66
OI01948,ORD01310,M025,3,5.42,16.26
OI01949,ORD01311,M017,1,16.95,16.95
OI01950,ORD01311,M047,1,12.49,12.49
OI01951,ORD01312,M039,2,20.39,40.78
OI01952,ORD01313,M020,2,13.97,27.94
OI01953,ORD01313,M033,1,9.14,9.14
OI01954,ORD01314,M029,3,21.76,65.28
OI01955,ORD01314,M002,3,6.74,20.22
OI01956,ORD01315,M023,1,7.84,7.84
OI01957,ORD01316,M031,3,11.87,35.61
OI01958,ORD01317,M011,1,11.74,11.74
OI01959,ORD01318,M032,1,21.03,21.03
OI01960,ORD01319,M033,2,9.14,18.28
OI01961,ORD01320,M007,1,15.72,15.72
OI01962,ORD01320,M001,3,6.05,18.15
OI01963,ORD01321,M014,2,5.03,10.06
OI01964,ORD01322,M041,1,18.7,18.7
OI01965,ORD01323,M023,2,7.84,15.68
OI01966,ORD01324,M037,1,11.31,11.31
OI01967,ORD01325,M046,1,18.37,18.37
OI01968,ORD01325,M038,2,12.96,25.92
OI01969,ORD01326,M029,3,21.76,65.28
OI01970,ORD01327,M044,3,22.8,68.4
OI01971,ORD01328,M012,2,11.68,23.36
OI01972,ORD01328,M033,3,9.14,27.42
OI01973,ORD01329,M041,3,18.7,56.1
OI01974,ORD01330,M004,1,7.15,7.15
OI01975,ORD01330,M039,3,20.39,61.17
OI01976,ORD01331,M017,3,16.95,50.85
OI01977,ORD01331,M003,1,13.14,13.14
OI01978,ORD01332,M001,1,6.05,6.05
OI01979,ORD01332,M018,3,6.4,19.2
OI01980,ORD01333,M024,2,20.8,41.6
OI01981,ORD01334,M037,3,11.31,33.93
OI01982,ORD01335,M013,1,9.9,9.9
OI01983,ORD01335,M037,1,11.31,11.31
OI01984,ORD01336,M050,2,8.63,17.26
OI01985,ORD01336,M022,3,6.86,20.58
OI01986,ORD01337,M035,1,15.54,15.54
OI01987,ORD01337,M040,2,15.26,30.52
OI01988,ORD01338,M026,2,23.22,46.44
OI01989,ORD01338,M002,2,6.74,13.48
OI01990,ORD01339,M028,2,10.31,20.62
OI01991,ORD01339,M036,1,21.19,21.19
OI01992,ORD01340,M001,3,6.05,18.15
OI01993,ORD01340,M048,3,5.64,16.92
OI01994,ORD01341,M028,2,10.31,20.62
OI01995,ORD01342,M022,1,6.86,6.86
OI01996,ORD01343,M013,1,9.9,9.9
OI01997,ORD01343,M008,1,11.64,11.64
OI01998,ORD01344,M012,1,11.68,11.68
OI01999,ORD01345,M022,1,6.86,6.86
OI02000,ORD01345,M033,2,9.14,18.28
OI02001,ORD01346,M043,1,18.33,18.33
OI02002,ORD01347,M018,2,6.4,12.8
OI02003,ORD01347,M047,1,12.49,12.49
OI02004,ORD01348,M021,3,23.11,69.33
OI02005,ORD01349,M021,2,23.11,46.22
OI02006,ORD01349,M019,2,11.31,22.62
OI02007,ORD01350,M021,2,23.11,46.22
OI02008,ORD01350,M032,2,21.03,42.06
OI02009,ORD01351,M003,2,13.14,26.28
OI02010,ORD01352,M018,3,6.4,19.2
OI02011,ORD01352,M005,3,23.02,69.06
OI02012,ORD01353,M003,1,13.14,13.14
OI02013,ORD01353,M018,1,6.4,6.4
OI02014,ORD01354,M021,2,23.11,46.22
OI02015,ORD01354,M038,1,12.96,12.96
OI02016,ORD01355,M048,2,5.64,11.28
OI02017,ORD01356,M040,3,15.26,45.78
OI02018,ORD01356,M040,2,15.26,30.52
OI02019,ORD01357,M035,1,15.54,15.54
OI02020,ORD01358,M050,1,8.63,8.63
OI02021,ORD01358,M046,3,18.37,55.11
OI02022,ORD01359,M014,2,5.03,10.06
OI02023,ORD01359,M025,3,5.42,16.26
OI02024,ORD01360,M016,2,6.75,13.5
OI02025,ORD01360,M016,1,6.75,6.75
OI02026,ORD01361,M016,2,6.75,13.5
OI02027,ORD01362,M011,1,11.74,11.74
OI02028,ORD01362,M029,1,21.76,21.76
OI02029,ORD01363,M036,2,21.19,42.38
OI02030,ORD01364,M048,2,5.64,11.28
OI02031,ORD01364,M044,3,22.8,68.4
OI02032,ORD01365,M034,2,17.18,34.36
OI02033,ORD01366,M050,1,8.63,8.63
OI02034,ORD01366,M039,3,20.39,61.17
OI02035,ORD01367,M015,1,13.73,13.73
OI02036,ORD01368,M025,2,5.42,10.84
OI02037,ORD01369,M036,2,21.19,42.38
OI02038,ORD01369,M026,3,23.22,69.66
OI02039,ORD01370,M030,3,20.38,61.14
OI02040,ORD01370,M010,2,8.19,16.38
OI02041,ORD01371,M028,3,10.31,30.93
OI02042,ORD01372,M038,3,12.96,38.88
OI02043,ORD01372,M018,2,6.4,12.8
OI02044,ORD01373,M016,1,6.75,6.75
OI02045,ORD01374,M016,1,6.75,6.75
OI02046,ORD01374,M004,2,7.15,14.3
OI02047,ORD01375,M037,2,11.31,22.62
OI02048,ORD01376,M042,1,17.77,17.77
OI02049,ORD01377,M030,3,20.38,61.14
OI02050,ORD01378,M002,3,6.74,20.22
OI02051,ORD01378,M041,3,18.7,56.1
OI02052,ORD01379,M047,1,12.49,12.49
OI02053,ORD01380,M010,3,8.19,24.57
OI02054,ORD01381,M049,1,20.08,20.08
OI02055,ORD01382,M043,2,18.33,36.66
OI02056,ORD01383,M040,2,15.26,30.52
OI02057,ORD01383,M023,2,7.84,15.68
OI02058,ORD01384,M016,3,6.75,20.25
OI02059,ORD01385,M001,3,6.05,18.15
OI02060,ORD01386,M036,1,21.19,21.19
OI02061,ORD01387,M027,3,16.47,49.41
OI02062,ORD01388,M043,2,18.33,36.66
OI02063,ORD01389,M018,3,6.4,19.2
OI02064,ORD01389,M018,1,6.4,6.4
OI02065,ORD01390,M025,3,5.42,16.26
OI02066,ORD01390,M016,2,6.75,13.5
OI02067,ORD01391,M006,2,5.76,11.52
OI02068,ORD01392,M008,2,11.64,23.28
OI02069,ORD01392,M021,1,23.11,23.11
OI02070,ORD01393,M038,2,12.96,25.92
OI02071,ORD01393,M009,1,22.04,22.04
OI02072,ORD01394,M031,1,11.87,11.87
OI02073,ORD01394,M020,1,13.97,13.97
OI02074,ORD01395,M036,2,21.19,42.38
OI02075,ORD01396,M023,3,7.84,23.52
OI02076,ORD01396,M031,2,11.87,23.74
OI02077,ORD01397,M014,1,5.03,5.03
OI02078,ORD01397,M015,3,13.73,41.19
OI02079,ORD01398,M024,2,20.8,41.6
OI02080,ORD01399,M033,2,9.14,18.28
OI02081,ORD01399,M012,3,11.68,35.04
OI02082,ORD01400,M007,3,15.72,47.16
OI02083,ORD01400,M038,1,12.96,12.96
OI02084,ORD01401,M012,3,11.68,35.04
OI02085,ORD01402,M030,1,20.38,20.38
OI02086,ORD01402,M007,3,15.72,47.16
OI02087,ORD01403,M026,1,23.22,23.22
OI02088,ORD01404,M003,3,13.14,39.42
OI02089,ORD01405,M016,3,6.75,20.25
OI02090,ORD01406,M038,3,12.96,38.88
OI02091,ORD01406,M032,3,21.03,63.09
OI02092,ORD01407,M046,1,18.37,18.37
OI02093,ORD01407,M017,2,16.95,33.9
OI02094,ORD01408,M015,3,13.73,41.19
OI02095,ORD01408,M031,2,11.87,23.74
OI02096,ORD01409,M014,3,5.03,15.09
OI02097,ORD01410,M005,3,23.02,69.06
OI02098,ORD01410,M023,1,7.84,7.84
OI02099,ORD01411,M006,1,5.76,5.76
OI02100,ORD01412,M032,2,21.03,42.06
OI02101,ORD01412,M019,1,11.31,11.31
OI02102,ORD01413,M004,2,7.15,14.3
OI02103,ORD01413,M021,3,23.11,69.33
OI02104,ORD01414,M008,1,11.64,11.64
OI02105,ORD01414,M032,2,21.03,42.06
OI02106,ORD01415,M009,2,22.04,44.08
OI02107,ORD01415,M042,1,17.77,17.77
OI02108,ORD01416,M048,2,5.64,11.28
OI02109,ORD01417,M013,2,9.9,19.8
OI02110,ORD01417,M050,2,8.63,17.26
OI02111,ORD01418,M047,1,12.49,12.49
OI02112,ORD01419,M049,2,20.08,40.16
OI02113,ORD01420,M049,3,20.08,60.24
OI02114,ORD01421,M013,1,9.9,9.9
OI02115,ORD01421,M025,2,5.42,10.84
OI02116,ORD01422,M008,2,11.64,23.28
OI02117,ORD01423,M003,3,13.14,39.42
OI02118,ORD01423,M012,3,11.68,35.04
OI02119,ORD01424,M008,3,11.64,34.92
OI02120,ORD01424,M023,1,7.84,7.84
OI02121,ORD01425,M012,1,11.68,11.68
OI02122,ORD01425,M004,1,7.15,7.15
OI02123,ORD01426,M038,1,12.96,12.96
OI02124,ORD01427,M002,2,6.74,13.48
OI02125,ORD01428,M040,3,15.26,45.78
OI02126,ORD01429,M049,2,20.08,40.16
OI02127,ORD01429,M010,2,8.19,16.38
OI02128,ORD01430,M038,3,12.96,38.88
OI02129,ORD01430,M045,2,14.72,29.44
OI02130,ORD01431,M034,1,17.18,17.18
OI02131,ORD01432,M030,2,20.38,40.76
OI02132,ORD01433,M015,2,13.73,27.46
OI02133,ORD01434,M018,3,6.4,19.2
OI02134,ORD01434,M026,2,23.22,46.44
OI02135,ORD01435,M039,3,20.39,61.17
OI02136,ORD01436,M015,1,13.73,13.73
OI02137,ORD01437,M037,2,11.31,22.62
OI02138,ORD01438,M035,3,15.54,46.62
OI02139,ORD01439,M014,2,5.03,10.06
OI02140,ORD01439,M046,3,18.37,55.11
OI02141,ORD01440,M016,1,6.75,6.75
OI02142,ORD01441,M027,1,16.47,16.47
OI02143,ORD01441,M049,1,20.08,20.08
OI02144,ORD01442,M047,2,12.49,24.98
OI02145,ORD01443,M025,2,5.42,10.84
OI02146,ORD01443,M046,2,18.37,36.74
OI02147,ORD01444,M015,1,13.73,13.73
OI02148,ORD01444,M038,2,12.96,25.92
OI02149,ORD01445,M037,3,11.31,33.93
OI02150,ORD01446,M002,3,6.74,20.22
OI02151,ORD01447,M021,1,23.11,23.11
OI02152,ORD01448,M030,1,20.38,20.38
OI02153,ORD01449,M010,3,8.19,24.57
OI02154,ORD01450,M016,1,6.75,6.75
OI02155,ORD01450,M050,1,8.63,8.63
OI02156,ORD01451,M022,3,6.86,20.58
OI02157,ORD01452,M026,1,23.22,23.22
OI02158,ORD01453,M023,1,7.84,7.84
OI02159,ORD01454,M005,1,23.02,23.02
OI02160,ORD01454,M013,1,9.9,9.9
OI02161,ORD01455,M029,2,21.76,43.52
OI02162,ORD01456,M009,1,22.04,22.04
OI02163,ORD01456,M033,1,9.14,9.14
OI02164,ORD01457,M022,3,6.86,20.58
OI02165,ORD01457,M019,1,11.31,11.31
OI02166,ORD01458,M015,1,13.73,13.73
OI02167,ORD01458,M012,3,11.68,35.04
OI02168,ORD01459,M013,1,9.9,9.9
OI02169,ORD01459,M030,2,20.38,40.76
OI02170,ORD01460,M012,2,11.68,23.36
OI02171,ORD01461,M018,3,6.4,19.2
OI02172,ORD01462,M036,2,21.19,42.38
OI02173,ORD01463,M048,1,5.64,5.64
OI02174,ORD01463,M050,3,8.63,25.89
OI02175,ORD01464,M015,2,13.73,27.46
OI02176,ORD01465,M038,2,12.96,25.92
OI02177,ORD01466,M015,1,13.73,13.73
OI02178,ORD01467,M032,1,21.03,21.03
OI02179,ORD01468,M011,2,11.74,23.48
OI02180,ORD01468,M005,3,23.02,69.06
OI02181,ORD01469,M050,3,8.63,25.89
OI02182,ORD01469,M044,2,22.8,45.6
OI02183,ORD01470,M001,1,6.05,6.05
OI02184,ORD01471,M046,3,18.37,55.11
OI02185,ORD01472,M036,3,21.19,63.57
OI02186,ORD01473,M024,2,20.8,41.6
OI02187,ORD01473,M024,1,20.8,20.8
OI02188,ORD01474,M028,2,10.31,20.62
OI02189,ORD01475,M018,3,6.4,19.2
OI02190,ORD01475,M009,1,22.04,22.04
OI02191,ORD01476,M002,3,6.74,20.22
OI02192,ORD01477,M032,1,21.03,21.03
OI02193,ORD01478,M041,1,18.7,18.7
OI02194,ORD01479,M048,3,5.64,16.92
OI02195,ORD01479,M022,2,6.86,13.72
OI02196,ORD01480,M050,1,8.63,8.63
OI02197,ORD01481,M039,2,20.39,40.78
OI02198,ORD01481,M009,3,22.04,66.12
OI02199,ORD01482,M003,1,13.14,13.14
OI02200,ORD01483,M013,2,9.9,19.8
OI02201,ORD01484,M016,2,6.75,13.5
OI02202,ORD01484,M031,2,11.87,23.74
OI02203,ORD01485,M040,3,15.26,45.78
OI02204,ORD01486,M050,1,8.63,8.63
OI02205,ORD01487,M030,3,20.38,61.14
OI02206,ORD01488,M025,2,5.42,10.84
OI02207,ORD01488,M004,1,7.15,7.15
OI02208,ORD01489,M036,2,21.19,42.38
OI02209,ORD01490,M001,3,6.05,18.15
OI02210,ORD01491,M001,3,6.05,18.15
OI02211,ORD01492,M031,2,11.87,23.74
OI02212,ORD01493,M022,2,6.86,13.72
OI02213,ORD01493,M015,3,13.73,41.19
OI02214,ORD01494,M035,2,15.54,31.08
OI02215,ORD01495,M027,3,16.47,49.41
OI02216,ORD01495,M032,1,21.03,21.03
OI02217,ORD01496,M029,1,21.76,21.76
OI02218,ORD01497,M006,1,5.76,5.76
OI02219,ORD01497,M024,2,20.8,41.6
OI02220,ORD01498,M024,3,20.8,62.4
OI02221,ORD01498,M008,2,11.64,23.28
OI02222,ORD01499,M002,3,6.74,20.22
OI02223,ORD01500,M031,2,11.87,23.74
OI02224,ORD01501,M009,3,22.04,66.12
OI02225,ORD01502,M033,2,9.14,18.28
OI02226,ORD01502,M047,3,12.49,37.47
OI02227,ORD01503,M044,2,22.8,45.6
OI02228,ORD01504,M034,3,17.18,51.54
OI02229,ORD01505,M009,2,22.04,44.08
OI02230,ORD01506,M037,2,11.31,22.62
OI02231,ORD01507,M001,2,6.05,12.1
OI02232,ORD01507,M012,2,11.68,23.36
OI02233,ORD01508,M025,3,5.42,16.26
OI02234,ORD01509,M017,2,16.95,33.9
OI02235,ORD01509,M047,1,12.49,12.49
OI02236,ORD01510,M002,1,6.74,6.74
OI02237,ORD01511,M019,3,11.31,33.93
OI02238,ORD01511,M015,2,13.73,27.46
OI02239,ORD01512,M021,2,23.11,46.22
OI02240,ORD01512,M027,3,16.47,49.41
OI02241,ORD01513,M017,2,16.95,33.9
OI02242,ORD01514,M042,2,17.77,35.54
OI02243,ORD01515,M002,2,6.74,13.48
OI02244,ORD01515,M050,3,8.63,25.89
OI02245,ORD01516,M040,1,15.26,15.26
OI02246,ORD01517,M041,3,18.7,56.1
OI02247,ORD01517,M026,2,23.22,46.44
OI02248,ORD01518,M040,2,15.26,30.52
OI02249,ORD01518,M031,3,11.87,35.61
OI02250,ORD01519,M013,2,9.9,19.8
OI02251,ORD01519,M047,1,12.49,12.49
OI02252,ORD01520,M008,2,11.64,23.28
OI02253,ORD01520,M030,2,20.38,40.76
OI02254,ORD01521,M001,2,6.05,12.1
OI02255,ORD01521,M003,2,13.14,26.28
OI02256,ORD01522,M006,3,5.76,17.28
OI02257,ORD01522,M004,2,7.15,14.3
OI02258,ORD01523,M040,3,15.26,45.78
OI02259,ORD01524,M018,1,6.4,6.4
OI02260,ORD01524,M010,2,8.19,16.38
OI02261,ORD01525,M009,2,22.04,44.08
OI02262,ORD01526,M013,3,9.9,29.7
OI02263,ORD01526,M031,2,11.87,23.74
OI02264,ORD01527,M044,1,22.8,22.8
OI02265,ORD01528,M017,1,16.95,16.95
OI02266,ORD01529,M020,3,13.97,41.91
OI02267,ORD01529,M043,3,18.33,54.99
OI02268,ORD01530,M015,3,13.73,41.19
OI02269,ORD01531,M025,3,5.42,16.26
OI02270,ORD01531,M022,3,6.86,20.58
OI02271,ORD01532,M039,1,20.39,20.39
OI02272,ORD01532,M013,3,9.9,29.7
OI02273,ORD01533,M048,1,5.64,5.64
OI02274,ORD01534,M037,2,11.31,22.62
OI02275,ORD01535,M008,2,11.64,23.28
OI02276,ORD01535,M040,2,15.26,30.52
OI02277,ORD01536,M004,1,7.15,7.15
OI02278,ORD01536,M011,1,11.74,11.74
OI02279,ORD01537,M032,3,21.03,63.09
OI02280,ORD01537,M041,2,18.7,37.4
OI02281,ORD01538,M025,2,5.42,10.84
OI02282,ORD01539,M007,3,15.72,47.16
OI02283,ORD01539,M013,2,9.9,19.8
OI02284,ORD01540,M017,2,16.95,33.9
OI02285,ORD01540,M014,2,5.03,10.06
OI02286,ORD01541,M048,2,5.64,11.28
OI02287,ORD01541,M001,2,6.05,12.1
OI02288,ORD01542,M009,2,22.04,44.08
OI02289,ORD01542,M011,2,11.74,23.48
OI02290,ORD01543,M036,1,21.19,21.19
OI02291,ORD01543,M022,2,6.86,13.72
OI02292,ORD01544,M031,3,11.87,35.61
OI02293,ORD01545,M043,2,18.33,36.66
OI02294,ORD01545,M029,1,21.76,21.76
OI02295,ORD01546,M014,1,5.03,5.03
OI02296,ORD01547,M022,3,6.86,20.58
OI02297,ORD01548,M010,2,8.19,16.38
OI02298,ORD01549,M012,1,11.68,11.68
OI02299,ORD01549,M031,3,11.87,35.61
OI02300,ORD01550,M038,2,12.96,25.92
OI02301,ORD01550,M017,3,16.95,50.85
OI02302,ORD01551,M026,3,23.22,69.66
OI02303,ORD01551,M012,2,11.68,23.36
OI02304,ORD01552,M027,1,16.47,16.47
OI02305,ORD01552,M007,3,15.72,47.16
OI02306,ORD01553,M049,1,20.08,20.08
OI02307,ORD01554,M033,3,9.14,27.42
OI02308,ORD01554,M044,2,22.8,45.6
OI02309,ORD01555,M049,1,20.08,20.08
OI02310,ORD01555,M013,1,9.9,9.9
OI02311,ORD01556,M037,1,11.31,11.31
OI02312,ORD01557,M032,3,21.03,63.09
OI02313,ORD01557,M005,2,23.02,46.04
OI02314,ORD01558,M017,1,16.95,16.95
OI02315,ORD01559,M008,3,11.64,34.92
OI02316,ORD01559,M016,1,6.75,6.75
OI02317,ORD01560,M005,2,23.02,46.04
OI02318,ORD01560,M012,2,11.68,23.36
OI02319,ORD01561,M044,2,22.8,45.6
OI02320,ORD01562,M035,1,15.54,15.54
OI02321,ORD01562,M009,3,22.04,66.12
OI02322,ORD01563,M040,3,15.26,45.78
OI02323,ORD01564,M033,2,9.14,18.28
OI02324,ORD01564,M039,1,20.39,20.39
OI02325,ORD01565,M017,2,16.95,33.9
OI02326,ORD01565,M028,1,10.31,10.31
OI02327,ORD01566,M010,2,8.19,16.38
OI02328,ORD01567,M007,1,15.72,15.72
OI02329,ORD01568,M022,3,6.86,20.58
OI02330,ORD01568,M021,1,23.11,23.11
OI02331,ORD01569,M027,2,16.47,32.94
OI02332,ORD01569,M032,1,21.03,21.03
OI02333,ORD01570,M026,2,23.22,46.44
OI02334,ORD01570,M032,3,21.03,63.09
OI02335,ORD01571,M009,1,22.04,22.04
OI02336,ORD01571,M037,3,11.31,33.93
OI02337,ORD01572,M009,3,22.04,66.12
OI02338,ORD01573,M031,2,11.87,23.74
OI02339,ORD01573,M030,1,20.38,20.38
OI02340,ORD01574,M024,3,20.8,62.4
OI02341,ORD01575,M041,1,18.7,18.7
OI02342,ORD01576,M016,2,6.75,13.5
OI02343,ORD01576,M032,2,21.03,42.06
OI02344,ORD01577,M004,2,7.15,14.3
OI02345,ORD01578,M045,1,14.72,14.72
OI02346,ORD01578,M019,1,11.31,11.31
OI02347,ORD01579,M010,1,8.19,8.19
OI02348,ORD01580,M027,2,16.47,32.94
OI02349,ORD01580,M041,1,18.7,18.7
OI02350,ORD01581,M023,2,7.84,15.68
OI02351,ORD01581,M017,1,16.95,16.95
OI02352,ORD01582,M036,2,21.19,42.38
OI02353,ORD01582,M007,2,15.72,31.44
OI02354,ORD01583,M045,1,14.72,14.72
OI02355,ORD01584,M045,3,14.72,44.16
OI02356,ORD01584,M049,2,20.08,40.16
OI02357,ORD01585,M038,1,12.96,12.96
OI02358,ORD01585,M040,3,15.26,45.78
OI02359,ORD01586,M020,1,13.97,13.97
OI02360,ORD01587,M033,3,9.14,27.42
OI02361,ORD01587,M008,3,11.64,34.92
OI02362,ORD01588,M012,2,11.68,23.36
OI02363,ORD01589,M035,3,15.54,46.62
OI02364,ORD01590,M036,3,21.19,63.57
OI02365,ORD01590,M019,2,11.31,22.62
OI02366,ORD01591,M031,1,11.87,11.87
OI02367,ORD01591,M040,1,15.26,15.26
OI02368,ORD01592,M023,1,7.84,7.84
OI02369,ORD01592,M015,2,13.73,27.46
OI02370,ORD01593,M003,3,13.14,39.42
OI02371,ORD01593,M007,2,15.72,31.44
OI02372,ORD01594,M030,1,20.38,20.38
OI02373,ORD01594,M038,1,12.96,12.96
OI02374,ORD01595,M014,1,5.03,5.03
OI02375,ORD01596,M043,2,18.33,36.66
OI02376,ORD01596,M024,1,20.8,20.8
OI02377,ORD01597,M002,1,6.74,6.74
OI02378,ORD01598,M017,2,16.95,33.9
OI02379,ORD01598,M023,3,7.84,23.52
OI02380,ORD01599,M037,3,11.31,33.93
OI02381,ORD01600,M031,3,11.87,35.61
OI02382,ORD01601,M037,1,11.31,11.31
OI02383,ORD01601,M024,2,20.8,41.6
OI02384,ORD01602,M034,2,17.18,34.36
OI02385,ORD01602,M006,3,5.76,17.28
OI02386,ORD01603,M016,1,6.75,6.75
OI02387,ORD01604,M010,1,8.19,8.19
OI02388,ORD01605,M014,1,5.03,5.03
OI02389,ORD01606,M017,3,16.95,50.85
OI02390,ORD01607,M024,2,20.8,41.6
OI02391,ORD01608,M024,3,20.8,62.4
OI02392,ORD01609,M037,1,11.31,11.31
OI02393,ORD01610,M006,1,5.76,5.76
OI02394,ORD01610,M046,2,18.37,36.74
OI02395,ORD01611,M006,3,5.76,17.28
OI02396,ORD01612,M016,2,6.75,13.5
OI02397,ORD01613,M011,1,11.74,11.74
OI02398,ORD01614,M026,1,23.22,23.22
OI02399,ORD01614,M006,1,5.76,5.76
OI02400,ORD01615,M030,1,20.38,20.38
OI02401,ORD01616,M012,3,11.68,35.04
OI02402,ORD01617,M001,1,6.05,6.05
OI02403,ORD01618,M009,2,22.04,44.08
OI02404,ORD01619,M029,3,21.76,65.28
OI02405,ORD01620,M041,1,18.7,18.7
OI02406,ORD01621,M036,1,21.19,21.19
OI02407,ORD01622,M024,2,20.8,41.6
OI02408,ORD01622,M050,1,8.63,8.63
OI02409,ORD01623,M032,3,21.03,63.09
OI02410,ORD01624,M023,1,7.84,7.84
OI02411,ORD01625,M040,1,15.26,15.26
OI02412,ORD01625,M037,3,11.31,33.93
OI02413,ORD01626,M029,1,21.76,21.76
OI02414,ORD01626,M034,3,17.18,51.54
OI02415,ORD01627,M034,1,17.18,17.18
OI02416,ORD01627,M013,2,9.9,19.8
OI02417,ORD01628,M045,1,14.72,14.72
OI02418,ORD01628,M025,1,5.42,5.42
OI02419,ORD01629,M028,3,10.31,30.93
OI02420,ORD01629,M033,1,9.14,9.14
OI02421,ORD01630,M021,1,23.11,23.11
OI02422,ORD01630,M046,3,18.37,55.11
OI02423,ORD01631,M038,1,12.96,12.96
OI02424,ORD01632,M025,1,5.42,5.42
OI02425,ORD01633,M020,2,13.97,27.94
OI02426,ORD01633,M011,1,11.74,11.74
OI02427,ORD01634,M023,1,7.84,7.84
OI02428,ORD01635,M013,1,9.9,9.9
OI02429,ORD01635,M021,3,23.11,69.33
OI02430,ORD01636,M017,3,16.95,50.85
OI02431,ORD01636,M026,2,23.22,46.44
OI02432,ORD01637,M031,1,11.87,11.87
OI02433,ORD01638,M048,1,5.64,5.64
OI02434,ORD01639,M015,2,13.73,27.46
OI02435,ORD01640,M041,1,18.7,18.7
OI02436,ORD01640,M020,2,13.97,27.94
OI02437,ORD01641,M040,2,15.26,30.52
OI02438,ORD01642,M031,3,11.87,35.61
OI02439,ORD01642,M042,3,17.77,53.31
OI02440,ORD01643,M001,1,6.05,6.05
OI02441,ORD01643,M019,2,11.31,22.62
OI02442,ORD01644,M030,3,20.38,61.14
OI02443,ORD01644,M027,3,16.47,49.41
OI02444,ORD01645,M012,2,11.68,23.36
OI02445,ORD01645,M015,2,13.73,27.46
OI02446,ORD01646,M007,1,15.72,15.72
OI02447,ORD01646,M026,3,23.22,69.66
OI02448,ORD01647,M032,3,21.03,63.09
OI02449,ORD01647,M025,2,5.42,10.84
OI02450,ORD01648,M032,3,21.03,63.09
OI02451,ORD01649,M024,1,20.8,20.8
OI02452,ORD01650,M029,2,21.76,43.52
OI02453,ORD01651,M021,3,23.11,69.33
OI02454,ORD01652,M002,3,6.74,20.22
OI02455,ORD01652,M034,2,17.18,34.36
OI02456,ORD01653,M013,3,9.9,29.7
OI02457,ORD01654,M022,3,6.86,20.58
OI02458,ORD01655,M016,1,6.75,6.75
OI02459,ORD01655,M002,2,6.74,13.48
OI02460,ORD01656,M029,2,21.76,43.52
OI02461,ORD01657,M042,3,17.77,53.31
OI02462,ORD01658,M001,3,6.05,18.15
OI02463,ORD01659,M022,3,6.86,20.58
OI02464,ORD01660,M024,2,20.8,41.6
OI02465,ORD01660,M032,1,21.03,21.03
OI02466,ORD01661,M027,3,16.47,49.41
OI02467,ORD01662,M027,2,16.47,32.94
OI02468,ORD01662,M016,1,6.75,6.75
OI02469,ORD01663,M025,2,5.42,10.84
OI02470,ORD01663,M015,1,13.73,13.73
OI02471,ORD01664,M022,1,6.86,6.86
OI02472,ORD01664,M004,3,7.15,21.45
OI02473,ORD01665,M004,3,7.15,21.45
OI02474,ORD01666,M043,2,18.33,36.66
OI02475,ORD01667,M023,1,7.84,7.84
OI02476,ORD01667,M037,3,11.31,33.93
OI02477,ORD01668,M014,2,5.03,10.06
OI02478,ORD01669,M046,1,18.37,18.37
OI02479,ORD01669,M039,2,20.39,40.78
OI02480,ORD01670,M034,3,17.18,51.54
OI02481,ORD01671,M014,3,5.03,15.09
OI02482,ORD01672,M015,2,13.73,27.46
OI02483,ORD01673,M042,3,17.77,53.31
OI02484,ORD01674,M040,3,15.26,45.78
OI02485,ORD01675,M042,3,17.77,53.31
OI02486,ORD01675,M036,3,21.19,63.57
OI02487,ORD01676,M031,1,11.87,11.87
OI02488,ORD01677,M039,3,20.39,61.17
OI02489,ORD01677,M022,1,6.86,6.86
OI02490,ORD01678,M044,3,22.8,68.4
OI02491,ORD01678,M045,3,14.72,44.16
OI02492,ORD01679,M047,1,12.49,12.49
OI02493,ORD01679,M018,3,6.4,19.2
OI02494,ORD01680,M034,3,17.18,51.54
OI02495,ORD01681,M041,1,18.7,18.7
OI02496,ORD01682,M021,1,23.11,23.11
OI02497,ORD01683,M003,3,13.14,39.42
OI02498,ORD01683,M039,2,20.39,40.78
OI02499,ORD01684,M033,1,9.14,9.14
OI02500,ORD01685,M028,1,10.31,10.31
OI02501,ORD01685,M019,1,11.31,11.31
OI02502,ORD01686,M023,3,7.84,23.52
OI02503,ORD01687,M030,3,20.38,61.14
OI02504,ORD01688,M041,3,18.7,56.1
OI02505,ORD01689,M019,1,11.31,11.31
OI02506,ORD01689,M012,1,11.68,11.68
OI02507,ORD01690,M011,3,11.74,35.22
OI02508,ORD01691,M001,1,6.05,6.05
OI02509,ORD01691,M026,2,23.22,46.44
OI02510,ORD01692,M006,2,5.76,11.52
OI02511,ORD01692,M024,2,20.8,41.6
OI02512,ORD01693,M007,1,15.72,15.72
OI02513,ORD01693,M003,3,13.14,39.42
OI02514,ORD01694,M017,1,16.95,16.95
OI02515,ORD01694,M036,1,21.19,21.19
OI02516,ORD01695,M033,2,9.14,18.28
OI02517,ORD01696,M005,1,23.02,23.02
OI02518,ORD01696,M004,3,7.15,21.45
OI02519,ORD01697,M026,1,23.22,23.22
OI02520,ORD01698,M013,2,9.9,19.8
OI02521,ORD01698,M017,2,16.95,33.9
OI02522,ORD01699,M030,2,20.38,40.76
OI02523,ORD01699,M029,2,21.76,43.52
OI02524,ORD01700,M027,1,16.47,16.47
OI02525,ORD01701,M024,3,20.8,62.4
OI02526,ORD01702,M029,3,21.76,65.28
OI02527,ORD01703,M042,1,17.77,17.77
OI02528,ORD01704,M048,3,5.64,16.92
OI02529,ORD01704,M047,2,12.49,24.98
OI02530,ORD01705,M038,1,12.96,12.96
OI02531,ORD01705,M018,3,6.4,19.2
OI02532,ORD01706,M010,1,8.19,8.19
OI02533,ORD01706,M012,2,11.68,23.36
OI02534,ORD01707,M023,3,7.84,23.52
OI02535,ORD01707,M019,3,11.31,33.93
OI02536,ORD01708,M019,1,11.31,11.31
OI02537,ORD01708,M014,1,5.03,5.03
OI02538,ORD01709,M029,1,21.76,21.76
OI02539,ORD01710,M037,2,11.31,22.62
OI02540,ORD01710,M024,1,20.8,20.8
OI02541,ORD01711,M022,3,6.86,20.58
OI02542,ORD01711,M001,3,6.05,18.15
OI02543,ORD01712,M009,1,22.04,22.04
OI02544,ORD01713,M047,2,12.49,24.98
OI02545,ORD01713,M015,1,13.73,13.73
OI02546,ORD01714,M038,1,12.96,12.96
OI02547,ORD01714,M001,3,6.05,18.15
OI02548,ORD01715,M033,1,9.14,9.14
OI02549,ORD01715,M044,2,22.8,45.6
OI02550,ORD01716,M006,2,5.76,11.52
OI02551,ORD01716,M023,3,7.84,23.52
OI02552,ORD01717,M016,1,6.75,6.75
OI02553,ORD01717,M035,3,15.54,46.62
OI02554,ORD01718,M017,1,16.95,16.95
OI02555,ORD01719,M023,3,7.84,23.52
OI02556,ORD01720,M001,1,6.05,6.05
OI02557,ORD01721,M019,2,11.31,22.62
OI02558,ORD01721,M025,2,5.42,10.84
OI02559,ORD01722,M027,2,16.47,32.94
OI02560,ORD01723,M012,1,11.68,11.68
OI02561,ORD01723,M048,1,5.64,5.64
OI02562,ORD01724,M001,3,6.05,18.15
OI02563,ORD01725,M037,2,11.31,22.62
OI02564,ORD01725,M050,3,8.63,25.89
OI02565,ORD01726,M047,1,12.49,12.49
OI02566,ORD01726,M020,3,13.97,41.91
OI02567,ORD01727,M024,3,20.8,62.4
OI02568,ORD01727,M048,2,5.64,11.28
OI02569,ORD01728,M011,2,11.74,23.48
OI02570,ORD01728,M040,3,15.26,45.78
OI02571,ORD01729,M003,1,13.14,13.14
OI02572,ORD01729,M004,2,7.15,14.3
OI02573,ORD01730,M016,1,6.75,6.75
OI02574,ORD01731,M050,3,8.63,25.89
OI02575,ORD01731,M030,1,20.38,20.38
OI02576,ORD01732,M007,3,15.72,47.16
OI02577,ORD01733,M037,3,11.31,33.93
OI02578,ORD01734,M012,2,11.68,23.36
OI02579,ORD01734,M011,1,11.74,11.74
OI02580,ORD01735,M034,1,17.18,17.18
OI02581,ORD01736,M049,3,20.08,60.24
OI02582,ORD01736,M004,1,7.15,7.15
OI02583,ORD01737,M013,2,9.9,19.8
OI02584,ORD01737,M036,2,21.19,42.38
OI02585,ORD01738,M009,2,22.04,44.08
OI02586,ORD01739,M033,3,9.14,27.42
OI02587,ORD01739,M042,3,17.77,53.31
OI02588,ORD01740,M010,3,8.19,24.57
OI02589,ORD01741,M001,2,6.05,12.1
OI02590,ORD01741,M049,2,20.08,40.16
OI02591,ORD01742,M027,2,16.47,32.94
OI02592,ORD01743,M009,1,22.04,22.04
OI02593,ORD01743,M020,1,13.97,13.97
OI02594,ORD01744,M044,1,22.8,22.8
OI02595,ORD01744,M034,2,17.18,34.36
OI02596,ORD01745,M050,1,8.63,8.63
OI02597,ORD01745,M006,1,5.76,5.76
OI02598,ORD01746,M005,3,23.02,69.06
OI02599,ORD01746,M001,2,6.05,12.1
OI02600,ORD01747,M037,3,11.31,33.93
OI02601,ORD01747,M011,2,11.74,23.48
OI02602,ORD01748,M018,3,6.4,19.2
OI02603,ORD01749,M003,2,13.14,26.28
OI02604,ORD01749,M029,1,21.76,21.76
OI02605,ORD01750,M013,1,9.9,9.9
OI02606,ORD01750,M032,3,21.03,63.09
OI02607,ORD01751,M030,3,20.38,61.14
OI02608,ORD01751,M024,2,20.8,41.6
OI02609,ORD01752,M015,1,13.73,13.73
OI02610,ORD01753,M014,2,5.03,10.06
OI02611,ORD01754,M012,1,11.68,11.68
OI02612,ORD01754,M016,1,6.75,6.75
OI02613,ORD01755,M018,2,6.4,12.8
OI02614,ORD01755,M045,1,14.72,14.72
OI02615,ORD01756,M008,3,11.64,34.92
OI02616,ORD01756,M039,2,20.39,40.78
OI02617,ORD01757,M003,1,13.14,13.14
OI02618,ORD01758,M021,1,23.11,23.11
OI02619,ORD01758,M025,3,5.42,16.26
OI02620,ORD01759,M004,3,7.15,21.45
OI02621,ORD01760,M011,2,11.74,23.48
OI02622,ORD01760,M037,2,11.31,22.62
OI02623,ORD01761,M009,1,22.04,22.04
OI02624,ORD01762,M038,1,12.96,12.96
OI02625,ORD01762,M023,3,7.84,23.52
OI02626,ORD01763,M007,1,15.72,15.72
OI02627,ORD01763,M050,1,8.63,8.63
OI02628,ORD01764,M001,3,6.05,18.15
OI02629,ORD01764,M019,3,11.31,33.93
OI02630,ORD01765,M032,1,21.03,21.03
OI02631,ORD01765,M042,2,17.77,35.54
OI02632,ORD01766,M015,3,13.73,41.19
OI02633,ORD01766,M010,2,8.19,16.38
OI02634,ORD01767,M029,2,21.76,43.52
OI02635,ORD01767,M029,1,21.76,21.76
OI02636,ORD01768,M031,2,11.87,23.74
OI02637,ORD01769,M041,3,18.7,56.1
OI02638,ORD01770,M048,1,5.64,5.64
OI02639,ORD01770,M038,1,12.96,12.96
OI02640,ORD01771,M036,1,21.19,21.19
OI02641,ORD01772,M017,3,16.95,50.85
OI02642,ORD01773,M003,2,13.14,26.28
OI02643,ORD01774,M044,1,22.8,22.8
OI02644,ORD01774,M011,2,11.74,23.48
OI02645,ORD01775,M002,2,6.74,13.48
OI02646,ORD01775,M016,2,6.75,13.5
OI02647,ORD01776,M003,3,13.14,39.42
OI02648,ORD01776,M048,1,5.64,5.64
OI02649,ORD01777,M029,1,21.76,21.76
OI02650,ORD01778,M007,2,15.72,31.44
OI02651,ORD01778,M038,2,12.96,25.92
OI02652,ORD01779,M010,3,8.19,24.57
OI02653,ORD01779,M022,1,6.86,6.86
OI02654,ORD01780,M039,1,20.39,20.39
OI02655,ORD01780,M034,2,17.18,34.36
OI02656,ORD01781,M034,2,17.18,34.36
OI02657,ORD01782,M025,2,5.42,10.84
OI02658,ORD01782,M021,2,23.11,46.22
OI02659,ORD01783,M026,3,23.22,69.66
OI02660,ORD01783,M037,1,11.31,11.31
OI02661,ORD01784,M012,3,11.68,35.04
OI02662,ORD01785,M026,3,23.22,69.66
OI02663,ORD01785,M005,3,23.02,69.06
OI02664,ORD01786,M005,2,23.02,46.04
OI02665,ORD01787,M002,1,6.74,6.74
OI02666,ORD01788,M026,3,23.22,69.66
OI02667,ORD01789,M004,3,7.15,21.45
OI02668,ORD01789,M009,1,22.04,22.04
OI02669,ORD01790,M016,3,6.75,20.25
OI02670,ORD01790,M030,1,20.38,20.38
OI02671,ORD01791,M004,1,7.15,7.15
OI02672,ORD01791,M040,3,15.26,45.78
OI02673,ORD01792,M018,1,6.4,6.4
OI02674,ORD01793,M002,1,6.74,6.74
OI02675,ORD01793,M049,1,20.08,20.08
OI02676,ORD01794,M006,1,5.76,5.76
OI02677,ORD01794,M010,1,8.19,8.19
OI02678,ORD01795,M008,3,11.64,34.92
OI02679,ORD01796,M032,3,21.03,63.09
OI02680,ORD01796,M001,2,6.05,12.1
OI02681,ORD01797,M015,2,13.73,27.46
OI02682,ORD01797,M049,2,20.08,40.16
OI02683,ORD01798,M003,1,13.14,13.14
OI02684,ORD01798,M005,2,23.02,46.04
OI02685,ORD01799,M036,2,21.19,42.38
OI02686,ORD01800,M009,2,22.04,44.08
OI02687,ORD01801,M008,2,11.64,23.28
OI02688,ORD01802,M008,1,11.64,11.64
OI02689,ORD01802,M023,1,7.84,7.84
OI02690,ORD01803,M023,1,7.84,7.84
OI02691,ORD01804,M016,3,6.75,20.25
OI02692,ORD01804,M023,2,7.84,15.68
OI02693,ORD01805,M032,3,21.03,63.09
OI02694,ORD01805,M010,1,8.19,8.19
OI02695,ORD01806,M048,1,5.64,5.64
OI02696,ORD01807,M014,2,5.03,10.06
OI02697,ORD01807,M032,1,21.03,21.03
OI02698,ORD01808,M024,2,20.8,41.6
OI02699,ORD01808,M014,3,5.03,15.09
OI02700,ORD01809,M048,2,5.64,11.28
OI02701,ORD01810,M040,1,15.26,15.26
OI02702,ORD01811,M004,3,7.15,21.45
OI02703,ORD01812,M032,2,21.03,42.06
OI02704,ORD01812,M010,3,8.19,24.57
OI02705,ORD01813,M009,2,22.04,44.08
OI02706,ORD01813,M050,2,8.63,17.26
OI02707,ORD01814,M015,2,13.73,27.46
OI02708,ORD01814,M038,2,12.96,25.92
OI02709,ORD01815,M006,2,5.76,11.52
OI02710,ORD01816,M037,2,11.31,22.62
OI02711,ORD01817,M035,2,15.54,31.08
OI02712,ORD01817,M004,1,7.15,7.15
OI02713,ORD01818,M018,1,6.4,6.4
OI02714,ORD01818,M049,1,20.08,20.08
OI02715,ORD01819,M025,3,5.42,16.26
OI02716,ORD01819,M002,2,6.74,13.48
OI02717,ORD01820,M010,3,8.19,24.57
OI02718,ORD01820,M033,1,9.14,9.14
OI02719,ORD01821,M023,3,7.84,23.52
OI02720,ORD01821,M014,2,5.03,10.06
OI02721,ORD01822,M006,1,5.76,5.76
OI02722,ORD01823,M030,3,20.38,61.14
OI02723,ORD01823,M040,2,15.26,30.52
OI02724,ORD01824,M021,1,23.11,23.11
OI02725,ORD01825,M014,1,5.03,5.03
OI02726,ORD01825,M041,3,18.7,56.1
OI02727,ORD01826,M004,3,7.15,21.45
OI02728,ORD01827,M050,1,8.63,8.63
OI02729,ORD01828,M020,1,13.97,13.97
OI02730,ORD01829,M036,3,21.19,63.57
OI02731,ORD01829,M029,1,21.76,21.76
OI02732,ORD01830,M042,2,17.77,35.54
OI02733,ORD01830,M038,3,12.96,38.88
OI02734,ORD01831,M037,3,11.31,33.93
OI02735,ORD01831,M048,2,5.64,11.28
OI02736,ORD01832,M001,3,6.05,18.15
OI02737,ORD01833,M025,2,5.42,10.84
OI02738,ORD01833,M042,2,17.77,35.54
OI02739,ORD01834,M036,1,21.19,21.19
OI02740,ORD01835,M045,3,14.72,44.16
OI02741,ORD01836,M032,2,21.03,42.06
OI02742,ORD01837,M008,1,11.64,11.64
OI02743,ORD01837,M032,2,21.03,42.06
OI02744,ORD01838,M049,2,20.08,40.16
OI02745,ORD01838,M045,1,14.72,14.72
OI02746,ORD01839,M001,3,6.05,18.15
OI02747,ORD01840,M037,3,11.31,33.93
OI02748,ORD01840,M039,2,20.39,40.78
OI02749,ORD01841,M040,3,15.26,45.78
OI02750,ORD01841,M001,2,6.05,12.1
OI02751,ORD01842,M021,2,23.11,46.22
OI02752,ORD01843,M049,1,20.08,20.08
OI02753,ORD01843,M012,2,11.68,23.36
OI02754,ORD01844,M010,2,8.19,16.38
OI02755,ORD01844,M003,1,13.14,13.14
OI02756,ORD01845,M011,3,11.74,35.22
OI02757,ORD01846,M032,2,21.03,42.06
OI02758,ORD01847,M050,3,8.63,25.89
OI02759,ORD01848,M041,2,18.7,37.4
OI02760,ORD01848,M043,3,18.33,54.99
OI02761,ORD01849,M012,1,11.68,11.68
OI02762,ORD01850,M008,3,11.64,34.92
OI02763,ORD01850,M002,3,6.74,20.22
OI02764,ORD01851,M006,1,5.76,5.76
OI02765,ORD01852,M027,1,16.47,16.47
OI02766,ORD01853,M023,2,7.84,15.68
OI02767,ORD01854,M044,3,22.8,68.4
OI02768,ORD01854,M031,2,11.87,23.74
OI02769,ORD01855,M039,2,20.39,40.78
OI02770,ORD01855,M003,2,13.14,26.28
OI02771,ORD01856,M034,3,17.18,51.54
OI02772,ORD01856,M045,2,14.72,29.44
OI02773,ORD01857,M042,1,17.77,17.77
OI02774,ORD01858,M034,2,17.18,34.36
OI02775,ORD01858,M001,1,6.05,6.05
OI02776,ORD01859,M029,1,21.76,21.76
OI02777,ORD01860,M024,2,20.8,41.6
OI02778,ORD01860,M031,1,11.87,11.87
OI02779,ORD01861,M003,2,13.14,26.28
OI02780,ORD01862,M034,1,17.18,17.18
OI02781,ORD01862,M038,1,12.96,12.96
OI02782,ORD01863,M018,1,6.4,6.4
OI02783,ORD01864,M014,1,5.03,5.03
OI02784,ORD01864,M018,2,6.4,12.8
OI02785,ORD01865,M021,3,23.11,69.33
OI02786,ORD01866,M026,2,23.22,46.44
OI02787,ORD01866,M023,2,7.84,15.68
OI02788,ORD01867,M025,1,5.42,5.42
OI02789,ORD01867,M049,1,20.08,20.08
OI02790,ORD01868,M049,3,20.08,60.24
OI02791,ORD01868,M042,3,17.77,53.31
OI02792,ORD01869,M050,2,8.63,17.26
OI02793,ORD01870,M008,1,11.64,11.64
OI02794,ORD01871,M015,3,13.73,41.19
OI02795,ORD01872,M036,3,21.19,63.57
OI02796,ORD01873,M050,1,8.63,8.63
OI02797,ORD01873,M039,3,20.39,61.17
OI02798,ORD01874,M034,1,17.18,17.18
OI02799,ORD01875,M011,2,11.74,23.48
OI02800,ORD01875,M008,2,11.64,23.28
OI02801,ORD01876,M044,2,22.8,45.6
OI02802,ORD01876,M033,3,9.14,27.42
OI02803,ORD01877,M023,2,7.84,15.68
OI02804,ORD01878,M043,2,18.33,36.66
OI02805,ORD01878,M045,1,14.72,14.72
OI02806,ORD01879,M017,2,16.95,33.9
OI02807,ORD01880,M046,1,18.37,18.37
OI02808,ORD01880,M020,3,13.97,41.91
OI02809,ORD01881,M021,1,23.11,23.11
OI02810,ORD01881,M040,2,15.26,30.52
OI02811,ORD01882,M046,2,18.37,36.74
OI02812,ORD01882,M033,3,9.14,27.42
OI02813,ORD01883,M005,1,23.02,23.02
OI02814,ORD01884,M038,1,12.96,12.96
OI02815,ORD01885,M045,3,14.72,44.16
OI02816,ORD01886,M048,1,5.64,5.64
OI02817,ORD01886,M049,2,20.08,40.16
OI02818,ORD01887,M028,3,10.31,30.93
OI02819,ORD01887,M018,3,6.4,19.2
OI02820,ORD01888,M024,1,20.8,20.8
OI02821,ORD01888,M049,2,20.08,40.16
OI02822,ORD01889,M010,2,8.19,16.38
OI02823,ORD01890,M038,2,12.96,25.92
OI02824,ORD01891,M009,3,22.04,66.12
OI02825,ORD01892,M044,1,22.8,22.8
OI02826,ORD01893,M003,2,13.14,26.28
OI02827,ORD01894,M017,2,16.95,33.9
OI02828,ORD01895,M046,2,18.37,36.74
OI02829,ORD01895,M015,1,13.73,13.73
OI02830,ORD01896,M003,3,13.14,39.42
OI02831,ORD01897,M027,3,16.47,49.41
OI02832,ORD01898,M004,1,7.15,7.15
OI02833,ORD01899,M006,2,5.76,11.52
OI02834,ORD01899,M025,1,5.42,5.42
OI02835,ORD01900,M032,3,21.03,63.09
OI02836,ORD01900,M022,3,6.86,20.58
OI02837,ORD01901,M004,1,7.15,7.15
OI02838,ORD01901,M020,3,13.97,41.91
OI02839,ORD01902,M036,3,21.19,63.57
OI02840,ORD01903,M034,3,17.18,51.54
OI02841,ORD01903,M023,3,7.84,23.52
OI02842,ORD01904,M017,1,16.95,16.95
OI02843,ORD01904,M025,2,5.42,10.84
OI02844,ORD01905,M010,3,8.19,24.57
OI02845,ORD01906,M025,3,5.42,16.26
OI02846,ORD01906,M032,1,21.03,21.03
OI02847,ORD01907,M041,1,18.7,18.7
OI02848,ORD01907,M023,1,7.84,7.84
OI02849,ORD01908,M015,2,13.73,27.46
OI02850,ORD01909,M022,2,6.86,13.72
OI02851,ORD01910,M024,2,20.8,41.6
OI02852,ORD01911,M044,2,22.8,45.6
OI02853,ORD01912,M030,1,20.38,20.38
OI02854,ORD01912,M050,3,8.63,25.89
OI02855,ORD01913,M047,3,12.49,37.47
OI02856,ORD01913,M039,2,20.39,40.78
OI02857,ORD01914,M019,2,11.31,22.62
OI02858,ORD01914,M027,1,16.47,16.47
OI02859,ORD01915,M013,3,9.9,29.7
OI02860,ORD01915,M020,2,13.97,27.94
OI02861,ORD01916,M034,1,17.18,17.18
OI02862,ORD01916,M050,3,8.63,25.89
OI02863,ORD01917,M028,1,10.31,10.31
OI02864,ORD01918,M027,2,16.47,32.94
OI02865,ORD01919,M005,2,23.02,46.04
OI02866,ORD01920,M018,1,6.4,6.4
OI02867,ORD01920,M002,2,6.74,13.48
OI02868,ORD01921,M047,2,12.49,24.98
OI02869,ORD01922,M021,1,23.11,23.11
OI02870,ORD01922,M017,2,16.95,33.9
OI02871,ORD01923,M035,3,15.54,46.62
OI02872,ORD01924,M037,1,11.31,11.31
OI02873,ORD01925,M042,1,17.77,17.77
OI02874,ORD01926,M011,2,11.74,23.48
OI02875,ORD01927,M043,2,18.33,36.66
OI02876,ORD01927,M007,1,15.72,15.72
OI02877,ORD01928,M006,1,5.76,5.76
OI02878,ORD01929,M010,2,8.19,16.38
OI02879,ORD01929,M033,3,9.14,27.42
OI02880,ORD01930,M033,1,9.14,9.14
OI02881,ORD01930,M001,1,6.05,6.05
OI02882,ORD01931,M018,2,6.4,12.8
OI02883,ORD01931,M001,3,6.05,18.15
OI02884,ORD01932,M023,1,7.84,7.84
OI02885,ORD01933,M006,1,5.76,5.76
OI02886,ORD01934,M004,1,7.15,7.15
OI02887,ORD01935,M025,3,5.42,16.26
OI02888,ORD01936,M038,1,12.96,12.96
OI02889,ORD01937,M034,3,17.18,51.54
OI02890,ORD01938,M014,1,5.03,5.03
OI02891,ORD01938,M048,3,5.64,16.92
OI02892,ORD01939,M008,2,11.64,23.28
OI02893,ORD01940,M022,3,6.86,20.58
OI02894,ORD01941,M030,2,20.38,40.76
OI02895,ORD01941,M007,2,15.72,31.44
OI02896,ORD01942,M005,2,23.02,46.04
OI02897,ORD01942,M030,1,20.38,20.38
OI02898,ORD01943,M034,1,17.18,17.18
OI02899,ORD01943,M001,1,6.05,6.05
OI02900,ORD01944,M044,3,22.8,68.4
OI02901,ORD01945,M035,2,15.54,31.08
OI02902,ORD01945,M041,2,18.7,37.4
OI02903,ORD01946,M030,1,20.38,20.38
OI02904,ORD01946,M036,1,21.19,21.19
OI02905,ORD01947,M048,3,5.64,16.92
OI02906,ORD01947,M013,2,9.9,19.8
OI02907,ORD01948,M005,2,23.02,46.04
OI02908,ORD01949,M015,1,13.73,13.73
OI02909,ORD01950,M021,3,23.11,69.33
OI02910,ORD01950,M026,3,23.22,69.66
OI02911,ORD01951,M027,2,16.47,32.94
OI02912,ORD01951,M005,3,23.02,69.06
OI02913,ORD01952,M004,1,7.15,7.15
OI02914,ORD01952,M045,2,14.72,29.44
OI02915,ORD01953,M033,2,9.14,18.28
OI02916,ORD01953,M037,2,11.31,22.62
OI02917,ORD01954,M011,1,11.74,11.74
OI02918,ORD01955,M044,3,22.8,68.4
OI02919,ORD01956,M032,3,21.03,63.09
OI02920,ORD01957,M007,1,15.72,15.72
OI02921,ORD01958,M039,2,20.39,40.78
OI02922,ORD01959,M045,1,14.72,14.72
OI02923,ORD01960,M049,1,20.08,20.08
OI02924,ORD01961,M015,1,13.73,13.73
OI02925,ORD01961,M022,1,6.86,6.86
OI02926,ORD01962,M011,3,11.74,35.22
OI02927,ORD01962,M014,3,5.03,15.09
OI02928,ORD01963,M008,1,11.64,11.64
OI02929,ORD01963,M025,3,5.42,16.26
OI02930,ORD01964,M044,2,22.8,45.6
OI02931,ORD01964,M001,3,6.05,18.15
OI02932,ORD01965,M028,3,10.31,30.93
OI02933,ORD01966,M004,1,7.15,7.15
OI02934,ORD01966,M037,1,11.31,11.31
OI02935,ORD01967,M008,2,11.64,23.28
OI02936,ORD01968,M026,1,23.22,23.22
OI02937,ORD01968,M024,1,20.8,20.8
OI02938,ORD01969,M007,1,15.72,15.72
OI02939,ORD01969,M040,2,15.26,30.52
OI02940,ORD01970,M030,2,20.38,40.76
OI02941,ORD01971,M032,1,21.03,21.03
OI02942,ORD01972,M045,1,14.72,14.72
OI02943,ORD01972,M023,3,7.84,23.52
OI02944,ORD01973,M031,2,11.87,23.74
OI02945,ORD01974,M025,3,5.42,16.26
OI02946,ORD01974,M009,3,22.04,66.12
OI02947,ORD01975,M025,2,5.42,10.84
OI02948,ORD01975,M013,1,9.9,9.9
OI02949,ORD01976,M008,2,11.64,23.28
OI02950,ORD01977,M012,1,11.68,11.68
OI02951,ORD01977,M047,2,12.49,24.98
OI02952,ORD01978,M019,1,11.31,11.31
OI02953,ORD01978,M028,2,10.31,20.62
OI02954,ORD01979,M049,1,20.08,20.08
OI02955,ORD01980,M033,2,9.14,18.28
OI02956,ORD01980,M002,3,6.74,20.22
OI02957,ORD01981,M011,3,11.74,35.22
OI02958,ORD01981,M033,3,9.14,27.42
OI02959,ORD01982,M042,2,17.77,35.54
OI02960,ORD01983,M019,3,11.31,33.93
OI02961,ORD01984,M043,2,18.33,36.66
OI02962,ORD01984,M049,3,20.08,60.24
OI02963,ORD01985,M046,2,18.37,36.74
OI02964,ORD01986,M046,3,18.37,55.11
OI02965,ORD01986,M015,3,13.73,41.19
OI02966,ORD01987,M043,3,18.33,54.99
OI02967,ORD01988,M030,2,20.38,40.76
OI02968,ORD01989,M032,2,21.03,42.06
OI02969,ORD01990,M030,3,20.38,61.14
OI02970,ORD01991,M034,3,17.18,51.54
OI02971,ORD01992,M011,1,11.74,11.74
OI02972,ORD01993,M004,2,7.15,14.3
OI02973,ORD01994,M003,2,13.14,26.28
OI02974,ORD01995,M023,3,7.84,23.52
OI02975,ORD01995,M038,3,12.96,38.88
OI02976,ORD01996,M020,3,13.97,41.91
OI02977,ORD01997,M017,3,16.95,50.85
OI02978,ORD01998,M050,3,8.63,25.89
OI02979,ORD01999,M004,1,7.15,7.15
OI02980,ORD01999,M046,2,18.37,36.74
OI02981,ORD02000,M015,2,13.73,27.46
OI02982,ORD02000,M032,1,21.03,21.03
OI02983,ORD02001,M006,3,5.76,17.28
OI02984,ORD02001,M030,2,20.38,40.76
OI02985,ORD02002,M046,3,18.37,55.11
OI02986,ORD02003,M023,1,7.84,7.84
OI02987,ORD02004,M020,2,13.97,27.94
OI02988,ORD02004,M014,1,5.03,5.03
OI02989,ORD02005,M035,3,15.54,46.62
OI02990,ORD02005,M031,2,11.87,23.74
OI02991,ORD02006,M046,1,18.37,18.37
OI02992,ORD02007,M049,3,20.08,60.24
OI02993,ORD02007,M024,3,20.8,62.4
OI02994,ORD02008,M037,1,11.31,11.31
OI02995,ORD02009,M029,1,21.76,21.76
OI02996,ORD02010,M024,1,20.8,20.8
OI02997,ORD02011,M044,3,22.8,68.4
OI02998,ORD02012,M035,2,15.54,31.08
OI02999,ORD02012,M050,3,8.63,25.89
OI03000,ORD02013,M029,2,21.76,43.52
OI03001,ORD02013,M013,1,9.9,9.9
OI03002,ORD02014,M014,2,5.03,10.06
OI03003,ORD02014,M049,3,20.08,60.24
OI03004,ORD02015,M042,2,17.77,35.54
OI03005,ORD02015,M004,3,7.15,21.45
OI03006,ORD02016,M027,3,16.47,49.41
OI03007,ORD02017,M049,3,20.08,60.24
OI03008,ORD02017,M019,2,11.31,22.62
OI03009,ORD02018,M024,2,20.8,41.6
OI03010,ORD02018,M046,2,18.37,36.74
OI03011,ORD02019,M042,2,17.77,35.54
OI03012,ORD02019,M002,2,6.74,13.48
OI03013,ORD02020,M013,2,9.9,19.8
OI03014,ORD02020,M003,1,13.14,13.14
OI03015,ORD02021,M009,2,22.04,44.08
OI03016,ORD02021,M030,3,20.38,61.14
OI03017,ORD02022,M031,1,11.87,11.87
OI03018,ORD02023,M039,3,20.39,61.17
OI03019,ORD02024,M019,1,11.31,11.31
OI03020,ORD02024,M019,1,11.31,11.31
OI03021,ORD02025,M020,3,13.97,41.91
OI03022,ORD02025,M026,1,23.22,23.22
OI03023,ORD02026,M011,1,11.74,11.74
OI03024,ORD02026,M031,2,11.87,23.74
OI03025,ORD02027,M048,3,5.64,16.92
OI03026,ORD02028,M026,3,23.22,69.66
OI03027,ORD02028,M003,3,13.14,39.42
OI03028,ORD02029,M036,3,21.19,63.57
OI03029,ORD02030,M036,3,21.19,63.57
OI03030,ORD02030,M033,1,9.14,9.14
OI03031,ORD02031,M004,2,7.15,14.3
OI03032,ORD02031,M042,2,17.77,35.54
OI03033,ORD02032,M005,1,23.02,23.02
OI03034,ORD02032,M047,2,12.49,24.98
OI03035,ORD02033,M046,2,18.37,36.74
OI03036,ORD02033,M022,2,6.86,13.72
OI03037,ORD02034,M036,3,21.19,63.57
OI03038,ORD02035,M041,1,18.7,18.7
OI03039,ORD02035,M026,3,23.22,69.66
OI03040,ORD02036,M010,1,8.19,8.19
OI03041,ORD02036,M011,2,11.74,23.48
OI03042,ORD02037,M015,3,13.73,41.19
OI03043,ORD02038,M040,3,15.26,45.78
OI03044,ORD02039,M007,2,15.72,31.44
OI03045,ORD02039,M005,1,23.02,23.02
OI03046,ORD02040,M044,3,22.8,68.4
OI03047,ORD02040,M039,2,20.39,40.78
OI03048,ORD02041,M028,3,10.31,30.93
OI03049,ORD02041,M028,3,10.31,30.93
OI03050,ORD02042,M022,1,6.86,6.86
OI03051,ORD02043,M011,2,11.74,23.48
OI03052,ORD02043,M021,3,23.11,69.33
OI03053,ORD02044,M024,1,20.8,20.8
OI03054,ORD02044,M018,3,6.4,19.2
OI03055,ORD02045,M018,1,6.4,6.4
OI03056,ORD02045,M012,3,11.68,35.04
OI03057,ORD02046,M007,1,15.72,15.72
OI03058,ORD02047,M027,2,16.47,32.94
OI03059,ORD02047,M048,3,5.64,16.92
OI03060,ORD02048,M023,2,7.84,15.68
OI03061,ORD02048,M045,2,14.72,29.44
OI03062,ORD02049,M009,3,22.04,66.12
OI03063,ORD02050,M011,1,11.74,11.74
OI03064,ORD02050,M013,2,9.9,19.8
OI03065,ORD02051,M022,2,6.86,13.72
OI03066,ORD02051,M036,3,21.19,63.57
OI03067,ORD02052,M042,3,17.77,53.31
OI03068,ORD02053,M003,2,13.14,26.28
OI03069,ORD02053,M019,2,11.31,22.62
OI03070,ORD02054,M050,2,8.63,17.26
OI03071,ORD02054,M018,1,6.4,6.4
OI03072,ORD02055,M019,3,11.31,33.93
OI03073,ORD02055,M008,1,11.64,11.64
OI03074,ORD02056,M001,2,6.05,12.1
OI03075,ORD02056,M040,3,15.26,45.78
OI03076,ORD02057,M045,2,14.72,29.44
OI03077,ORD02057,M033,3,9.14,27.42
OI03078,ORD02058,M016,3,6.75,20.25
OI03079,ORD02058,M007,1,15.72,15.72
OI03080,ORD02059,M048,2,5.64,11.28
OI03081,ORD02060,M010,1,8.19,8.19
OI03082,ORD02060,M021,2,23.11,46.22
OI03083,ORD02061,M046,2,18.37,36.74
OI03084,ORD02061,M025,3,5.42,16.26
OI03085,ORD02062,M007,1,15.72,15.72
OI03086,ORD02062,M006,3,5.76,17.28
OI03087,ORD02063,M031,1,11.87,11.87
OI03088,ORD02064,M019,3,11.31,33.93
OI03089,ORD02065,M008,3,11.64,34.92
OI03090,ORD02066,M039,2,20.39,40.78
OI03091,ORD02066,M028,2,10.31,20.62
OI03092,ORD02067,M009,1,22.04,22.04
OI03093,ORD02068,M001,1,6.05,6.05
OI03094,ORD02068,M001,3,6.05,18.15
OI03095,ORD02069,M027,3,16.47,49.41
OI03096,ORD02070,M020,1,13.97,13.97
OI03097,ORD02070,M044,1,22.8,22.8
OI03098,ORD02071,M028,2,10.31,20.62
OI03099,ORD02072,M040,3,15.26,45.78
OI03100,ORD02073,M022,1,6.86,6.86
OI03101,ORD02073,M045,3,14.72,44.16
OI03102,ORD02074,M042,3,17.77,53.31
OI03103,ORD02074,M046,3,18.37,55.11
OI03104,ORD02075,M007,2,15.72,31.44
OI03105,ORD02076,M019,1,11.31,11.31
OI03106,ORD02077,M048,2,5.64,11.28
OI03107,ORD02078,M025,2,5.42,10.84
OI03108,ORD02079,M001,2,6.05,12.1
OI03109,ORD02080,M021,1,23.11,23.11
OI03110,ORD02081,M025,3,5.42,16.26
OI03111,ORD02081,M011,1,11.74,11.74
OI03112,ORD02082,M013,1,9.9,9.9
OI03113,ORD02082,M010,3,8.19,24.57
OI03114,ORD02083,M045,2,14.72,29.44
OI03115,ORD02084,M050,1,8.63,8.63
OI03116,ORD02084,M001,2,6.05,12.1
OI03117,ORD02085,M005,2,23.02,46.04
OI03118,ORD02086,M005,3,23.02,69.06
OI03119,ORD02087,M028,2,10.31,20.62
OI03120,ORD02088,M046,2,18.37,36.74
OI03121,ORD02088,M048,3,5.64,16.92
OI03122,ORD02089,M034,1,17.18,17.18
OI03123,ORD02089,M047,1,12.49,12.49
OI03124,ORD02090,M004,1,7.15,7.15
OI03125,ORD02090,M016,1,6.75,6.75
OI03126,ORD02091,M012,1,11.68,11.68
OI03127,ORD02092,M001,1,6.05,6.05
OI03128,ORD02092,M037,3,11.31,33.93
OI03129,ORD02093,M037,1,11.31,11.31
OI03130,ORD02093,M027,3,16.47,49.41
OI03131,ORD02094,M039,3,20.39,61.17
OI03132,ORD02094,M024,3,20.8,62.4
OI03133,ORD02095,M016,1,6.75,6.75
OI03134,ORD02095,M042,1,17.77,17.77
OI03135,ORD02096,M012,3,11.68,35.04
OI03136,ORD02097,M037,2,11.31,22.62
OI03137,ORD02097,M044,2,22.8,45.6
OI03138,ORD02098,M018,1,6.4,6.4
OI03139,ORD02098,M048,2,5.64,11.28
OI03140,ORD02099,M018,2,6.4,12.8
OI03141,ORD02100,M022,3,6.86,20.58
OI03142,ORD02100,M009,3,22.04,66.12
OI03143,ORD02101,M003,3,13.14,39.42
OI03144,ORD02101,M033,3,9.14,27.42
OI03145,ORD02102,M013,3,9.9,29.7
OI03146,ORD02102,M029,3,21.76,65.28
OI03147,ORD02103,M047,2,12.49,24.98
OI03148,ORD02103,M036,3,21.19,63.57
OI03149,ORD02104,M042,2,17.77,35.54
OI03150,ORD02104,M022,1,6.86,6.86
OI03151,ORD02105,M014,3,5.03,15.09
OI03152,ORD02105,M004,1,7.15,7.15
OI03153,ORD02106,M020,1,13.97,13.97
OI03154,ORD02106,M035,3,15.54,46.62
OI03155,ORD02107,M022,2,6.86,13.72
OI03156,ORD02108,M027,1,16.47,16.47
OI03157,ORD02108,M035,2,15.54,31.08
OI03158,ORD02109,M007,3,15.72,47.16
OI03159,ORD02110,M035,1,15.54,15.54
OI03160,ORD02110,M026,1,23.22,23.22
OI03161,ORD02111,M027,3,16.47,49.41
OI03162,ORD02112,M006,3,5.76,17.28
OI03163,ORD02113,M033,3,9.14,27.42
OI03164,ORD02114,M021,2,23.11,46.22
OI03165,ORD02114,M028,3,10.31,30.93
OI03166,ORD02115,M039,3,20.39,61.17
OI03167,ORD02115,M038,3,12.96,38.88
OI03168,ORD02116,M022,2,6.86,13.72
OI03169,ORD02116,M041,3,18.7,56.1
OI03170,ORD02117,M010,1,8.19,8.19
OI03171,ORD02118,M020,1,13.97,13.97
OI03172,ORD02119,M046,3,18.37,55.11
OI03173,ORD02119,M023,3,7.84,23.52
OI03174,ORD02120,M024,1,20.8,20.8
OI03175,ORD02121,M001,3,6.05,18.15
OI03176,ORD02122,M034,2,17.18,34.36
OI03177,ORD02123,M021,2,23.11,46.22
OI03178,ORD02124,M007,3,15.72,47.16
OI03179,ORD02124,M018,3,6.4,19.2
OI03180,ORD02125,M045,3,14.72,44.16
OI03181,ORD02125,M014,2,5.03,10.06
OI03182,ORD02126,M029,1,21.76,21.76
OI03183,ORD02127,M007,3,15.72,47.16
OI03184,ORD02128,M031,2,11.87,23.74
OI03185,ORD02128,M038,1,12.96,12.96
OI03186,ORD02129,M030,3,20.38,61.14
OI03187,ORD02130,M009,2,22.04,44.08
OI03188,ORD02131,M027,2,16.47,32.94
OI03189,ORD02132,M017,2,16.95,33.9
OI03190,ORD02132,M029,2,21.76,43.52
OI03191,ORD02133,M002,2,6.74,13.48
OI03192,ORD02134,M040,1,15.26,15.26
OI03193,ORD02134,M033,3,9.14,27.42
OI03194,ORD02135,M027,2,16.47,32.94
OI03195,ORD02136,M028,2,10.31,20.62
OI03196,ORD02136,M041,1,18.7,18.7
OI03197,ORD02137,M008,3,11.64,34.92
OI03198,ORD02137,M050,1,8.63,8.63
OI03199,ORD02138,M033,1,9.14,9.14
OI03200,ORD02139,M033,3,9.14,27.42
OI03201,ORD02139,M033,1,9.14,9.14
OI03202,ORD02140,M018,1,6.4,6.4
OI03203,ORD02140,M005,1,23.02,23.02
OI03204,ORD02141,M021,1,23.11,23.11
OI03205,ORD02141,M032,2,21.03,42.06
OI03206,ORD02142,M040,3,15.26,45.78
OI03207,ORD02142,M031,3,11.87,35.61
OI03208,ORD02143,M027,2,16.47,32.94
OI03209,ORD02144,M012,3,11.68,35.04
OI03210,ORD02145,M018,3,6.4,19.2
OI03211,ORD02145,M015,2,13.73,27.46
OI03212,ORD02146,M016,2,6.75,13.5
OI03213,ORD02146,M036,3,21.19,63.57
OI03214,ORD02147,M018,3,6.4,19.2
OI03215,ORD02148,M024,3,20.8,62.4
OI03216,ORD02149,M038,1,12.96,12.96
OI03217,ORD02149,M011,2,11.74,23.48
OI03218,ORD02150,M021,1,23.11,23.11
OI03219,ORD02151,M041,3,18.7,56.1
OI03220,ORD02151,M018,2,6.4,12.8
OI03221,ORD02152,M034,2,17.18,34.36
OI03222,ORD02152,M014,2,5.03,10.06
OI03223,ORD02153,M039,1,20.39,20.39
OI03224,ORD02154,M013,3,9.9,29.7
OI03225,ORD02154,M018,2,6.4,12.8
OI03226,ORD02155,M046,2,18.37,36.74
OI03227,ORD02156,M003,2,13.14,26.28
OI03228,ORD02157,M005,1,23.02,23.02
OI03229,ORD02157,M002,3,6.74,20.22
OI03230,ORD02158,M039,2,20.39,40.78
OI03231,ORD02159,M002,1,6.74,6.74
OI03232,ORD02160,M012,3,11.68,35.04
OI03233,ORD02161,M007,2,15.72,31.44
OI03234,ORD02162,M009,2,22.04,44.08
OI03235,ORD02163,M027,1,16.47,16.47
OI03236,ORD02163,M023,2,7.84,15.68
OI03237,ORD02164,M035,1,15.54,15.54
OI03238,ORD02165,M023,1,7.84,7.84
OI03239,ORD02165,M017,3,16.95,50.85
OI03240,ORD02166,M044,1,22.8,22.8
OI03241,ORD02167,M001,2,6.05,12.1
OI03242,ORD02168,M029,2,21.76,43.52
OI03243,ORD02168,M006,2,5.76,11.52
OI03244,ORD02169,M027,1,16.47,16.47
OI03245,ORD02169,M019,3,11.31,33.93
OI03246,ORD02170,M044,3,22.8,68.4
OI03247,ORD02170,M048,1,5.64,5.64
OI03248,ORD02171,M038,2,12.96,25.92
OI03249,ORD02172,M026,1,23.22,23.22
OI03250,ORD02172,M043,1,18.33,18.33
OI03251,ORD02173,M015,3,13.73,41.19
OI03252,ORD02174,M041,2,18.7,37.4
OI03253,ORD02174,M015,1,13.73,13.73
OI03254,ORD02175,M003,3,13.14,39.42
OI03255,ORD02176,M012,1,11.68,11.68
OI03256,ORD02177,M039,3,20.39,61.17
OI03257,ORD02178,M016,3,6.75,20.25
OI03258,ORD02179,M040,3,15.26,45.78
OI03259,ORD02180,M003,2,13.14,26.28
OI03260,ORD02180,M049,2,20.08,40.16
OI03261,ORD02181,M014,1,5.03,5.03
OI03262,ORD02182,M044,2,22.8,45.6
OI03263,ORD02183,M022,2,6.86,13.72
OI03264,ORD02184,M044,2,22.8,45.6
OI03265,ORD02184,M032,1,21.03,21.03
OI03266,ORD02185,M049,3,20.08,60.24
OI03267,ORD02185,M047,3,12.49,37.47
OI03268,ORD02186,M022,1,6.86,6.86
OI03269,ORD02187,M041,1,18.7,18.7
OI03270,ORD02187,M015,3,13.73,41.19
OI03271,ORD02188,M005,3,23.02,69.06
OI03272,ORD02188,M014,3,5.03,15.09
OI03273,ORD02189,M025,2,5.42,10.84
OI03274,ORD02190,M045,3,14.72,44.16
OI03275,ORD02191,M030,1,20.38,20.38
OI03276,ORD02192,M030,2,20.38,40.76
OI03277,ORD02192,M018,1,6.4,6.4
OI03278,ORD02193,M018,2,6.4,12.8
OI03279,ORD02193,M035,1,15.54,15.54
OI03280,ORD02194,M011,1,11.74,11.74
OI03281,ORD02194,M048,3,5.64,16.92
OI03282,ORD02195,M003,3,13.14,39.42
OI03283,ORD02196,M043,3,18.33,54.99
OI03284,ORD02197,M040,1,15.26,15.26
OI03285,ORD02197,M035,2,15.54,31.08
OI03286,ORD02198,M005,1,23.02,23.02
OI03287,ORD02199,M010,3,8.19,24.57
OI03288,ORD02200,M024,2,20.8,41.6
OI03289,ORD02201,M031,2,11.87,23.74
OI03290,ORD02202,M021,1,23.11,23.11
OI03291,ORD02203,M049,3,20.08,60.24
OI03292,ORD02204,M016,1,6.75,6.75
OI03293,ORD02204,M013,2,9.9,19.8
OI03294,ORD02205,M042,3,17.77,53.31
OI03295,ORD02206,M048,2,5.64,11.28
OI03296,ORD02207,M042,2,17.77,35.54
OI03297,ORD02207,M020,2,13.97,27.94
OI03298,ORD02208,M033,2,9.14,18.28
OI03299,ORD02208,M032,3,21.03,63.09
OI03300,ORD02209,M018,2,6.4,12.8
OI03301,ORD02209,M005,1,23.02,23.02
OI03302,ORD02210,M012,1,11.68,11.68
OI03303,ORD02210,M002,2,6.74,13.48
OI03304,ORD02211,M038,2,12.96,25.92
OI03305,ORD02211,M007,2,15.72,31.44
OI03306,ORD02212,M049,3,20.08,60.24
OI03307,ORD02212,M027,2,16.47,32.94
OI03308,ORD02213,M026,2,23.22,46.44
OI03309,ORD02214,M014,3,5.03,15.09
OI03310,ORD02215,M048,1,5.64,5.64
OI03311,ORD02216,M022,1,6.86,6.86
OI03312,ORD02217,M011,2,11.74,23.48
OI03313,ORD02218,M012,3,11.68,35.04
OI03314,ORD02218,M004,1,7.15,7.15
OI03315,ORD02219,M019,2,11.31,22.62
OI03316,ORD02219,M035,3,15.54,46.62
OI03317,ORD02220,M010,3,8.19,24.57
OI03318,ORD02221,M014,1,5.03,5.03
OI03319,ORD02221,M030,2,20.38,40.76
OI03320,ORD02222,M035,3,15.54,46.62
OI03321,ORD02223,M036,1,21.19,21.19
OI03322,ORD02223,M038,3,12.96,38.88
OI03323,ORD02224,M043,2,18.33,36.66
OI03324,ORD02224,M047,1,12.49,12.49
OI03325,ORD02225,M035,3,15.54,46.62
OI03326,ORD02225,M026,1,23.22,23.22
OI03327,ORD02226,M037,3,11.31,33.93
OI03328,ORD02227,M024,3,20.8,62.4
OI03329,ORD02228,M047,2,12.49,24.98
OI03330,ORD02228,M037,1,11.31,11.31
OI03331,ORD02229,M006,3,5.76,17.28
OI03332,ORD02229,M021,2,23.11,46.22
OI03333,ORD02230,M020,3,13.97,41.91
OI03334,ORD02230,M004,3,7.15,21.45
OI03335,ORD02231,M035,2,15.54,31.08
OI03336,ORD02232,M044,2,22.8,45.6
OI03337,ORD02232,M040,3,15.26,45.78
OI03338,ORD02233,M041,2,18.7,37.4
OI03339,ORD02233,M008,2,11.64,23.28
OI03340,ORD02234,M050,3,8.63,25.89
OI03341,ORD02235,M041,1,18.7,18.7
OI03342,ORD02236,M001,3,6.05,18.15
OI03343,ORD02237,M021,1,23.11,23.11
OI03344,ORD02237,M009,3,22.04,66.12
OI03345,ORD02238,M028,3,10.31,30.93
OI03346,ORD02238,M020,2,13.97,27.94
OI03347,ORD02239,M021,1,23.11,23.11
OI03348,ORD02239,M021,1,23.11,23.11
OI03349,ORD02240,M017,1,16.95,16.95
OI03350,ORD02241,M015,2,13.73,27.46
OI03351,ORD02241,M019,3,11.31,33.93
OI03352,ORD02242,M050,3,8.63,25.89
OI03353,ORD02242,M017,1,16.95,16.95
OI03354,ORD02243,M045,3,14.72,44.16
OI03355,ORD02243,M039,3,20.39,61.17
OI03356,ORD02244,M028,2,10.31,20.62
OI03357,ORD02244,M015,3,13.73,41.19
OI03358,ORD02245,M018,1,6.4,6.4
OI03359,ORD02245,M039,2,20.39,40.78
OI03360,ORD02246,M014,3,5.03,15.09
OI03361,ORD02247,M032,1,21.03,21.03
OI03362,ORD02248,M039,1,20.39,20.39
OI03363,ORD02249,M023,1,7.84,7.84
OI03364,ORD02250,M050,1,8.63,8.63
OI03365,ORD02251,M001,1,6.05,6.05
OI03366,ORD02252,M005,1,23.02,23.02
OI03367,ORD02253,M043,2,18.33,36.66
OI03368,ORD02254,M031,1,11.87,11.87
OI03369,ORD02255,M043,2,18.33,36.66
OI03370,ORD02255,M041,1,18.7,18.7
OI03371,ORD02256,M008,2,11.64,23.28
OI03372,ORD02256,M019,1,11.31,11.31
OI03373,ORD02257,M021,1,23.11,23.11
OI03374,ORD02258,M012,2,11.68,23.36
OI03375,ORD02258,M002,3,6.74,20.22
OI03376,ORD02259,M034,2,17.18,34.36
OI03377,ORD02259,M014,1,5.03,5.03
OI03378,ORD02260,M048,1,5.64,5.64
OI03379,ORD02261,M011,2,11.74,23.48
OI03380,ORD02262,M038,3,12.96,38.88
OI03381,ORD02263,M037,3,11.31,33.93
OI03382,ORD02263,M018,3,6.4,19.2
OI03383,ORD02264,M007,1,15.72,15.72
OI03384,ORD02265,M029,2,21.76,43.52
OI03385,ORD02266,M007,3,15.72,47.16
OI03386,ORD02266,M010,3,8.19,24.57
OI03387,ORD02267,M033,3,9.14,27.42
OI03388,ORD02267,M023,1,7.84,7.84
OI03389,ORD02268,M022,3,6.86,20.58
OI03390,ORD02268,M013,1,9.9,9.9
OI03391,ORD02269,M028,2,10.31,20.62
OI03392,ORD02270,M027,1,16.47,16.47
OI03393,ORD02270,M024,1,20.8,20.8
OI03394,ORD02271,M001,3,6.05,18.15
OI03395,ORD02271,M029,1,21.76,21.76
OI03396,ORD02272,M023,3,7.84,23.52
OI03397,ORD02272,M002,2,6.74,13.48
OI03398,ORD02273,M048,2,5.64,11.28
OI03399,ORD02274,M034,3,17.18,51.54
OI03400,ORD02275,M035,1,15.54,15.54
OI03401,ORD02276,M008,3,11.64,34.92
OI03402,ORD02276,M038,2,12.96,25.92
OI03403,ORD02277,M006,3,5.76,17.28
OI03404,ORD02278,M046,3,18.37,55.11
OI03405,ORD02279,M049,1,20.08,20.08
OI03406,ORD02279,M046,3,18.37,55.11
OI03407,ORD02280,M003,2,13.14,26.28
OI03408,ORD02280,M020,1,13.97,13.97
OI03409,ORD02281,M013,2,9.9,19.8
OI03410,ORD02281,M005,1,23.02,23.02
OI03411,ORD02282,M033,3,9.14,27.42
OI03412,ORD02282,M047,2,12.49,24.98
OI03413,ORD02283,M028,1,10.31,10.31
OI03414,ORD02283,M007,1,15.72,15.72
OI03415,ORD02284,M044,3,22.8,68.4
OI03416,ORD02285,M042,1,17.77,17.77
OI03417,ORD02285,M020,2,13.97,27.94
OI03418,ORD02286,M035,2,15.54,31.08
OI03419,ORD02286,M045,3,14.72,44.16
OI03420,ORD02287,M006,3,5.76,17.28
OI03421,ORD02288,M027,1,16.47,16.47
OI03422,ORD02289,M028,3,10.31,30.93
OI03423,ORD02289,M033,2,9.14,18.28
OI03424,ORD02290,M041,2,18.7,37.4
OI03425,ORD02291,M013,2,9.9,19.8
OI03426,ORD02292,M046,2,18.37,36.74
OI03427,ORD02293,M038,3,12.96,38.88
OI03428,ORD02294,M007,1,15.72,15.72
OI03429,ORD02295,M009,2,22.04,44.08
OI03430,ORD02295,M048,3,5.64,16.92
OI03431,ORD02296,M040,3,15.26,45.78
OI03432,ORD02297,M048,2,5.64,11.28
OI03433,ORD02298,M022,3,6.86,20.58
OI03434,ORD02299,M017,2,16.95,33.9
OI03435,ORD02299,M032,1,21.03,21.03
OI03436,ORD02300,M006,1,5.76,5.76
OI03437,ORD02301,M035,1,15.54,15.54
OI03438,ORD02302,M024,1,20.8,20.8
OI03439,ORD02302,M040,2,15.26,30.52
OI03440,ORD02303,M037,3,11.31,33.93
OI03441,ORD02304,M034,3,17.18,51.54
OI03442,ORD02304,M027,1,16.47,16.47
OI03443,ORD02305,M029,1,21.76,21.76
OI03444,ORD02306,M032,1,21.03,21.03
OI03445,ORD02307,M039,1,20.39,20.39
OI03446,ORD02307,M041,2,18.7,37.4
OI03447,ORD02308,M034,2,17.18,34.36
OI03448,ORD02309,M041,2,18.7,37.4
OI03449,ORD02310,M004,2,7.15,14.3
OI03450,ORD02311,M031,1,11.87,11.87
OI03451,ORD02311,M050,1,8.63,8.63
OI03452,ORD02312,M015,2,13.73,27.46
OI03453,ORD02312,M041,3,18.7,56.1
OI03454,ORD02313,M013,2,9.9,19.8
OI03455,ORD02313,M019,2,11.31,22.62
OI03456,ORD02314,M025,2,5.42,10.84
OI03457,ORD02315,M036,3,21.19,63.57
OI03458,ORD02315,M039,3,20.39,61.17
OI03459,ORD02316,M026,2,23.22,46.44
OI03460,ORD02317,M002,1,6.74,6.74
OI03461,ORD02317,M047,1,12.49,12.49
OI03462,ORD02318,M047,1,12.49,12.49
OI03463,ORD02319,M018,3,6.4,19.2
OI03464,ORD02320,M007,2,15.72,31.44
OI03465,ORD02321,M008,3,11.64,34.92
OI03466,ORD02321,M020,2,13.97,27.94
OI03467,ORD02322,M024,1,20.8,20.8
OI03468,ORD02323,M012,3,11.68,35.04
OI03469,ORD02324,M027,2,16.47,32.94
OI03470,ORD02325,M016,2,6.75,13.5
OI03471,ORD02325,M044,3,22.8,68.4
OI03472,ORD02326,M007,2,15.72,31.44
OI03473,ORD02327,M050,3,8.63,25.89
OI03474,ORD02327,M030,1,20.38,20.38
OI03475,ORD02328,M001,2,6.05,12.1
OI03476,ORD02329,M009,1,22.04,22.04
OI03477,ORD02330,M050,2,8.63,17.26
OI03478,ORD02331,M017,1,16.95,16.95
OI03479,ORD02332,M009,1,22.04,22.04
OI03480,ORD02333,M030,2,20.38,40.76
OI03481,ORD02334,M023,1,7.84,7.84
OI03482,ORD02335,M014,1,5.03,5.03
OI03483,ORD02335,M030,2,20.38,40.76
OI03484,ORD02336,M031,1,11.87,11.87
OI03485,ORD02336,M028,3,10.31,30.93
OI03486,ORD02337,M042,3,17.77,53.31
OI03487,ORD02337,M040,1,15.26,15.26
OI03488,ORD02338,M011,2,11.74,23.48
OI03489,ORD02338,M025,3,5.42,16.26
OI03490,ORD02339,M044,3,22.8,68.4
OI03491,ORD02340,M044,1,22.8,22.8
OI03492,ORD02341,M050,2,8.63,17.26
OI03493,ORD02342,M022,3,6.86,20.58
OI03494,ORD02342,M039,2,20.39,40.78
OI03495,ORD02343,M011,2,11.74,23.48
OI03496,ORD02344,M049,1,20.08,20.08
OI03497,ORD02344,M041,3,18.7,56.1
OI03498,ORD02345,M009,2,22.04,44.08
OI03499,ORD02345,M023,1,7.84,7.84
OI03500,ORD02346,M033,1,9.14,9.14
OI03501,ORD02346,M020,1,13.97,13.97
OI03502,ORD02347,M006,2,5.76,11.52
OI03503,ORD02347,M003,3,13.14,39.42
OI03504,ORD02348,M008,3,11.64,34.92
OI03505,ORD02349,M038,1,12.96,12.96
OI03506,ORD02350,M013,2,9.9,19.8
OI03507,ORD02351,M003,2,13.14,26.28
OI03508,ORD02351,M021,2,23.11,46.22
OI03509,ORD02352,M006,2,5.76,11.52
OI03510,ORD02353,M043,3,18.33,54.99
OI03511,ORD02354,M001,3,6.05,18.15
OI03512,ORD02355,M005,3,23.02,69.06
OI03513,ORD02356,M009,2,22.04,44.08
OI03514,ORD02357,M044,3,22.8,68.4
OI03515,ORD02357,M048,3,5.64,16.92
OI03516,ORD02358,M041,3,18.7,56.1
OI03517,ORD02358,M048,3,5.64,16.92
OI03518,ORD02359,M006,2,5.76,11.52
OI03519,ORD02360,M022,1,6.86,6.86
OI03520,ORD02360,M023,1,7.84,7.84
OI03521,ORD02361,M023,2,7.84,15.68
OI03522,ORD02362,M043,3,18.33,54.99
OI03523,ORD02362,M035,1,15.54,15.54
OI03524,ORD02363,M021,1,23.11,23.11
OI03525,ORD02363,M014,3,5.03,15.09
OI03526,ORD02364,M024,3,20.8,62.4
OI03527,ORD02365,M006,2,5.76,11.52
OI03528,ORD02365,M006,3,5.76,17.28
OI03529,ORD02366,M047,1,12.49,12.49
OI03530,ORD02367,M009,1,22.04,22.04
OI03531,ORD02368,M009,3,22.04,66.12
OI03532,ORD02368,M001,3,6.05,18.15
OI03533,ORD02369,M026,1,23.22,23.22
OI03534,ORD02370,M024,3,20.8,62.4
OI03535,ORD02370,M005,1,23.02,23.02
OI03536,ORD02371,M034,2,17.18,34.36
OI03537,ORD02372,M050,1,8.63,8.63
OI03538,ORD02373,M026,3,23.22,69.66
OI03539,ORD02373,M021,2,23.11,46.22
OI03540,ORD02374,M033,2,9.14,18.28
OI03541,ORD02375,M004,3,7.15,21.45
OI03542,ORD02375,M048,1,5.64,5.64
OI03543,ORD02376,M010,1,8.19,8.19
OI03544,ORD02376,M027,1,16.47,16.47
OI03545,ORD02377,M031,3,11.87,35.61
OI03546,ORD02378,M024,1,20.8,20.8
OI03547,ORD02379,M026,3,23.22,69.66
OI03548,ORD02380,M031,2,11.87,23.74
OI03549,ORD02380,M050,3,8.63,25.89
OI03550,ORD02381,M011,2,11.74,23.48
OI03551,ORD02382,M011,2,11.74,23.48
OI03552,ORD02383,M006,1,5.76,5.76
OI03553,ORD02383,M019,3,11.31,33.93
OI03554,ORD02384,M046,3,18.37,55.11
OI03555,ORD02385,M001,1,6.05,6.05
OI03556,ORD02385,M008,2,11.64,23.28
OI03557,ORD02386,M023,2,7.84,15.68
OI03558,ORD02387,M038,2,12.96,25.92
OI03559,ORD02388,M019,3,11.31,33.93
OI03560,ORD02389,M011,1,11.74,11.74
OI03561,ORD02390,M027,2,16.47,32.94
OI03562,ORD02390,M032,2,21.03,42.06
OI03563,ORD02391,M025,2,5.42,10.84
OI03564,ORD02391,M048,3,5.64,16.92
OI03565,ORD02392,M042,1,17.77,17.77
OI03566,ORD02392,M022,1,6.86,6.86
OI03567,ORD02393,M045,2,14.72,29.44
OI03568,ORD02394,M027,2,16.47,32.94
OI03569,ORD02395,M014,1,5.03,5.03
OI03570,ORD02396,M023,3,7.84,23.52
OI03571,ORD02396,M047,2,12.49,24.98
OI03572,ORD02397,M006,2,5.76,11.52
OI03573,ORD02398,M008,2,11.64,23.28
OI03574,ORD02398,M033,1,9.14,9.14
OI03575,ORD02399,M043,1,18.33,18.33
OI03576,ORD02399,M031,1,11.87,11.87
OI03577,ORD02400,M046,3,18.37,55.11
OI03578,ORD02401,M024,3,20.8,62.4
OI03579,ORD02401,M023,2,7.84,15.68
OI03580,ORD02402,M027,3,16.47,49.41
OI03581,ORD02403,M044,2,22.8,45.6
OI03582,ORD02404,M007,3,15.72,47.16
OI03583,ORD02405,M004,3,7.15,21.45
OI03584,ORD02406,M021,1,23.11,23.11
OI03585,ORD02407,M013,1,9.9,9.9
OI03586,ORD02408,M046,1,18.37,18.37
OI03587,ORD02408,M046,3,18.37,55.11
OI03588,ORD02409,M013,3,9.9,29.7
OI03589,ORD02410,M042,1,17.77,17.77
OI03590,ORD02410,M045,3,14.72,44.16
OI03591,ORD02411,M002,3,6.74,20.22
OI03592,ORD02411,M005,3,23.02,69.06
OI03593,ORD02412,M027,2,16.47,32.94
OI03594,ORD02412,M022,3,6.86,20.58
OI03595,ORD02413,M007,3,15.72,47.16
OI03596,ORD02414,M027,1,16.47,16.47
OI03597,ORD02414,M016,3,6.75,20.25
OI03598,ORD02415,M030,3,20.38,61.14
OI03599,ORD02416,M008,2,11.64,23.28
OI03600,ORD02417,M003,1,13.14,13.14
OI03601,ORD02418,M039,1,20.39,20.39
OI03602,ORD02419,M033,1,9.14,9.14
OI03603,ORD02419,M017,2,16.95,33.9
OI03604,ORD02420,M029,2,21.76,43.52
OI03605,ORD02420,M034,3,17.18,51.54
OI03606,ORD02421,M005,1,23.02,23.02
OI03607,ORD02421,M049,1,20.08,20.08
OI03608,ORD02422,M015,1,13.73,13.73
OI03609,ORD02423,M034,3,17.18,51.54
OI03610,ORD02423,M027,3,16.47,49.41
OI03611,ORD02424,M050,2,8.63,17.26
OI03612,ORD02424,M023,3,7.84,23.52
OI03613,ORD02425,M014,3,5.03,15.09
OI03614,ORD02426,M008,3,11.64,34.92
OI03615,ORD02427,M029,3,21.76,65.28
OI03616,ORD02427,M024,3,20.8,62.4
OI03617,ORD02428,M022,3,6.86,20.58
OI03618,ORD02429,M046,1,18.37,18.37
OI03619,ORD02429,M020,1,13.97,13.97
OI03620,ORD02430,M006,3,5.76,17.28
OI03621,ORD02430,M008,3,11.64,34.92
OI03622,ORD02431,M040,1,15.26,15.26
OI03623,ORD02432,M040,1,15.26,15.26
OI03624,ORD02432,M032,2,21.03,42.06
OI03625,ORD02433,M008,1,11.64,11.64
OI03626,ORD02434,M020,3,13.97,41.91
OI03627,ORD02434,M012,1,11.68,11.68
OI03628,ORD02435,M030,2,20.38,40.76
OI03629,ORD02436,M012,3,11.68,35.04
OI03630,ORD02436,M034,3,17.18,51.54
OI03631,ORD02437,M049,1,20.08,20.08
OI03632,ORD02437,M023,1,7.84,7.84
OI03633,ORD02438,M012,1,11.68,11.68
OI03634,ORD02439,M006,2,5.76,11.52
OI03635,ORD02439,M039,3,20.39,61.17
OI03636,ORD02440,M042,1,17.77,17.77
OI03637,ORD02441,M025,1,5.42,5.42
OI03638,ORD02441,M042,3,17.77,53.31
OI03639,ORD02442,M042,3,17.77,53.31
OI03640,ORD02442,M026,2,23.22,46.44
OI03641,ORD02443,M025,2,5.42,10.84
OI03642,ORD02444,M003,2,13.14,26.28
OI03643,ORD02444,M015,2,13.73,27.46
OI03644,ORD02445,M033,2,9.14,18.28
OI03645,ORD02446,M020,3,13.97,41.91
OI03646,ORD02447,M019,1,11.31,11.31
OI03647,ORD02448,M038,2,12.96,25.92
OI03648,ORD02448,M050,1,8.63,8.63
OI03649,ORD02449,M040,1,15.26,15.26
OI03650,ORD02449,M018,2,6.4,12.8
OI03651,ORD02450,M042,3,17.77,53.31
OI03652,ORD02451,M033,3,9.14,27.42
OI03653,ORD02452,M020,1,13.97,13.97
OI03654,ORD02452,M037,3,11.31,33.93
OI03655,ORD02453,M025,2,5.42,10.84
OI03656,ORD02453,M004,3,7.15,21.45
OI03657,ORD02454,M017,2,16.95,33.9
OI03658,ORD02455,M028,1,10.31,10.31
OI03659,ORD02456,M050,2,8.63,17.26
OI03660,ORD02457,M002,3,6.74,20.22
OI03661,ORD02458,M013,3,9.9,29.7
OI03662,ORD02459,M013,1,9.9,9.9
OI03663,ORD02459,M001,3,6.05,18.15
OI03664,ORD02460,M001,2,6.05,12.1
OI03665,ORD02460,M038,3,12.96,38.88
OI03666,ORD02461,M032,2,21.03,42.06
OI03667,ORD02462,M035,2,15.54,31.08
OI03668,ORD02462,M049,3,20.08,60.24
OI03669,ORD02463,M036,1,21.19,21.19
OI03670,ORD02464,M025,3,5.42,16.26
OI03671,ORD02465,M010,1,8.19,8.19
OI03672,ORD02465,M002,2,6.74,13.48
OI03673,ORD02466,M011,3,11.74,35.22
OI03674,ORD02466,M002,2,6.74,13.48
OI03675,ORD02467,M015,1,13.73,13.73
OI03676,ORD02468,M032,1,21.03,21.03
OI03677,ORD02469,M041,1,18.7,18.7
OI03678,ORD02469,M041,2,18.7,37.4
OI03679,ORD02470,M012,1,11.68,11.68
OI03680,ORD02470,M012,3,11.68,35.04
OI03681,ORD02471,M037,2,11.31,22.62
OI03682,ORD02472,M046,2,18.37,36.74
OI03683,ORD02472,M019,1,11.31,11.31
OI03684,ORD02473,M020,2,13.97,27.94
OI03685,ORD02473,M019,1,11.31,11.31
OI03686,ORD02474,M037,1,11.31,11.31
OI03687,ORD02475,M028,3,10.31,30.93
OI03688,ORD02475,M036,2,21.19,42.38
OI03689,ORD02476,M028,2,10.31,20.62
OI03690,ORD02476,M038,3,12.96,38.88
OI03691,ORD02477,M022,2,6.86,13.72
OI03692,ORD02478,M034,2,17.18,34.36
OI03693,ORD02478,M032,3,21.03,63.09
OI03694,ORD02479,M014,2,5.03,10.06
OI03695,ORD02479,M006,1,5.76,5.76
OI03696,ORD02480,M038,2,12.96,25.92
OI03697,ORD02480,M002,3,6.74,20.22
OI03698,ORD02481,M016,2,6.75,13.5
OI03699,ORD02482,M034,1,17.18,17.18
OI03700,ORD02483,M044,3,22.8,68.4
OI03701,ORD02484,M026,2,23.22,46.44
OI03702,ORD02484,M009,1,22.04,22.04
OI03703,ORD02485,M014,2,5.03,10.06
OI03704,ORD02485,M038,2,12.96,25.92
OI03705,ORD02486,M041,3,18.7,56.1
OI03706,ORD02486,M026,2,23.22,46.44
OI03707,ORD02487,M004,3,7.15,21.45
OI03708,ORD02488,M039,3,20.39,61.17
OI03709,ORD02488,M003,3,13.14,39.42
OI03710,ORD02489,M014,3,5.03,15.09
OI03711,ORD02490,M025,2,5.42,10.84
OI03712,ORD02491,M027,1,16.47,16.47
OI03713,ORD02491,M005,2,23.02,46.04
OI03714,ORD02492,M012,3,11.68,35.04
OI03715,ORD02492,M013,3,9.9,29.7
OI03716,ORD02493,M040,2,15.26,30.52
OI03717,ORD02494,M026,3,23.22,69.66
OI03718,ORD02494,M014,2,5.03,10.06
OI03719,ORD02495,M009,1,22.04,22.04
OI03720,ORD02496,M035,1,15.54,15.54
OI03721,ORD02496,M022,1,6.86,6.86
OI03722,ORD02497,M006,1,5.76,5.76
OI03723,ORD02498,M032,1,21.03,21.03
OI03724,ORD02498,M010,2,8.19,16.38
OI03725,ORD02499,M043,3,18.33,54.99
OI03726,ORD02500,M013,3,9.9,29.7
OI03727,ORD02501,M001,2,6.05,12.1
OI03728,ORD02502,M027,1,16.47,16.47
OI03729,ORD02502,M040,1,15.26,15.26
OI03730,ORD02503,M040,3,15.26,45.78
OI03731,ORD02504,M044,2,22.8,45.6
OI03732,ORD02505,M031,3,11.87,35.61
OI03733,ORD02505,M036,3,21.19,63.57
OI03734,ORD02506,M018,1,6.4,6.4
OI03735,ORD02507,M049,3,20.08,60.24
OI03736,ORD02507,M037,1,11.31,11.31
OI03737,ORD02508,M046,3,18.37,55.11
OI03738,ORD02509,M033,1,9.14,9.14
OI03739,ORD02510,M025,2,5.42,10.84
OI03740,ORD02511,M023,2,7.84,15.68
OI03741,ORD02511,M010,3,8.19,24.57
OI03742,ORD02512,M003,2,13.14,26.28
OI03743,ORD02512,M012,1,11.68,11.68
OI03744,ORD02513,M006,3,5.76,17.28
OI03745,ORD02514,M027,1,16.47,16.47
OI03746,ORD02515,M004,2,7.15,14.3
OI03747,ORD02515,M021,3,23.11,69.33
OI03748,ORD02516,M023,1,7.84,7.84
OI03749,ORD02517,M011,1,11.74,11.74
OI03750,ORD02517,M047,3,12.49,37.47
OI03751,ORD02518,M044,3,22.8,68.4
OI03752,ORD02519,M012,1,11.68,11.68
OI03753,ORD02520,M045,1,14.72,14.72
OI03754,ORD02520,M044,2,22.8,45.6
OI03755,ORD02521,M024,3,20.8,62.4
OI03756,ORD02522,M040,2,15.26,30.52
OI03757,ORD02522,M035,1,15.54,15.54
OI03758,ORD02523,M001,1,6.05,6.05
OI03759,ORD02523,M028,2,10.31,20.62
OI03760,ORD02524,M019,2,11.31,22.62
OI03761,ORD02525,M009,3,22.04,66.12
OI03762,ORD02526,M031,1,11.87,11.87
OI03763,ORD02527,M004,3,7.15,21.45
OI03764,ORD02527,M035,2,15.54,31.08
OI03765,ORD02528,M047,3,12.49,37.47
OI03766,ORD02528,M020,3,13.97,41.91
OI03767,ORD02529,M024,2,20.8,41.6
OI03768,ORD02529,M039,1,20.39,20.39
OI03769,ORD02530,M004,2,7.15,14.3
OI03770,ORD02530,M002,2,6.74,13.48
OI03771,ORD02531,M004,2,7.15,14.3
OI03772,ORD02531,M039,1,20.39,20.39
OI03773,ORD02532,M010,2,8.19,16.38
OI03774,ORD02533,M037,3,11.31,33.93
OI03775,ORD02533,M005,3,23.02,69.06
OI03776,ORD02534,M027,2,16.47,32.94
OI03777,ORD02535,M040,2,15.26,30.52
OI03778,ORD02535,M022,2,6.86,13.72
OI03779,ORD02536,M024,2,20.8,41.6
OI03780,ORD02537,M018,1,6.4,6.4
OI03781,ORD02538,M020,1,13.97,13.97
OI03782,ORD02538,M004,3,7.15,21.45
OI03783,ORD02539,M004,3,7.15,21.45
OI03784,ORD02539,M031,3,11.87,35.61
OI03785,ORD02540,M048,2,5.64,11.28
OI03786,ORD02541,M025,3,5.42,16.26
OI03787,ORD02541,M046,3,18.37,55.11
OI03788,ORD02542,M003,2,13.14,26.28
OI03789,ORD02543,M020,1,13.97,13.97
OI03790,ORD02543,M026,1,23.22,23.22
OI03791,ORD02544,M028,3,10.31,30.93
OI03792,ORD02544,M032,2,21.03,42.06
OI03793,ORD02545,M043,2,18.33,36.66
OI03794,ORD02546,M021,2,23.11,46.22
OI03795,ORD02546,M035,2,15.54,31.08
OI03796,ORD02547,M033,3,9.14,27.42
OI03797,ORD02548,M001,3,6.05,18.15
OI03798,ORD02548,M044,3,22.8,68.4
OI03799,ORD02549,M037,3,11.31,33.93
OI03800,ORD02549,M030,3,20.38,61.14
OI03801,ORD02550,M011,1,11.74,11.74
OI03802,ORD02550,M034,2,17.18,34.36
OI03803,ORD02551,M044,1,22.8,22.8
OI03804,ORD02552,M023,3,7.84,23.52
OI03805,ORD02553,M045,3,14.72,44.16
OI03806,ORD02554,M039,2,20.39,40.78
OI03807,ORD02554,M042,2,17.77,35.54
OI03808,ORD02555,M016,2,6.75,13.5
OI03809,ORD02555,M022,2,6.86,13.72
OI03810,ORD02556,M012,2,11.68,23.36
OI03811,ORD02556,M012,1,11.68,11.68
OI03812,ORD02557,M019,1,11.31,11.31
OI03813,ORD02558,M045,3,14.72,44.16
OI03814,ORD02558,M031,1,11.87,11.87
OI03815,ORD02559,M013,3,9.9,29.7
OI03816,ORD02560,M048,3,5.64,16.92
OI03817,ORD02560,M035,2,15.54,31.08
OI03818,ORD02561,M041,1,18.7,18.7
OI03819,ORD02561,M018,2,6.4,12.8
OI03820,ORD02562,M042,3,17.77,53.31
OI03821,ORD02563,M034,2,17.18,34.36
OI03822,ORD02563,M002,3,6.74,20.22
OI03823,ORD02564,M046,3,18.37,55.11
OI03824,ORD02565,M049,2,20.08,40.16
OI03825,ORD02565,M001,3,6.05,18.15
OI03826,ORD02566,M038,3,12.96,38.88
OI03827,ORD02567,M046,2,18.37,36.74
OI03828,ORD02567,M039,2,20.39,40.78
OI03829,ORD02568,M028,3,10.31,30.93
OI03830,ORD02569,M032,2,21.03,42.06
OI03831,ORD02570,M042,1,17.77,17.77
OI03832,ORD02571,M001,3,6.05,18.15
OI03833,ORD02571,M031,2,11.87,23.74
OI03834,ORD02572,M021,2,23.11,46.22
OI03835,ORD02572,M010,1,8.19,8.19
OI03836,ORD02573,M030,1,20.38,20.38
OI03837,ORD02573,M050,2,8.63,17.26
OI03838,ORD02574,M013,3,9.9,29.7
OI03839,ORD02574,M050,2,8.63,17.26
OI03840,ORD02575,M040,3,15.26,45.78
OI03841,ORD02576,M022,2,6.86,13.72
OI03842,ORD02576,M038,1,12.96,12.96
OI03843,ORD02577,M020,1,13.97,13.97
OI03844,ORD02578,M020,1,13.97,13.97
OI03845,ORD02579,M046,1,18.37,18.37
OI03846,ORD02579,M006,3,5.76,17.28
OI03847,ORD02580,M048,2,5.64,11.28
OI03848,ORD02581,M037,2,11.31,22.62
OI03849,ORD02582,M001,2,6.05,12.1
OI03850,ORD02582,M016,1,6.75,6.75
OI03851,ORD02583,M005,1,23.02,23.02
OI03852,ORD02584,M049,1,20.08,20.08
OI03853,ORD02584,M012,3,11.68,35.04
OI03854,ORD02585,M015,2,13.73,27.46
OI03855,ORD02586,M029,3,21.76,65.28
OI03856,ORD02587,M001,2,6.05,12.1
OI03857,ORD02587,M011,2,11.74,23.48
OI03858,ORD02588,M048,3,5.64,16.92
OI03859,ORD02588,M044,2,22.8,45.6
OI03860,ORD02589,M045,3,14.72,44.16
OI03861,ORD02589,M034,1,17.18,17.18
OI03862,ORD02590,M030,3,20.38,61.14
OI03863,ORD02590,M018,3,6.4,19.2
OI03864,ORD02591,M027,2,16.47,32.94
OI03865,ORD02591,M010,2,8.19,16.38
OI03866,ORD02592,M040,1,15.26,15.26
OI03867,ORD02592,M005,3,23.02,69.06
OI03868,ORD02593,M034,3,17.18,51.54
OI03869,ORD02593,M014,3,5.03,15.09
OI03870,ORD02594,M031,2,11.87,23.74
OI03871,ORD02594,M027,3,16.47,49.41
OI03872,ORD02595,M023,2,7.84,15.68
OI03873,ORD02596,M005,3,23.02,69.06
OI03874,ORD02597,M014,3,5.03,15.09
OI03875,ORD02597,M019,2,11.31,22.62
OI03876,ORD02598,M028,1,10.31,10.31
OI03877,ORD02599,M013,3,9.9,29.7
OI03878,ORD02600,M019,3,11.31,33.93
OI03879,ORD02600,M018,1,6.4,6.4
OI03880,ORD02601,M003,3,13.14,39.42
OI03881,ORD02602,M001,2,6.05,12.1
OI03882,ORD02602,M050,1,8.63,8.63
OI03883,ORD02603,M016,3,6.75,20.25
OI03884,ORD02603,M004,2,7.15,14.3
OI03885,ORD02604,M007,1,15.72,15.72
OI03886,ORD02605,M044,2,22.8,45.6
OI03887,ORD02605,M006,2,5.76,11.52
OI03888,ORD02606,M031,2,11.87,23.74
OI03889,ORD02607,M007,2,15.72,31.44
OI03890,ORD02608,M047,2,12.49,24.98
OI03891,ORD02609,M038,3,12.96,38.88
OI03892,ORD02610,M014,3,5.03,15.09
OI03893,ORD02611,M016,2,6.75,13.5
OI03894,ORD02611,M041,3,18.7,56.1
OI03895,ORD02612,M013,1,9.9,9.9
OI03896,ORD02613,M026,1,23.22,23.22
OI03897,ORD02613,M019,2,11.31,22.62
OI03898,ORD02614,M008,3,11.64,34.92
OI03899,ORD02615,M049,1,20.08,20.08
OI03900,ORD02615,M037,1,11.31,11.31
OI03901,ORD02616,M041,1,18.7,18.7
OI03902,ORD02617,M017,3,16.95,50.85
OI03903,ORD02618,M001,2,6.05,12.1
OI03904,ORD02619,M010,1,8.19,8.19
OI03905,ORD02619,M019,2,11.31,22.62
OI03906,ORD02620,M024,1,20.8,20.8
OI03907,ORD02621,M047,2,12.49,24.98
OI03908,ORD02621,M045,2,14.72,29.44
OI03909,ORD02622,M012,1,11.68,11.68
OI03910,ORD02622,M021,1,23.11,23.11
OI03911,ORD02623,M009,3,22.04,66.12
OI03912,ORD02623,M047,2,12.49,24.98
OI03913,ORD02624,M034,3,17.18,51.54
OI03914,ORD02625,M024,2,20.8,41.6
OI03915,ORD02626,M043,2,18.33,36.66
OI03916,ORD02626,M007,3,15.72,47.16
OI03917,ORD02627,M047,1,12.49,12.49
OI03918,ORD02627,M042,1,17.77,17.77
OI03919,ORD02628,M033,3,9.14,27.42
OI03920,ORD02628,M037,3,11.31,33.93
OI03921,ORD02629,M019,1,11.31,11.31
OI03922,ORD02629,M001,2,6.05,12.1
OI03923,ORD02630,M020,1,13.97,13.97
OI03924,ORD02631,M049,2,20.08,40.16
OI03925,ORD02631,M021,2,23.11,46.22
OI03926,ORD02632,M005,3,23.02,69.06
OI03927,ORD02633,M011,3,11.74,35.22
OI03928,ORD02633,M001,1,6.05,6.05
OI03929,ORD02634,M026,1,23.22,23.22
OI03930,ORD02635,M042,1,17.77,17.77
OI03931,ORD02635,M029,2,21.76,43.52
OI03932,ORD02636,M031,3,11.87,35.61
OI03933,ORD02636,M021,3,23.11,69.33
OI03934,ORD02637,M003,3,13.14,39.42
OI03935,ORD02638,M050,2,8.63,17.26
OI03936,ORD02638,M035,3,15.54,46.62
OI03937,ORD02639,M012,1,11.68,11.68
OI03938,ORD02639,M034,2,17.18,34.36
OI03939,ORD02640,M034,2,17.18,34.36
OI03940,ORD02640,M027,1,16.47,16.47
OI03941,ORD02641,M033,1,9.14,9.14
OI03942,ORD02642,M022,3,6.86,20.58
OI03943,ORD02642,M011,2,11.74,23.48
OI03944,ORD02643,M010,2,8.19,16.38
OI03945,ORD02643,M022,3,6.86,20.58
OI03946,ORD02644,M001,2,6.05,12.1
OI03947,ORD02645,M040,3,15.26,45.78
OI03948,ORD02645,M049,1,20.08,20.08
OI03949,ORD02646,M030,3,20.38,61.14
OI03950,ORD02647,M042,1,17.77,17.77
OI03951,ORD02647,M043,2,18.33,36.66
OI03952,ORD02648,M016,3,6.75,20.25
OI03953,ORD02649,M045,1,14.72,14.72
OI03954,ORD02650,M030,3,20.38,61.14
OI03955,ORD02650,M043,2,18.33,36.66
OI03956,ORD02651,M023,3,7.84,23.52
OI03957,ORD02652,M019,3,11.31,33.93
OI03958,ORD02652,M020,2,13.97,27.94
OI03959,ORD02653,M011,1,11.74,11.74
OI03960,ORD02653,M044,1,22.8,22.8
OI03961,ORD02654,M012,3,11.68,35.04
OI03962,ORD02655,M046,3,18.37,55.11
OI03963,ORD02655,M007,1,15.72,15.72
OI03964,ORD02656,M047,2,12.49,24.98
OI03965,ORD02657,M045,1,14.72,14.72
OI03966,ORD02658,M008,2,11.64,23.28
OI03967,ORD02659,M041,3,18.7,56.1
OI03968,ORD02660,M030,3,20.38,61.14
OI03969,ORD02661,M023,2,7.84,15.68
OI03970,ORD02661,M020,2,13.97,27.94
OI03971,ORD02662,M016,2,6.75,13.5
OI03972,ORD02663,M004,2,7.15,14.3
OI03973,ORD02663,M046,2,18.37,36.74
OI03974,ORD02664,M031,2,11.87,23.74
OI03975,ORD02665,M020,3,13.97,41.91
OI03976,ORD02665,M003,3,13.14,39.42
OI03977,ORD02666,M002,2,6.74,13.48
OI03978,ORD02666,M033,2,9.14,18.28
OI03979,ORD02667,M013,2,9.9,19.8
OI03980,ORD02667,M017,3,16.95,50.85
OI03981,ORD02668,M033,3,9.14,27.42
OI03982,ORD02668,M038,1,12.96,12.96
OI03983,ORD02669,M040,3,15.26,45.78
OI03984,ORD02669,M045,3,14.72,44.16
OI03985,ORD02670,M013,1,9.9,9.9
OI03986,ORD02671,M036,3,21.19,63.57
OI03987,ORD02671,M011,1,11.74,11.74
OI03988,ORD02672,M004,1,7.15,7.15
OI03989,ORD02673,M001,1,6.05,6.05
OI03990,ORD02673,M039,1,20.39,20.39
OI03991,ORD02674,M042,1,17.77,17.77
OI03992,ORD02675,M004,2,7.15,14.3
OI03993,ORD02675,M033,2,9.14,18.28
OI03994,ORD02676,M048,3,5.64,16.92
OI03995,ORD02677,M009,2,22.04,44.08
OI03996,ORD02677,M005,2,23.02,46.04
OI03997,ORD02678,M017,2,16.95,33.9
OI03998,ORD02678,M042,2,17.77,35.54
OI03999,ORD02679,M009,1,22.04,22.04
OI04000,ORD02679,M033,2,9.14,18.28
OI04001,ORD02680,M042,1,17.77,17.77
OI04002,ORD02680,M025,3,5.42,16.26
OI04003,ORD02681,M050,2,8.63,17.26
OI04004,ORD02681,M009,3,22.04,66.12
OI04005,ORD02682,M031,3,11.87,35.61
OI04006,ORD02683,M041,2,18.7,37.4
OI04007,ORD02684,M008,1,11.64,11.64
OI04008,ORD02685,M006,2,5.76,11.52
OI04009,ORD02685,M019,1,11.31,11.31
OI04010,ORD02686,M027,2,16.47,32.94
OI04011,ORD02687,M049,2,20.08,40.16
OI04012,ORD02687,M035,3,15.54,46.62
OI04013,ORD02688,M025,1,5.42,5.42
OI04014,ORD02689,M030,2,20.38,40.76
OI04015,ORD02689,M044,3,22.8,68.4
OI04016,ORD02690,M002,2,6.74,13.48
OI04017,ORD02690,M007,2,15.72,31.44
OI04018,ORD02691,M032,3,21.03,63.09
OI04019,ORD02692,M012,1,11.68,11.68
OI04020,ORD02692,M042,3,17.77,53.31
OI04021,ORD02693,M049,1,20.08,20.08
OI04022,ORD02693,M012,3,11.68,35.04
OI04023,ORD02694,M021,1,23.11,23.11
OI04024,ORD02695,M019,1,11.31,11.31
OI04025,ORD02695,M047,2,12.49,24.98
OI04026,ORD02696,M025,1,5.42,5.42
OI04027,ORD02697,M027,1,16.47,16.47
OI04028,ORD02698,M050,2,8.63,17.26
OI04029,ORD02699,M017,3,16.95,50.85
OI04030,ORD02699,M009,3,22.04,66.12
OI04031,ORD02700,M026,1,23.22,23.22
OI04032,ORD02701,M014,3,5.03,15.09
OI04033,ORD02702,M040,1,15.26,15.26
OI04034,ORD02702,M010,3,8.19,24.57
OI04035,ORD02703,M036,1,21.19,21.19
OI04036,ORD02703,M018,1,6.4,6.4
OI04037,ORD02704,M033,2,9.14,18.28
OI04038,ORD02704,M036,1,21.19,21.19
OI04039,ORD02705,M049,1,20.08,20.08
OI04040,ORD02705,M044,3,22.8,68.4
OI04041,ORD02706,M011,3,11.74,35.22
OI04042,ORD02707,M021,2,23.11,46.22
OI04043,ORD02707,M002,3,6.74,20.22
OI04044,ORD02708,M042,3,17.77,53.31
OI04045,ORD02708,M009,2,22.04,44.08
OI04046,ORD02709,M028,3,10.31,30.93
OI04047,ORD02709,M019,1,11.31,11.31
OI04048,ORD02710,M019,3,11.31,33.93
OI04049,ORD02711,M016,2,6.75,13.5
OI04050,ORD02711,M027,2,16.47,32.94
OI04051,ORD02712,M018,3,6.4,19.2
OI04052,ORD02713,M018,1,6.4,6.4
OI04053,ORD02713,M001,1,6.05,6.05
OI04054,ORD02714,M031,3,11.87,35.61
OI04055,ORD02714,M039,1,20.39,20.39
OI04056,ORD02715,M008,1,11.64,11.64
OI04057,ORD02715,M005,1,23.02,23.02
OI04058,ORD02716,M046,1,18.37,18.37
OI04059,ORD02717,M050,3,8.63,25.89
OI04060,ORD02717,M007,2,15.72,31.44
OI04061,ORD02718,M001,3,6.05,18.15
OI04062,ORD02719,M002,1,6.74,6.74
OI04063,ORD02720,M025,1,5.42,5.42
OI04064,ORD02721,M040,1,15.26,15.26
OI04065,ORD02721,M035,1,15.54,15.54
OI04066,ORD02722,M010,2,8.19,16.38
OI04067,ORD02723,M026,3,23.22,69.66
OI04068,ORD02724,M047,3,12.49,37.47
OI04069,ORD02724,M018,3,6.4,19.2
OI04070,ORD02725,M048,3,5.64,16.92
OI04071,ORD02725,M013,1,9.9,9.9
OI04072,ORD02726,M037,3,11.31,33.93
OI04073,ORD02727,M048,3,5.64,16.92
OI04074,ORD02728,M033,2,9.14,18.28
OI04075,ORD02729,M048,1,5.64,5.64
OI04076,ORD02730,M004,1,7.15,7.15
OI04077,ORD02731,M025,2,5.42,10.84
OI04078,ORD02732,M036,2,21.19,42.38
OI04079,ORD02733,M023,1,7.84,7.84
OI04080,ORD02734,M019,2,11.31,22.62
OI04081,ORD02735,M012,3,11.68,35.04
OI04082,ORD02735,M002,1,6.74,6.74
OI04083,ORD02736,M048,2,5.64,11.28
OI04084,ORD02736,M013,2,9.9,19.8
OI04085,ORD02737,M011,1,11.74,11.74
OI04086,ORD02737,M030,1,20.38,20.38
OI04087,ORD02738,M045,1,14.72,14.72
OI04088,ORD02739,M025,3,5.42,16.26
OI04089,ORD02739,M046,2,18.37,36.74
OI04090,ORD02740,M025,2,5.42,10.84
OI04091,ORD02740,M027,2,16.47,32.94
OI04092,ORD02741,M001,2,6.05,12.1
OI04093,ORD02742,M009,2,22.04,44.08
OI04094,ORD02743,M039,2,20.39,40.78
OI04095,ORD02744,M031,1,11.87,11.87
OI04096,ORD02744,M034,2,17.18,34.36
OI04097,ORD02745,M027,2,16.47,32.94
OI04098,ORD02746,M035,1,15.54,15.54
OI04099,ORD02746,M037,1,11.31,11.31
OI04100,ORD02747,M023,1,7.84,7.84
OI04101,ORD02748,M018,3,6.4,19.2
OI04102,ORD02748,M042,2,17.77,35.54
OI04103,ORD02749,M017,2,16.95,33.9
OI04104,ORD02749,M007,1,15.72,15.72
OI04105,ORD02750,M039,2,20.39,40.78
OI04106,ORD02751,M035,2,15.54,31.08
OI04107,ORD02752,M034,2,17.18,34.36
OI04108,ORD02752,M002,2,6.74,13.48
OI04109,ORD02753,M007,3,15.72,47.16
OI04110,ORD02753,M025,2,5.42,10.84
OI04111,ORD02754,M010,2,8.19,16.38
OI04112,ORD02754,M003,1,13.14,13.14
OI04113,ORD02755,M039,3,20.39,61.17
OI04114,ORD02756,M036,1,21.19,21.19
OI04115,ORD02757,M016,2,6.75,13.5
OI04116,ORD02757,M008,2,11.64,23.28
OI04117,ORD02758,M014,2,5.03,10.06
OI04118,ORD02758,M034,2,17.18,34.36
OI04119,ORD02759,M001,1,6.05,6.05
OI04120,ORD02759,M009,3,22.04,66.12
OI04121,ORD02760,M008,3,11.64,34.92
OI04122,ORD02760,M013,3,9.9,29.7
OI04123,ORD02761,M029,2,21.76,43.52
OI04124,ORD02761,M024,1,20.8,20.8
OI04125,ORD02762,M003,2,13.14,26.28
OI04126,ORD02762,M019,3,11.31,33.93
OI04127,ORD02763,M038,1,12.96,12.96
OI04128,ORD02763,M029,3,21.76,65.28
OI04129,ORD02764,M032,1,21.03,21.03
OI04130,ORD02764,M034,1,17.18,17.18
OI04131,ORD02765,M004,1,7.15,7.15
OI04132,ORD02765,M025,2,5.42,10.84
OI04133,ORD02766,M013,2,9.9,19.8
OI04134,ORD02767,M029,1,21.76,21.76
OI04135,ORD02767,M048,2,5.64,11.28
OI04136,ORD02768,M028,1,10.31,10.31
OI04137,ORD02768,M033,3,9.14,27.42
OI04138,ORD02769,M006,3,5.76,17.28
OI04139,ORD02769,M033,3,9.14,27.42
OI04140,ORD02770,M039,3,20.39,61.17
OI04141,ORD02770,M032,1,21.03,21.03
OI04142,ORD02771,M041,1,18.7,18.7
OI04143,ORD02772,M032,1,21.03,21.03
OI04144,ORD02772,M009,1,22.04,22.04
OI04145,ORD02773,M043,1,18.33,18.33
OI04146,ORD02774,M042,3,17.77,53.31
OI04147,ORD02775,M025,1,5.42,5.42
OI04148,ORD02776,M017,2,16.95,33.9
OI04149,ORD02776,M007,3,15.72,47.16
OI04150,ORD02777,M012,3,11.68,35.04
OI04151,ORD02777,M048,2,5.64,11.28
OI04152,ORD02778,M023,3,7.84,23.52
OI04153,ORD02778,M005,1,23.02,23.02
OI04154,ORD02779,M019,1,11.31,11.31
OI04155,ORD02780,M031,2,11.87,23.74
OI04156,ORD02780,M009,3,22.04,66.12
OI04157,ORD02781,M030,1,20.38,20.38
OI04158,ORD02781,M021,2,23.11,46.22
OI04159,ORD02782,M011,3,11.74,35.22
OI04160,ORD02783,M031,2,11.87,23.74
OI04161,ORD02783,M039,2,20.39,40.78
OI04162,ORD02784,M021,2,23.11,46.22
OI04163,ORD02785,M048,1,5.64,5.64
OI04164,ORD02786,M011,3,11.74,35.22
OI04165,ORD02787,M018,2,6.4,12.8
OI04166,ORD02787,M013,3,9.9,29.7
OI04167,ORD02788,M033,1,9.14,9.14
OI04168,ORD02788,M045,1,14.72,14.72
OI04169,ORD02789,M029,1,21.76,21.76
OI04170,ORD02790,M011,3,11.74,35.22
OI04171,ORD02791,M018,3,6.4,19.2
OI04172,ORD02791,M012,1,11.68,11.68
OI04173,ORD02792,M001,3,6.05,18.15
OI04174,ORD02792,M050,2,8.63,17.26
OI04175,ORD02793,M010,3,8.19,24.57
OI04176,ORD02794,M030,2,20.38,40.76
OI04177,ORD02795,M005,3,23.02,69.06
OI04178,ORD02795,M036,2,21.19,42.38
OI04179,ORD02796,M029,2,21.76,43.52
OI04180,ORD02796,M028,3,10.31,30.93
OI04181,ORD02797,M043,2,18.33,36.66
OI04182,ORD02797,M047,2,12.49,24.98
OI04183,ORD02798,M023,1,7.84,7.84
OI04184,ORD02799,M050,2,8.63,17.26
OI04185,ORD02800,M047,2,12.49,24.98
OI04186,ORD02800,M039,2,20.39,40.78
OI04187,ORD02801,M034,3,17.18,51.54
OI04188,ORD02801,M021,3,23.11,69.33
OI04189,ORD02802,M007,2,15.72,31.44
OI04190,ORD02803,M020,1,13.97,13.97
OI04191,ORD02803,M032,1,21.03,21.03
OI04192,ORD02804,M010,1,8.19,8.19
OI04193,ORD02804,M025,1,5.42,5.42
OI04194,ORD02805,M021,3,23.11,69.33
OI04195,ORD02805,M014,3,5.03,15.09
OI04196,ORD02806,M018,2,6.4,12.8
OI04197,ORD02806,M046,2,18.37,36.74
OI04198,ORD02807,M001,3,6.05,18.15
OI04199,ORD02808,M039,3,20.39,61.17
OI04200,ORD02809,M003,3,13.14,39.42
OI04201,ORD02810,M040,1,15.26,15.26
OI04202,ORD02810,M017,2,16.95,33.9
OI04203,ORD02811,M011,2,11.74,23.48
OI04204,ORD02811,M044,1,22.8,22.8
OI04205,ORD02812,M027,1,16.47,16.47
OI04206,ORD02812,M011,1,11.74,11.74
OI04207,ORD02813,M010,3,8.19,24.57
OI04208,ORD02813,M009,2,22.04,44.08
OI04209,ORD02814,M001,1,6.05,6.05
OI04210,ORD02815,M029,3,21.76,65.28
OI04211,ORD02816,M050,1,8.63,8.63
OI04212,ORD02816,M014,1,5.03,5.03
OI04213,ORD02817,M007,1,15.72,15.72
OI04214,ORD02817,M030,1,20.38,20.38
OI04215,ORD02818,M005,3,23.02,69.06
OI04216,ORD02819,M006,1,5.76,5.76
OI04217,ORD02820,M012,2,11.68,23.36
OI04218,ORD02820,M018,2,6.4,12.8
OI04219,ORD02821,M020,1,13.97,13.97
OI04220,ORD02822,M010,3,8.19,24.57
OI04221,ORD02822,M034,1,17.18,17.18
OI04222,ORD02823,M016,1,6.75,6.75
OI04223,ORD02824,M039,1,20.39,20.39
OI04224,ORD02825,M025,3,5.42,16.26
OI04225,ORD02825,M029,1,21.76,21.76
OI04226,ORD02826,M044,2,22.8,45.6
OI04227,ORD02827,M021,1,23.11,23.11
OI04228,ORD02827,M040,1,15.26,15.26
OI04229,ORD02828,M015,1,13.73,13.73
OI04230,ORD02829,M026,1,23.22,23.22
OI04231,ORD02830,M032,2,21.03,42.06
OI04232,ORD02830,M045,3,14.72,44.16
OI04233,ORD02831,M006,2,5.76,11.52
OI04234,ORD02831,M039,3,20.39,61.17
OI04235,ORD02832,M006,3,5.76,17.28
OI04236,ORD02833,M008,1,11.64,11.64
OI04237,ORD02834,M012,1,11.68,11.68
OI04238,ORD02835,M028,2,10.31,20.62
OI04239,ORD02836,M015,1,13.73,13.73
OI04240,ORD02836,M019,2,11.31,22.62
OI04241,ORD02837,M043,3,18.33,54.99
OI04242,ORD02838,M037,2,11.31,22.62
OI04243,ORD02838,M009,2,22.04,44.08
OI04244,ORD02839,M011,3,11.74,35.22
OI04245,ORD02839,M004,2,7.15,14.3
OI04246,ORD02840,M016,2,6.75,13.5
OI04247,ORD02840,M022,1,6.86,6.86
OI04248,ORD02841,M004,3,7.15,21.45
OI04249,ORD02841,M012,1,11.68,11.68
OI04250,ORD02842,M008,2,11.64,23.28
OI04251,ORD02843,M020,1,13.97,13.97
OI04252,ORD02844,M019,2,11.31,22.62
OI04253,ORD02844,M037,1,11.31,11.31
OI04254,ORD02845,M018,2,6.4,12.8
OI04255,ORD02846,M012,3,11.68,35.04
OI04256,ORD02846,M037,3,11.31,33.93
OI04257,ORD02847,M038,1,12.96,12.96
OI04258,ORD02848,M027,2,16.47,32.94
OI04259,ORD02849,M041,1,18.7,18.7
OI04260,ORD02849,M028,1,10.31,10.31
OI04261,ORD02850,M023,3,7.84,23.52
OI04262,ORD02850,M046,1,18.37,18.37
OI04263,ORD02851,M042,2,17.77,35.54
OI04264,ORD02852,M032,2,21.03,42.06
OI04265,ORD02852,M010,2,8.19,16.38
OI04266,ORD02853,M045,1,14.72,14.72
OI04267,ORD02853,M011,3,11.74,35.22
OI04268,ORD02854,M022,3,6.86,20.58
OI04269,ORD02855,M020,3,13.97,41.91
OI04270,ORD02856,M032,1,21.03,21.03
OI04271,ORD02857,M016,2,6.75,13.5
OI04272,ORD02858,M050,3,8.63,25.89
OI04273,ORD02859,M014,2,5.03,10.06
OI04274,ORD02859,M023,1,7.84,7.84
OI04275,ORD02860,M050,3,8.63,25.89
OI04276,ORD02861,M013,2,9.9,19.8
OI04277,ORD02862,M009,1,22.04,22.04
OI04278,ORD02862,M041,2,18.7,37.4
OI04279,ORD02863,M022,1,6.86,6.86
OI04280,ORD02863,M033,2,9.14,18.28
OI04281,ORD02864,M008,1,11.64,11.64
OI04282,ORD02864,M022,1,6.86,6.86
OI04283,ORD02865,M026,3,23.22,69.66
OI04284,ORD02866,M043,2,18.33,36.66
OI04285,ORD02867,M022,3,6.86,20.58
OI04286,ORD02868,M023,2,7.84,15.68
OI04287,ORD02869,M048,2,5.64,11.28
OI04288,ORD02869,M047,2,12.49,24.98
OI04289,ORD02870,M045,1,14.72,14.72
OI04290,ORD02870,M036,3,21.19,63.57
OI04291,ORD02871,M034,2,17.18,34.36
OI04292,ORD02872,M020,2,13.97,27.94
OI04293,ORD02873,M004,1,7.15,7.15
OI04294,ORD02873,M037,3,11.31,33.93
OI04295,ORD02874,M022,3,6.86,20.58
OI04296,ORD02875,M013,3,9.9,29.7
OI04297,ORD02875,M012,2,11.68,23.36
OI04298,ORD02876,M024,2,20.8,41.6
OI04299,ORD02877,M041,3,18.7,56.1
OI04300,ORD02878,M015,1,13.73,13.73
OI04301,ORD02878,M020,1,13.97,13.97
OI04302,ORD02879,M025,3,5.42,16.26
OI04303,ORD02880,M020,3,13.97,41.91
OI04304,ORD02880,M049,3,20.08,60.24
OI04305,ORD02881,M045,3,14.72,44.16
OI04306,ORD02881,M023,2,7.84,15.68
OI04307,ORD02882,M025,2,5.42,10.84
OI04308,ORD02882,M029,1,21.76,21.76
OI04309,ORD02883,M046,1,18.37,18.37
OI04310,ORD02883,M023,2,7.84,15.68
OI04311,ORD02884,M037,3,11.31,33.93
OI04312,ORD02885,M042,2,17.77,35.54
OI04313,ORD02885,M050,2,8.63,17.26
OI04314,ORD02886,M019,3,11.31,33.93
OI04315,ORD02886,M036,2,21.19,42.38
OI04316,ORD02887,M031,1,11.87,11.87
OI04317,ORD02888,M004,2,7.15,14.3
OI04318,ORD02888,M003,3,13.14,39.42
OI04319,ORD02889,M030,3,20.38,61.14
OI04320,ORD02890,M026,3,23.22,69.66
OI04321,ORD02891,M028,3,10.31,30.93
OI04322,ORD02892,M038,3,12.96,38.88
OI04323,ORD02893,M025,2,5.42,10.84
OI04324,ORD02894,M024,1,20.8,20.8
OI04325,ORD02895,M030,2,20.38,40.76
OI04326,ORD02896,M025,3,5.42,16.26
OI04327,ORD02897,M012,2,11.68,23.36
OI04328,ORD02898,M010,1,8.19,8.19
OI04329,ORD02898,M024,3,20.8,62.4
OI04330,ORD02899,M033,1,9.14,9.14
OI04331,ORD02899,M040,1,15.26,15.26
OI04332,ORD02900,M018,1,6.4,6.4
OI04333,ORD02900,M027,2,16.47,32.94
OI04334,ORD02901,M006,3,5.76,17.28
OI04335,ORD02902,M045,1,14.72,14.72
OI04336,ORD02903,M017,2,16.95,33.9
OI04337,ORD02904,M041,3,18.7,56.1
OI04338,ORD02904,M016,1,6.75,6.75
OI04339,ORD02905,M030,1,20.38,20.38
OI04340,ORD02905,M043,3,18.33,54.99
OI04341,ORD02906,M024,3,20.8,62.4
OI04342,ORD02907,M003,1,13.14,13.14
OI04343,ORD02908,M002,2,6.74,13.48
OI04344,ORD02909,M048,3,5.64,16.92
OI04345,ORD02910,M042,1,17.77,17.77
OI04346,ORD02911,M049,1,20.08,20.08
OI04347,ORD02911,M042,1,17.77,17.77
OI04348,ORD02912,M048,1,5.64,5.64
OI04349,ORD02913,M037,1,11.31,11.31
OI04350,ORD02913,M025,1,5.42,5.42
OI04351,ORD02914,M016,3,6.75,20.25
OI04352,ORD02915,M020,1,13.97,13.97
OI04353,ORD02916,M032,2,21.03,42.06
OI04354,ORD02916,M026,1,23.22,23.22
OI04355,ORD02917,M021,2,23.11,46.22
OI04356,ORD02918,M005,3,23.02,69.06
OI04357,ORD02918,M006,3,5.76,17.28
OI04358,ORD02919,M034,2,17.18,34.36
OI04359,ORD02920,M015,3,13.73,41.19
OI04360,ORD02921,M034,1,17.18,17.18
OI04361,ORD02922,M047,3,12.49,37.47
OI04362,ORD02923,M026,3,23.22,69.66
OI04363,ORD02923,M003,2,13.14,26.28
OI04364,ORD02924,M045,1,14.72,14.72
OI04365,ORD02924,M012,2,11.68,23.36
OI04366,ORD02925,M038,3,12.96,38.88
OI04367,ORD02926,M006,3,5.76,17.28
OI04368,ORD02926,M016,1,6.75,6.75
OI04369,ORD02927,M036,3,21.19,63.57
OI04370,ORD02927,M047,3,12.49,37.47
OI04371,ORD02928,M029,2,21.76,43.52
OI04372,ORD02928,M036,1,21.19,21.19
OI04373,ORD02929,M010,3,8.19,24.57
OI04374,ORD02929,M039,2,20.39,40.78
OI04375,ORD02930,M014,3,5.03,15.09
OI04376,ORD02931,M025,3,5.42,16.26
OI04377,ORD02932,M021,1,23.11,23.11
OI04378,ORD02933,M037,1,11.31,11.31
OI04379,ORD02933,M010,2,8.19,16.38
OI04380,ORD02934,M018,3,6.4,19.2
OI04381,ORD02935,M016,2,6.75,13.5
OI04382,ORD02935,M040,3,15.26,45.78
OI04383,ORD02936,M043,1,18.33,18.33
OI04384,ORD02937,M012,2,11.68,23.36
OI04385,ORD02938,M038,1,12.96,12.96
OI04386,ORD02939,M016,1,6.75,6.75
OI04387,ORD02939,M033,3,9.14,27.42
OI04388,ORD02940,M032,1,21.03,21.03
OI04389,ORD02940,M050,3,8.63,25.89
OI04390,ORD02941,M007,1,15.72,15.72
OI04391,ORD02942,M024,2,20.8,41.6
OI04392,ORD02942,M021,1,23.11,23.11
OI04393,ORD02943,M043,2,18.33,36.66
OI04394,ORD02943,M013,2,9.9,19.8
OI04395,ORD02944,M034,2,17.18,34.36
OI04396,ORD02944,M036,1,21.19,21.19
OI04397,ORD02945,M049,1,20.08,20.08
OI04398,ORD02946,M040,3,15.26,45.78
OI04399,ORD02946,M022,1,6.86,6.86
OI04400,ORD02947,M015,3,13.73,41.19
OI04401,ORD02948,M027,1,16.47,16.47
OI04402,ORD02949,M010,2,8.19,16.38
OI04403,ORD02949,M048,2,5.64,11.28
OI04404,ORD02950,M024,2,20.8,41.6
OI04405,ORD02950,M006,1,5.76,5.76
OI04406,ORD02951,M038,1,12.96,12.96
OI04407,ORD02952,M031,2,11.87,23.74
OI04408,ORD02952,M026,2,23.22,46.44
OI04409,ORD02953,M008,3,11.64,34.92
OI04410,ORD02954,M009,1,22.04,22.04
OI04411,ORD02954,M044,2,22.8,45.6
OI04412,ORD02955,M011,2,11.74,23.48
OI04413,ORD02956,M008,3,11.64,34.92
OI04414,ORD02956,M044,3,22.8,68.4
OI04415,ORD02957,M015,3,13.73,41.19
OI04416,ORD02958,M009,3,22.04,66.12
OI04417,ORD02958,M020,1,13.97,13.97
OI04418,ORD02959,M022,1,6.86,6.86
OI04419,ORD02960,M038,1,12.96,12.96
OI04420,ORD02961,M028,1,10.31,10.31
OI04421,ORD02961,M015,2,13.73,27.46
OI04422,ORD02962,M026,2,23.22,46.44
OI04423,ORD02963,M033,3,9.14,27.42
OI04424,ORD02963,M017,3,16.95,50.85
OI04425,ORD02964,M035,1,15.54,15.54
OI04426,ORD02964,M029,3,21.76,65.28
OI04427,ORD02965,M024,3,20.8,62.4
OI04428,ORD02966,M009,1,22.04,22.04
OI04429,ORD02966,M032,3,21.03,63.09
OI04430,ORD02967,M010,2,8.19,16.38
OI04431,ORD02967,M032,1,21.03,21.03
OI04432,ORD02968,M023,3,7.84,23.52
OI04433,ORD02969,M043,2,18.33,36.66
OI04434,ORD02970,M004,2,7.15,14.3
OI04435,ORD02970,M003,2,13.14,26.28
OI04436,ORD02971,M042,2,17.77,35.54
OI04437,ORD02971,M014,3,5.03,15.09
OI04438,ORD02972,M019,1,11.31,11.31
OI04439,ORD02973,M005,3,23.02,69.06
OI04440,ORD02974,M022,3,6.86,20.58
OI04441,ORD02975,M049,1,20.08,20.08
OI04442,ORD02976,M017,3,16.95,50.85
OI04443,ORD02977,M012,1,11.68,11.68
OI04444,ORD02978,M028,3,10.31,30.93
OI04445,ORD02978,M025,1,5.42,5.42
OI04446,ORD02979,M044,1,22.8,22.8
OI04447,ORD02979,M034,3,17.18,51.54
OI04448,ORD02980,M047,1,12.49,12.49
OI04449,ORD02981,M027,2,16.47,32.94
OI04450,ORD02982,M010,2,8.19,16.38
OI04451,ORD02983,M042,1,17.77,17.77
OI04452,ORD02983,M043,2,18.33,36.66
OI04453,ORD02984,M025,3,5.42,16.26
OI04454,ORD02985,M035,2,15.54,31.08
OI04455,ORD02985,M041,1,18.7,18.7
OI04456,ORD02986,M050,3,8.63,25.89
OI04457,ORD02986,M029,3,21.76,65.28
OI04458,ORD02987,M040,3,15.26,45.78
OI04459,ORD02988,M035,2,15.54,31.08
OI04460,ORD02989,M033,1,9.14,9.14
OI04461,ORD02990,M034,3,17.18,51.54
OI04462,ORD02990,M023,2,7.84,15.68
OI04463,ORD02991,M011,2,11.74,23.48
OI04464,ORD02992,M037,3,11.31,33.93
OI04465,ORD02992,M019,2,11.31,22.62
OI04466,ORD02993,M045,3,14.72,44.16
OI04467,ORD02994,M027,1,16.47,16.47
OI04468,ORD02994,M042,3,17.77,53.31
OI04469,ORD02995,M041,2,18.7,37.4
OI04470,ORD02996,M047,3,12.49,37.47
OI04471,ORD02996,M024,3,20.8,62.4
OI04472,ORD02997,M047,1,12.49,12.49
OI04473,ORD02998,M024,1,20.8,20.8
OI04474,ORD02999,M008,2,11.64,23.28
OI04475,ORD03000,M035,1,15.54,15.54
OI04476,ORD03001,M044,3,22.8,68.4
OI04477,ORD03002,M006,3,5.76,17.28
OI04478,ORD03002,M019,1,11.31,11.31
OI04479,ORD03003,M045,2,14.72,29.44
OI04480,ORD03004,M027,3,16.47,49.41
OI04481,ORD03004,M002,2,6.74,13.48
OI04482,ORD03005,M027,2,16.47,32.94
OI04483,ORD03006,M004,3,7.15,21.45
OI04484,ORD03006,M042,1,17.77,17.77
OI04485,ORD03007,M002,2,6.74,13.48
OI04486,ORD03008,M010,3,8.19,24.57
OI04487,ORD03009,M049,1,20.08,20.08
OI04488,ORD03009,M024,2,20.8,41.6
OI04489,ORD03010,M011,1,11.74,11.74
OI04490,ORD03011,M025,1,5.42,5.42
OI04491,ORD03011,M016,3,6.75,20.25
OI04492,ORD03012,M038,2,12.96,25.92
OI04493,ORD03013,M034,3,17.18,51.54
OI04494,ORD03014,M046,3,18.37,55.11
OI04495,ORD03014,M007,2,15.72,31.44
OI04496,ORD03015,M048,1,5.64,5.64
OI04497,ORD03016,M039,3,20.39,61.17
OI04498,ORD03016,M025,1,5.42,5.42
OI04499,ORD03017,M020,3,13.97,41.91
OI04500,ORD03018,M016,3,6.75,20.25
OI04501,ORD03019,M026,2,23.22,46.44
OI04502,ORD03019,M028,2,10.31,20.62
OI04503,ORD03020,M010,1,8.19,8.19
OI04504,ORD03020,M044,2,22.8,45.6
OI04505,ORD03021,M041,1,18.7,18.7
OI04506,ORD03022,M050,1,8.63,8.63
OI04507,ORD03023,M043,3,18.33,54.99
OI04508,ORD03023,M047,3,12.49,37.47
OI04509,ORD03024,M036,3,21.19,63.57
OI04510,ORD03025,M008,2,11.64,23.28
OI04511,ORD03026,M032,1,21.03,21.03
OI04512,ORD03027,M023,1,7.84,7.84
OI04513,ORD03028,M013,1,9.9,9.9
OI04514,ORD03029,M004,2,7.15,14.3
OI04515,ORD03029,M026,2,23.22,46.44
OI04516,ORD03030,M045,2,14.72,29.44
OI04517,ORD03030,M039,2,20.39,40.78
OI04518,ORD03031,M045,2,14.72,29.44
OI04519,ORD03031,M002,1,6.74,6.74
OI04520,ORD03032,M048,3,5.64,16.92
OI04521,ORD03032,M012,3,11.68,35.04
OI04522,ORD03033,M008,2,11.64,23.28
OI04523,ORD03034,M027,3,16.47,49.41
OI04524,ORD03034,M050,1,8.63,8.63
OI04525,ORD03035,M026,3,23.22,69.66
OI04526,ORD03035,M024,3,20.8,62.4
OI04527,ORD03036,M028,1,10.31,10.31
OI04528,ORD03037,M009,3,22.04,66.12
OI04529,ORD03037,M026,1,23.22,23.22
OI04530,ORD03038,M018,2,6.4,12.8
OI04531,ORD03039,M021,3,23.11,69.33
OI04532,ORD03039,M022,1,6.86,6.86
OI04533,ORD03040,M005,3,23.02,69.06
OI04534,ORD03040,M036,1,21.19,21.19
OI04535,ORD03041,M048,1,5.64,5.64
OI04536,ORD03042,M016,1,6.75,6.75
OI04537,ORD03042,M027,1,16.47,16.47
OI04538,ORD03043,M024,2,20.8,41.6
OI04539,ORD03043,M004,3,7.15,21.45
OI04540,ORD03044,M025,2,5.42,10.84
OI04541,ORD03045,M035,2,15.54,31.08
OI04542,ORD03045,M033,2,9.14,18.28
OI04543,ORD03046,M007,2,15.72,31.44
OI04544,ORD03047,M021,3,23.11,69.33
OI04545,ORD03047,M036,3,21.19,63.57
OI04546,ORD03048,M021,3,23.11,69.33
OI04547,ORD03048,M037,3,11.31,33.93
OI04548,ORD03049,M040,2,15.26,30.52
OI04549,ORD03049,M034,1,17.18,17.18
OI04550,ORD03050,M004,2,7.15,14.3
OI04551,ORD03050,M050,1,8.63,8.63
OI04552,ORD03051,M021,1,23.11,23.11
OI04553,ORD03051,M021,3,23.11,69.33
OI04554,ORD03052,M023,2,7.84,15.68
OI04555,ORD03052,M035,1,15.54,15.54
OI04556,ORD03053,M033,2,9.14,18.28
OI04557,ORD03054,M006,3,5.76,17.28
OI04558,ORD03055,M022,2,6.86,13.72
OI04559,ORD03056,M004,1,7.15,7.15
OI04560,ORD03056,M014,1,5.03,5.03
OI04561,ORD03057,M045,3,14.72,44.16
OI04562,ORD03057,M004,1,7.15,7.15
OI04563,ORD03058,M044,2,22.8,45.6
OI04564,ORD03059,M013,2,9.9,19.8
OI04565,ORD03060,M047,2,12.49,24.98
OI04566,ORD03061,M007,2,15.72,31.44
OI04567,ORD03062,M008,2,11.64,23.28
OI04568,ORD03062,M011,2,11.74,23.48
OI04569,ORD03063,M017,3,16.95,50.85
OI04570,ORD03064,M040,2,15.26,30.52
OI04571,ORD03064,M023,1,7.84,7.84
OI04572,ORD03065,M010,1,8.19,8.19
OI04573,ORD03065,M045,1,14.72,14.72
OI04574,ORD03066,M050,2,8.63,17.26
OI04575,ORD03067,M041,1,18.7,18.7
OI04576,ORD03067,M010,2,8.19,16.38
OI04577,ORD03068,M012,3,11.68,35.04
OI04578,ORD03069,M019,1,11.31,11.31
OI04579,ORD03069,M041,1,18.7,18.7
OI04580,ORD03070,M005,3,23.02,69.06
OI04581,ORD03070,M034,2,17.18,34.36
OI04582,ORD03071,M050,2,8.63,17.26
OI04583,ORD03072,M024,1,20.8,20.8
OI04584,ORD03072,M010,2,8.19,16.38
OI04585,ORD03073,M028,3,10.31,30.93
OI04586,ORD03074,M044,3,22.8,68.4
OI04587,ORD03074,M009,1,22.04,22.04
OI04588,ORD03075,M022,2,6.86,13.72
OI04589,ORD03075,M002,1,6.74,6.74
OI04590,ORD03076,M030,2,20.38,40.76
OI04591,ORD03077,M045,3,14.72,44.16
OI04592,ORD03077,M015,3,13.73,41.19
OI04593,ORD03078,M035,2,15.54,31.08
OI04594,ORD03078,M007,2,15.72,31.44
OI04595,ORD03079,M014,1,5.03,5.03
OI04596,ORD03080,M010,2,8.19,16.38
OI04597,ORD03081,M050,1,8.63,8.63
OI04598,ORD03081,M009,2,22.04,44.08
OI04599,ORD03082,M045,2,14.72,29.44
OI04600,ORD03083,M045,3,14.72,44.16
OI04601,ORD03083,M002,1,6.74,6.74
OI04602,ORD03084,M022,2,6.86,13.72
OI04603,ORD03085,M005,2,23.02,46.04
OI04604,ORD03085,M032,3,21.03,63.09
OI04605,ORD03086,M017,2,16.95,33.9
OI04606,ORD03086,M020,2,13.97,27.94
OI04607,ORD03087,M001,2,6.05,12.1
OI04608,ORD03088,M012,2,11.68,23.36
OI04609,ORD03088,M043,3,18.33,54.99
OI04610,ORD03089,M049,3,20.08,60.24
OI04611,ORD03090,M046,2,18.37,36.74
OI04612,ORD03091,M030,2,20.38,40.76
OI04613,ORD03091,M008,2,11.64,23.28
OI04614,ORD03092,M020,1,13.97,13.97
OI04615,ORD03092,M034,1,17.18,17.18
OI04616,ORD03093,M015,2,13.73,27.46
OI04617,ORD03093,M019,1,11.31,11.31
OI04618,ORD03094,M019,1,11.31,11.31
OI04619,ORD03094,M039,2,20.39,40.78
OI04620,ORD03095,M006,3,5.76,17.28
OI04621,ORD03095,M024,1,20.8,20.8
OI04622,ORD03096,M005,3,23.02,69.06
OI04623,ORD03097,M041,2,18.7,37.4
OI04624,ORD03097,M009,1,22.04,22.04
OI04625,ORD03098,M018,2,6.4,12.8
OI04626,ORD03098,M011,3,11.74,35.22
OI04627,ORD03099,M043,1,18.33,18.33
OI04628,ORD03099,M005,3,23.02,69.06
OI04629,ORD03100,M010,2,8.19,16.38
OI04630,ORD03101,M015,3,13.73,41.19
OI04631,ORD03101,M042,2,17.77,35.54
OI04632,ORD03102,M025,2,5.42,10.84
OI04633,ORD03102,M011,3,11.74,35.22
OI04634,ORD03103,M038,1,12.96,12.96
OI04635,ORD03103,M046,3,18.37,55.11
OI04636,ORD03104,M035,3,15.54,46.62
OI04637,ORD03105,M039,2,20.39,40.78
OI04638,ORD03106,M032,1,21.03,21.03
OI04639,ORD03106,M035,1,15.54,15.54
OI04640,ORD03107,M033,1,9.14,9.14
OI04641,ORD03107,M040,2,15.26,30.52
OI04642,ORD03108,M028,1,10.31,10.31
OI04643,ORD03109,M004,3,7.15,21.45
OI04644,ORD03109,M046,3,18.37,55.11
OI04645,ORD03110,M017,3,16.95,50.85
OI04646,ORD03111,M024,2,20.8,41.6
OI04647,ORD03112,M049,2,20.08,40.16
OI04648,ORD03113,M045,2,14.72,29.44
OI04649,ORD03114,M025,3,5.42,16.26
OI04650,ORD03115,M044,1,22.8,22.8
OI04651,ORD03116,M037,3,11.31,33.93
OI04652,ORD03117,M032,1,21.03,21.03
OI04653,ORD03117,M009,3,22.04,66.12
OI04654,ORD03118,M030,2,20.38,40.76
OI04655,ORD03118,M015,2,13.73,27.46
OI04656,ORD03119,M020,3,13.97,41.91
OI04657,ORD03119,M033,2,9.14,18.28
OI04658,ORD03120,M048,3,5.64,16.92
OI04659,ORD03121,M025,3,5.42,16.26
OI04660,ORD03121,M041,2,18.7,37.4
OI04661,ORD03122,M045,2,14.72,29.44
OI04662,ORD03122,M007,2,15.72,31.44
OI04663,ORD03123,M029,2,21.76,43.52
OI04664,ORD03124,M041,3,18.7,56.1
OI04665,ORD03124,M017,3,16.95,50.85
OI04666,ORD03125,M012,1,11.68,11.68
OI04667,ORD03125,M020,1,13.97,13.97
OI04668,ORD03126,M050,2,8.63,17.26
OI04669,ORD03126,M033,1,9.14,9.14
OI04670,ORD03127,M031,2,11.87,23.74
OI04671,ORD03127,M035,2,15.54,31.08
OI04672,ORD03128,M050,2,8.63,17.26
OI04673,ORD03128,M003,2,13.14,26.28
OI04674,ORD03129,M048,3,5.64,16.92
OI04675,ORD03129,M042,1,17.77,17.77
OI04676,ORD03130,M018,2,6.4,12.8
OI04677,ORD03131,M029,2,21.76,43.52
OI04678,ORD03132,M009,3,22.04,66.12
OI04679,ORD03132,M001,3,6.05,18.15
OI04680,ORD03133,M033,3,9.14,27.42
OI04681,ORD03133,M003,1,13.14,13.14
OI04682,ORD03134,M047,1,12.49,12.49
OI04683,ORD03135,M038,3,12.96,38.88
OI04684,ORD03136,M035,1,15.54,15.54
OI04685,ORD03136,M044,3,22.8,68.4
OI04686,ORD03137,M044,2,22.8,45.6
OI04687,ORD03137,M028,2,10.31,20.62
OI04688,ORD03138,M030,3,20.38,61.14
OI04689,ORD03138,M010,2,8.19,16.38
OI04690,ORD03139,M021,2,23.11,46.22
OI04691,ORD03139,M045,2,14.72,29.44
OI04692,ORD03140,M009,1,22.04,22.04
OI04693,ORD03141,M010,1,8.19,8.19
OI04694,ORD03142,M025,2,5.42,10.84
OI04695,ORD03142,M017,1,16.95,16.95
OI04696,ORD03143,M007,1,15.72,15.72
OI04697,ORD03143,M027,3,16.47,49.41
OI04698,ORD03144,M008,2,11.64,23.28
OI04699,ORD03144,M008,1,11.64,11.64
OI04700,ORD03145,M013,2,9.9,19.8
OI04701,ORD03145,M011,2,11.74,23.48
OI04702,ORD03146,M003,2,13.14,26.28
OI04703,ORD03147,M049,1,20.08,20.08
OI04704,ORD03147,M007,2,15.72,31.44
OI04705,ORD03148,M039,3,20.39,61.17
OI04706,ORD03149,M033,2,9.14,18.28
OI04707,ORD03150,M032,3,21.03,63.09
OI04708,ORD03150,M002,1,6.74,6.74
OI04709,ORD03151,M047,2,12.49,24.98
OI04710,ORD03151,M032,2,21.03,42.06
OI04711,ORD03152,M033,2,9.14,18.28
OI04712,ORD03153,M007,3,15.72,47.16
OI04713,ORD03154,M022,2,6.86,13.72
OI04714,ORD03154,M030,2,20.38,40.76
OI04715,ORD03155,M007,2,15.72,31.44
OI04716,ORD03155,M025,1,5.42,5.42
OI04717,ORD03156,M046,2,18.37,36.74
OI04718,ORD03157,M023,3,7.84,23.52
OI04719,ORD03158,M031,1,11.87,11.87
OI04720,ORD03159,M035,2,15.54,31.08
OI04721,ORD03159,M046,2,18.37,36.74
OI04722,ORD03160,M009,3,22.04,66.12
OI04723,ORD03160,M015,3,13.73,41.19
OI04724,ORD03161,M039,3,20.39,61.17
OI04725,ORD03162,M025,1,5.42,5.42
OI04726,ORD03163,M028,2,10.31,20.62
OI04727,ORD03164,M017,1,16.95,16.95
OI04728,ORD03164,M031,3,11.87,35.61
OI04729,ORD03165,M010,1,8.19,8.19
OI04730,ORD03166,M010,2,8.19,16.38
OI04731,ORD03166,M015,2,13.73,27.46
OI04732,ORD03167,M039,3,20.39,61.17
OI04733,ORD03167,M032,3,21.03,63.09
OI04734,ORD03168,M047,2,12.49,24.98
OI04735,ORD03169,M023,2,7.84,15.68
OI04736,ORD03169,M013,1,9.9,9.9
OI04737,ORD03170,M046,2,18.37,36.74
OI04738,ORD03170,M022,2,6.86,13.72
OI04739,ORD03171,M018,1,6.4,6.4
OI04740,ORD03171,M009,2,22.04,44.08
OI04741,ORD03172,M008,2,11.64,23.28
OI04742,ORD03172,M016,3,6.75,20.25
OI04743,ORD03173,M031,1,11.87,11.87
OI04744,ORD03174,M002,1,6.74,6.74
OI04745,ORD03175,M041,3,18.7,56.1
OI04746,ORD03175,M009,1,22.04,22.04
OI04747,ORD03176,M041,2,18.7,37.4
OI04748,ORD03176,M045,1,14.72,14.72
OI04749,ORD03177,M003,2,13.14,26.28
OI04750,ORD03177,M033,1,9.14,9.14
OI04751,ORD03178,M030,3,20.38,61.14
OI04752,ORD03178,M011,1,11.74,11.74
OI04753,ORD03179,M014,1,5.03,5.03
OI04754,ORD03179,M006,1,5.76,5.76
OI04755,ORD03180,M046,1,18.37,18.37
OI04756,ORD03181,M027,2,16.47,32.94
OI04757,ORD03181,M038,3,12.96,38.88
OI04758,ORD03182,M033,1,9.14,9.14
OI04759,ORD03183,M023,3,7.84,23.52
OI04760,ORD03184,M041,1,18.7,18.7
OI04761,ORD03184,M030,1,20.38,20.38
OI04762,ORD03185,M026,1,23.22,23.22
OI04763,ORD03185,M010,1,8.19,8.19
OI04764,ORD03186,M018,2,6.4,12.8
OI04765,ORD03187,M035,1,15.54,15.54
OI04766,ORD03188,M033,2,9.14,18.28
OI04767,ORD03188,M021,3,23.11,69.33
OI04768,ORD03189,M036,2,21.19,42.38
OI04769,ORD03189,M036,1,21.19,21.19
OI04770,ORD03190,M010,1,8.19,8.19
OI04771,ORD03191,M002,2,6.74,13.48
OI04772,ORD03192,M007,2,15.72,31.44
OI04773,ORD03193,M002,2,6.74,13.48
OI04774,ORD03193,M026,1,23.22,23.22
OI04775,ORD03194,M028,2,10.31,20.62
OI04776,ORD03195,M012,2,11.68,23.36
OI04777,ORD03195,M037,1,11.31,11.31
OI04778,ORD03196,M014,3,5.03,15.09
OI04779,ORD03197,M035,1,15.54,15.54
OI04780,ORD03198,M002,3,6.74,20.22
OI04781,ORD03199,M022,1,6.86,6.86
OI04782,ORD03200,M031,1,11.87,11.87
OI04783,ORD03201,M038,1,12.96,12.96
OI04784,ORD03201,M022,1,6.86,6.86
OI04785,ORD03202,M033,1,9.14,9.14
OI04786,ORD03202,M036,1,21.19,21.19
OI04787,ORD03203,M022,3,6.86,20.58
OI04788,ORD03204,M003,1,13.14,13.14
OI04789,ORD03204,M032,1,21.03,21.03
OI04790,ORD03205,M012,2,11.68,23.36
OI04791,ORD03205,M004,1,7.15,7.15
OI04792,ORD03206,M001,1,6.05,6.05
OI04793,ORD03207,M026,2,23.22,46.44
OI04794,ORD03207,M019,2,11.31,22.62
OI04795,ORD03208,M001,1,6.05,6.05
OI04796,ORD03209,M038,1,12.96,12.96
OI04797,ORD03210,M045,2,14.72,29.44
OI04798,ORD03211,M005,1,23.02,23.02
OI04799,ORD03212,M032,1,21.03,21.03
OI04800,ORD03213,M029,3,21.76,65.28
OI04801,ORD03213,M010,1,8.19,8.19
OI04802,ORD03214,M018,1,6.4,6.4
OI04803,ORD03214,M011,1,11.74,11.74
OI04804,ORD03215,M007,3,15.72,47.16
OI04805,ORD03216,M024,1,20.8,20.8
OI04806,ORD03216,M014,3,5.03,15.09
OI04807,ORD03217,M040,2,15.26,30.52
OI04808,ORD03218,M003,1,13.14,13.14
OI04809,ORD03219,M047,3,12.49,37.47
OI04810,ORD03219,M005,1,23.02,23.02
OI04811,ORD03220,M024,1,20.8,20.8
OI04812,ORD03221,M046,2,18.37,36.74
OI04813,ORD03221,M012,2,11.68,23.36
OI04814,ORD03222,M004,1,7.15,7.15
OI04815,ORD03223,M036,3,21.19,63.57
OI04816,ORD03223,M012,1,11.68,11.68
OI04817,ORD03224,M023,2,7.84,15.68
OI04818,ORD03225,M002,3,6.74,20.22
OI04819,ORD03226,M041,3,18.7,56.1
OI04820,ORD03227,M007,1,15.72,15.72
OI04821,ORD03228,M027,2,16.47,32.94
OI04822,ORD03229,M021,2,23.11,46.22
OI04823,ORD03230,M006,2,5.76,11.52
OI04824,ORD03231,M035,3,15.54,46.62
OI04825,ORD03231,M011,1,11.74,11.74
OI04826,ORD03232,M002,3,6.74,20.22
OI04827,ORD03232,M019,3,11.31,33.93
OI04828,ORD03233,M001,3,6.05,18.15
OI04829,ORD03233,M045,2,14.72,29.44
OI04830,ORD03234,M036,1,21.19,21.19
OI04831,ORD03234,M048,3,5.64,16.92
OI04832,ORD03235,M024,1,20.8,20.8
OI04833,ORD03235,M025,2,5.42,10.84
OI04834,ORD03236,M008,2,11.64,23.28
OI04835,ORD03237,M028,3,10.31,30.93
OI04836,ORD03238,M011,2,11.74,23.48
OI04837,ORD03238,M033,2,9.14,18.28
OI04838,ORD03239,M048,3,5.64,16.92
OI04839,ORD03240,M046,2,18.37,36.74
OI04840,ORD03240,M049,3,20.08,60.24
OI04841,ORD03241,M043,3,18.33,54.99
OI04842,ORD03241,M004,2,7.15,14.3
OI04843,ORD03242,M014,1,5.03,5.03
OI04844,ORD03242,M049,3,20.08,60.24
OI04845,ORD03243,M031,3,11.87,35.61
OI04846,ORD03243,M033,1,9.14,9.14
OI04847,ORD03244,M023,1,7.84,7.84
OI04848,ORD03245,M027,3,16.47,49.41
OI04849,ORD03246,M050,3,8.63,25.89
OI04850,ORD03246,M029,1,21.76,21.76
OI04851,ORD03247,M005,1,23.02,23.02
OI04852,ORD03248,M049,3,20.08,60.24
OI04853,ORD03248,M025,2,5.42,10.84
OI04854,ORD03249,M023,3,7.84,23.52
OI04855,ORD03250,M039,1,20.39,20.39
OI04856,ORD03250,M027,1,16.47,16.47
OI04857,ORD03251,M034,2,17.18,34.36
OI04858,ORD03252,M019,3,11.31,33.93
OI04859,ORD03252,M036,3,21.19,63.57
OI04860,ORD03253,M023,3,7.84,23.52
OI04861,ORD03254,M030,1,20.38,20.38
OI04862,ORD03255,M036,1,21.19,21.19
OI04863,ORD03256,M049,1,20.08,20.08
OI04864,ORD03256,M041,2,18.7,37.4
OI04865,ORD03257,M040,1,15.26,15.26
OI04866,ORD03257,M017,2,16.95,33.9
OI04867,ORD03258,M023,1,7.84,7.84
OI04868,ORD03258,M045,2,14.72,29.44
OI04869,ORD03259,M046,1,18.37,18.37
OI04870,ORD03260,M044,2,22.8,45.6
OI04871,ORD03260,M032,2,21.03,42.06
OI04872,ORD03261,M028,3,10.31,30.93
OI04873,ORD03262,M025,3,5.42,16.26
OI04874,ORD03263,M044,3,22.8,68.4
OI04875,ORD03263,M030,3,20.38,61.14
OI04876,ORD03264,M035,3,15.54,46.62
OI04877,ORD03265,M013,1,9.9,9.9
OI04878,ORD03265,M033,1,9.14,9.14
OI04879,ORD03266,M011,3,11.74,35.22
OI04880,ORD03267,M025,3,5.42,16.26
OI04881,ORD03267,M004,1,7.15,7.15
OI04882,ORD03268,M021,1,23.11,23.11
OI04883,ORD03269,M026,3,23.22,69.66
OI04884,ORD03269,M026,2,23.22,46.44
OI04885,ORD03270,M028,2,10.31,20.62
OI04886,ORD03271,M040,3,15.26,45.78
OI04887,ORD03272,M045,2,14.72,29.44
OI04888,ORD03273,M033,3,9.14,27.42
OI04889,ORD03273,M007,1,15.72,15.72
OI04890,ORD03274,M035,2,15.54,31.08
OI04891,ORD03274,M036,2,21.19,42.38
OI04892,ORD03275,M020,2,13.97,27.94
OI04893,ORD03275,M008,3,11.64,34.92
OI04894,ORD03276,M040,2,15.26,30.52
OI04895,ORD03277,M002,2,6.74,13.48
OI04896,ORD03277,M039,1,20.39,20.39
OI04897,ORD03278,M039,3,20.39,61.17
OI04898,ORD03279,M031,3,11.87,35.61
OI04899,ORD03279,M037,3,11.31,33.93
OI04900,ORD03280,M006,1,5.76,5.76
OI04901,ORD03281,M010,2,8.19,16.38
OI04902,ORD03282,M010,3,8.19,24.57
OI04903,ORD03283,M015,3,13.73,41.19
OI04904,ORD03283,M050,1,8.63,8.63
OI04905,ORD03284,M049,2,20.08,40.16
OI04906,ORD03284,M007,1,15.72,15.72
OI04907,ORD03285,M015,2,13.73,27.46
OI04908,ORD03285,M041,1,18.7,18.7
OI04909,ORD03286,M039,2,20.39,40.78
OI04910,ORD03286,M038,1,12.96,12.96
OI04911,ORD03287,M022,3,6.86,20.58
OI04912,ORD03288,M001,1,6.05,6.05
OI04913,ORD03289,M038,2,12.96,25.92
OI04914,ORD03290,M004,2,7.15,14.3
OI04915,ORD03291,M047,3,12.49,37.47
OI04916,ORD03292,M028,2,10.31,20.62
OI04917,ORD03292,M010,1,8.19,8.19
OI04918,ORD03293,M033,3,9.14,27.42
OI04919,ORD03294,M012,3,11.68,35.04
OI04920,ORD03294,M003,1,13.14,13.14
OI04921,ORD03295,M032,2,21.03,42.06
OI04922,ORD03296,M040,1,15.26,15.26
OI04923,ORD03296,M048,3,5.64,16.92
OI04924,ORD03297,M037,3,11.31,33.93
OI04925,ORD03297,M028,2,10.31,20.62
OI04926,ORD03298,M049,1,20.08,20.08
OI04927,ORD03299,M014,2,5.03,10.06
OI04928,ORD03299,M044,3,22.8,68.4
OI04929,ORD03300,M047,2,12.49,24.98
OI04930,ORD03301,M015,3,13.73,41.19
OI04931,ORD03301,M013,1,9.9,9.9
OI04932,ORD03302,M039,2,20.39,40.78
OI04933,ORD03302,M009,1,22.04,22.04
OI04934,ORD03303,M019,1,11.31,11.31
OI04935,ORD03304,M038,1,12.96,12.96
OI04936,ORD03305,M041,2,18.7,37.4
OI04937,ORD03306,M023,2,7.84,15.68
OI04938,ORD03306,M036,1,21.19,21.19
OI04939,ORD03307,M009,3,22.04,66.12
OI04940,ORD03308,M041,3,18.7,56.1
OI04941,ORD03308,M032,1,21.03,21.03
OI04942,ORD03309,M027,1,16.47,16.47
OI04943,ORD03310,M033,3,9.14,27.42
OI04944,ORD03311,M012,1,11.68,11.68
OI04945,ORD03312,M029,3,21.76,65.28
OI04946,ORD03312,M039,2,20.39,40.78
OI04947,ORD03313,M033,2,9.14,18.28
OI04948,ORD03314,M005,1,23.02,23.02
OI04949,ORD03314,M038,2,12.96,25.92
OI04950,ORD03315,M013,2,9.9,19.8
OI04951,ORD03315,M021,3,23.11,69.33
OI04952,ORD03316,M030,2,20.38,40.76
OI04953,ORD03316,M044,2,22.8,45.6
OI04954,ORD03317,M031,2,11.87,23.74
OI04955,ORD03317,M042,1,17.77,17.77
OI04956,ORD03318,M021,2,23.11,46.22
OI04957,ORD03318,M012,2,11.68,23.36
OI04958,ORD03319,M001,1,6.05,6.05
OI04959,ORD03319,M033,3,9.14,27.42
OI04960,ORD03320,M035,1,15.54,15.54
OI04961,ORD03321,M035,1,15.54,15.54
OI04962,ORD03322,M022,3,6.86,20.58
OI04963,ORD03323,M014,1,5.03,5.03
OI04964,ORD03323,M031,1,11.87,11.87
OI04965,ORD03324,M034,1,17.18,17.18
OI04966,ORD03325,M020,2,13.97,27.94
OI04967,ORD03325,M002,1,6.74,6.74
OI04968,ORD03326,M024,2,20.8,41.6
OI04969,ORD03327,M035,3,15.54,46.62
OI04970,ORD03327,M029,3,21.76,65.28
OI04971,ORD03328,M003,3,13.14,39.42
OI04972,ORD03328,M023,3,7.84,23.52
OI04973,ORD03329,M015,2,13.73,27.46
OI04974,ORD03329,M013,3,9.9,29.7
OI04975,ORD03330,M037,3,11.31,33.93
OI04976,ORD03331,M047,1,12.49,12.49
OI04977,ORD03332,M029,1,21.76,21.76
OI04978,ORD03332,M020,3,13.97,41.91
OI04979,ORD03333,M044,1,22.8,22.8
OI04980,ORD03334,M001,3,6.05,18.15
OI04981,ORD03335,M013,1,9.9,9.9
OI04982,ORD03336,M014,3,5.03,15.09
OI04983,ORD03337,M044,1,22.8,22.8
OI04984,ORD03338,M025,1,5.42,5.42
OI04985,ORD03338,M036,2,21.19,42.38
OI04986,ORD03339,M031,1,11.87,11.87
OI04987,ORD03339,M011,1,11.74,11.74
OI04988,ORD03340,M017,1,16.95,16.95
OI04989,ORD03341,M036,1,21.19,21.19
OI04990,ORD03341,M024,3,20.8,62.4
OI04991,ORD03342,M030,2,20.38,40.76
OI04992,ORD03342,M045,3,14.72,44.16
OI04993,ORD03343,M013,2,9.9,19.8
OI04994,ORD03343,M046,3,18.37,55.11
OI04995,ORD03344,M007,3,15.72,47.16
OI04996,ORD03345,M024,3,20.8,62.4
OI04997,ORD03345,M036,3,21.19,63.57
OI04998,ORD03346,M032,1,21.03,21.03
OI04999,ORD03346,M022,2,6.86,13.72
OI05000,ORD03347,M009,2,22.04,44.08
OI05001,ORD03347,M030,3,20.38,61.14
OI05002,ORD03348,M039,3,20.39,61.17
OI05003,ORD03348,M016,2,6.75,13.5
OI05004,ORD03349,M032,2,21.03,42.06
OI05005,ORD03350,M045,3,14.72,44.16
OI05006,ORD03350,M002,3,6.74,20.22
OI05007,ORD03351,M015,1,13.73,13.73
OI05008,ORD03352,M032,3,21.03,63.09
OI05009,ORD03353,M023,2,7.84,15.68
OI05010,ORD03353,M042,3,17.77,53.31
OI05011,ORD03354,M028,1,10.31,10.31
OI05012,ORD03354,M024,3,20.8,62.4
OI05013,ORD03355,M002,1,6.74,6.74
OI05014,ORD03356,M035,3,15.54,46.62
OI05015,ORD03357,M042,3,17.77,53.31
OI05016,ORD03358,M006,3,5.76,17.28
OI05017,ORD03359,M039,3,20.39,61.17
OI05018,ORD03360,M004,2,7.15,14.3
OI05019,ORD03361,M010,1,8.19,8.19
OI05020,ORD03362,M010,2,8.19,16.38
OI05021,ORD03363,M029,3,21.76,65.28
OI05022,ORD03364,M034,3,17.18,51.54
OI05023,ORD03365,M045,1,14.72,14.72
OI05024,ORD03365,M048,3,5.64,16.92
OI05025,ORD03366,M004,2,7.15,14.3
OI05026,ORD03367,M015,2,13.73,27.46
OI05027,ORD03367,M005,2,23.02,46.04
OI05028,ORD03368,M048,2,5.64,11.28
OI05029,ORD03368,M045,2,14.72,29.44
OI05030,ORD03369,M014,2,5.03,10.06
OI05031,ORD03369,M025,1,5.42,5.42
OI05032,ORD03370,M022,3,6.86,20.58
OI05033,ORD03370,M004,2,7.15,14.3
OI05034,ORD03371,M012,1,11.68,11.68
OI05035,ORD03372,M006,2,5.76,11.52
OI05036,ORD03372,M013,2,9.9,19.8
OI05037,ORD03373,M050,3,8.63,25.89
OI05038,ORD03374,M044,3,22.8,68.4
OI05039,ORD03375,M024,2,20.8,41.6
OI05040,ORD03375,M035,2,15.54,31.08
OI05041,ORD03376,M012,2,11.68,23.36
OI05042,ORD03376,M028,2,10.31,20.62
OI05043,ORD03377,M020,3,13.97,41.91
OI05044,ORD03378,M042,1,17.77,17.77
OI05045,ORD03379,M004,1,7.15,7.15
OI05046,ORD03379,M010,3,8.19,24.57
OI05047,ORD03380,M047,1,12.49,12.49
OI05048,ORD03380,M024,3,20.8,62.4
OI05049,ORD03381,M002,3,6.74,20.22
OI05050,ORD03382,M039,3,20.39,61.17
OI05051,ORD03383,M017,1,16.95,16.95
OI05052,ORD03384,M007,3,15.72,47.16
OI05053,ORD03385,M041,1,18.7,18.7
OI05054,ORD03385,M034,1,17.18,17.18
OI05055,ORD03386,M009,1,22.04,22.04
OI05056,ORD03386,M011,2,11.74,23.48
OI05057,ORD03387,M048,1,5.64,5.64
OI05058,ORD03388,M041,1,18.7,18.7
OI05059,ORD03389,M038,2,12.96,25.92
OI05060,ORD03389,M011,2,11.74,23.48
OI05061,ORD03390,M021,2,23.11,46.22
OI05062,ORD03390,M034,1,17.18,17.18
OI05063,ORD03391,M004,3,7.15,21.45
OI05064,ORD03391,M040,3,15.26,45.78
OI05065,ORD03392,M029,3,21.76,65.28
OI05066,ORD03392,M038,2,12.96,25.92
OI05067,ORD03393,M023,2,7.84,15.68
OI05068,ORD03394,M008,3,11.64,34.92
OI05069,ORD03395,M015,1,13.73,13.73
OI05070,ORD03395,M022,1,6.86,6.86
OI05071,ORD03396,M013,2,9.9,19.8
OI05072,ORD03397,M006,2,5.76,11.52
OI05073,ORD03397,M048,2,5.64,11.28
OI05074,ORD03398,M019,2,11.31,22.62
OI05075,ORD03398,M032,3,21.03,63.09
OI05076,ORD03399,M028,1,10.31,10.31
OI05077,ORD03400,M019,1,11.31,11.31
OI05078,ORD03400,M009,1,22.04,22.04
OI05079,ORD03401,M034,3,17.18,51.54
OI05080,ORD03402,M027,2,16.47,32.94
OI05081,ORD03402,M003,2,13.14,26.28
OI05082,ORD03403,M046,3,18.37,55.11
OI05083,ORD03403,M033,2,9.14,18.28
OI05084,ORD03404,M019,2,11.31,22.62
OI05085,ORD03405,M043,2,18.33,36.66
OI05086,ORD03405,M042,2,17.77,35.54
OI05087,ORD03406,M008,1,11.64,11.64
OI05088,ORD03407,M050,3,8.63,25.89
OI05089,ORD03407,M006,3,5.76,17.28
OI05090,ORD03408,M046,3,18.37,55.11
OI05091,ORD03408,M013,2,9.9,19.8
OI05092,ORD03409,M032,2,21.03,42.06
OI05093,ORD03410,M023,3,7.84,23.52
OI05094,ORD03411,M006,1,5.76,5.76
OI05095,ORD03411,M042,2,17.77,35.54
OI05096,ORD03412,M020,1,13.97,13.97
OI05097,ORD03412,M033,2,9.14,18.28
OI05098,ORD03413,M015,1,13.73,13.73
OI05099,ORD03414,M021,1,23.11,23.11
OI05100,ORD03415,M017,2,16.95,33.9
OI05101,ORD03415,M014,2,5.03,10.06
OI05102,ORD03416,M011,3,11.74,35.22
OI05103,ORD03416,M033,2,9.14,18.28
OI05104,ORD03417,M026,3,23.22,69.66
OI05105,ORD03417,M024,3,20.8,62.4
OI05106,ORD03418,M007,2,15.72,31.44
OI05107,ORD03419,M050,1,8.63,8.63
OI05108,ORD03419,M033,1,9.14,9.14
OI05109,ORD03420,M042,1,17.77,17.77
OI05110,ORD03420,M034,2,17.18,34.36
OI05111,ORD03421,M023,2,7.84,15.68
OI05112,ORD03422,M019,1,11.31,11.31
OI05113,ORD03423,M018,2,6.4,12.8
OI05114,ORD03424,M040,2,15.26,30.52
OI05115,ORD03425,M018,3,6.4,19.2
OI05116,ORD03425,M040,3,15.26,45.78
OI05117,ORD03426,M047,1,12.49,12.49
OI05118,ORD03426,M050,1,8.63,8.63
OI05119,ORD03427,M047,1,12.49,12.49
OI05120,ORD03428,M001,2,6.05,12.1
OI05121,ORD03428,M021,3,23.11,69.33
OI05122,ORD03429,M001,1,6.05,6.05
OI05123,ORD03430,M048,1,5.64,5.64
OI05124,ORD03431,M018,3,6.4,19.2
OI05125,ORD03431,M019,2,11.31,22.62
OI05126,ORD03432,M038,3,12.96,38.88
OI05127,ORD03433,M008,1,11.64,11.64
OI05128,ORD03433,M006,3,5.76,17.28
OI05129,ORD03434,M042,2,17.77,35.54
OI05130,ORD03434,M017,2,16.95,33.9
OI05131,ORD03435,M004,2,7.15,14.3
OI05132,ORD03435,M047,1,12.49,12.49
OI05133,ORD03436,M034,1,17.18,17.18
OI05134,ORD03436,M034,2,17.18,34.36
OI05135,ORD03437,M008,2,11.64,23.28
OI05136,ORD03438,M011,2,11.74,23.48
OI05137,ORD03438,M007,1,15.72,15.72
OI05138,ORD03439,M043,1,18.33,18.33
OI05139,ORD03439,M028,3,10.31,30.93
OI05140,ORD03440,M041,2,18.7,37.4
OI05141,ORD03441,M022,1,6.86,6.86
OI05142,ORD03442,M025,3,5.42,16.26
OI05143,ORD03442,M014,3,5.03,15.09
OI05144,ORD03443,M001,1,6.05,6.05
OI05145,ORD03443,M044,3,22.8,68.4
OI05146,ORD03444,M026,1,23.22,23.22
OI05147,ORD03444,M049,3,20.08,60.24
OI05148,ORD03445,M017,2,16.95,33.9
OI05149,ORD03446,M021,2,23.11,46.22
OI05150,ORD03447,M009,1,22.04,22.04
OI05151,ORD03448,M033,2,9.14,18.28
OI05152,ORD03448,M013,2,9.9,19.8
OI05153,ORD03449,M004,1,7.15,7.15
OI05154,ORD03449,M040,3,15.26,45.78
OI05155,ORD03450,M046,2,18.37,36.74
OI05156,ORD03451,M012,1,11.68,11.68
OI05157,ORD03452,M001,1,6.05,6.05
OI05158,ORD03453,M034,3,17.18,51.54
OI05159,ORD03454,M027,2,16.47,32.94
OI05160,ORD03455,M022,1,6.86,6.86
OI05161,ORD03455,M009,2,22.04,44.08
OI05162,ORD03456,M007,2,15.72,31.44
OI05163,ORD03457,M001,1,6.05,6.05
OI05164,ORD03458,M025,3,5.42,16.26
OI05165,ORD03459,M048,1,5.64,5.64
OI05166,ORD03459,M021,3,23.11,69.33
OI05167,ORD03460,M029,2,21.76,43.52
OI05168,ORD03460,M029,1,21.76,21.76
OI05169,ORD03461,M017,1,16.95,16.95
OI05170,ORD03462,M001,3,6.05,18.15
OI05171,ORD03463,M012,1,11.68,11.68
OI05172,ORD03463,M004,1,7.15,7.15
OI05173,ORD03464,M039,2,20.39,40.78
OI05174,ORD03465,M016,3,6.75,20.25
OI05175,ORD03466,M026,3,23.22,69.66
OI05176,ORD03467,M037,1,11.31,11.31
OI05177,ORD03468,M026,1,23.22,23.22
OI05178,ORD03469,M001,2,6.05,12.1
OI05179,ORD03469,M013,3,9.9,29.7
OI05180,ORD03470,M019,3,11.31,33.93
OI05181,ORD03470,M049,3,20.08,60.24
OI05182,ORD03471,M004,3,7.15,21.45
OI05183,ORD03471,M003,2,13.14,26.28
OI05184,ORD03472,M010,2,8.19,16.38
OI05185,ORD03472,M011,2,11.74,23.48
OI05186,ORD03473,M014,1,5.03,5.03
OI05187,ORD03473,M018,3,6.4,19.2
OI05188,ORD03474,M023,3,7.84,23.52
OI05189,ORD03474,M036,3,21.19,63.57
OI05190,ORD03475,M015,1,13.73,13.73
OI05191,ORD03476,M037,2,11.31,22.62
OI05192,ORD03476,M044,1,22.8,22.8
OI05193,ORD03477,M044,2,22.8,45.6
OI05194,ORD03478,M032,1,21.03,21.03
OI05195,ORD03479,M017,1,16.95,16.95
OI05196,ORD03480,M034,2,17.18,34.36
OI05197,ORD03481,M007,1,15.72,15.72
OI05198,ORD03481,M024,1,20.8,20.8
OI05199,ORD03482,M024,2,20.8,41.6
OI05200,ORD03483,M031,2,11.87,23.74
OI05201,ORD03484,M016,2,6.75,13.5
OI05202,ORD03485,M014,2,5.03,10.06
OI05203,ORD03486,M014,3,5.03,15.09
OI05204,ORD03487,M034,3,17.18,51.54
OI05205,ORD03487,M024,3,20.8,62.4
OI05206,ORD03488,M049,3,20.08,60.24
OI05207,ORD03489,M008,3,11.64,34.92
OI05208,ORD03490,M010,1,8.19,8.19
OI05209,ORD03491,M011,3,11.74,35.22
OI05210,ORD03491,M012,2,11.68,23.36
OI05211,ORD03492,M022,2,6.86,13.72
OI05212,ORD03493,M012,1,11.68,11.68
OI05213,ORD03493,M038,3,12.96,38.88
OI05214,ORD03494,M026,3,23.22,69.66
OI05215,ORD03494,M035,2,15.54,31.08
OI05216,ORD03495,M027,3,16.47,49.41
OI05217,ORD03496,M035,3,15.54,46.62
OI05218,ORD03496,M039,1,20.39,20.39
OI05219,ORD03497,M016,2,6.75,13.5
OI05220,ORD03497,M020,1,13.97,13.97
OI05221,ORD03498,M046,3,18.37,55.11
OI05222,ORD03498,M027,2,16.47,32.94
OI05223,ORD03499,M037,1,11.31,11.31
OI05224,ORD03499,M025,3,5.42,16.26
OI05225,ORD03500,M007,3,15.72,47.16
OI05226,ORD03501,M037,2,11.31,22.62
OI05227,ORD03502,M020,3,13.97,41.91
OI05228,ORD03502,M040,2,15.26,30.52
OI05229,ORD03503,M008,1,11.64,11.64
OI05230,ORD03503,M024,2,20.8,41.6
OI05231,ORD03504,M031,3,11.87,35.61
OI05232,ORD03505,M005,2,23.02,46.04
OI05233,ORD03506,M019,1,11.31,11.31
OI05234,ORD03506,M030,1,20.38,20.38
OI05235,ORD03507,M016,2,6.75,13.5
OI05236,ORD03508,M033,1,9.14,9.14
OI05237,ORD03509,M012,3,11.68,35.04
OI05238,ORD03510,M034,2,17.18,34.36
OI05239,ORD03510,M017,1,16.95,16.95
OI05240,ORD03511,M018,2,6.4,12.8
OI05241,ORD03511,M007,1,15.72,15.72
OI05242,ORD03512,M013,2,9.9,19.8
OI05243,ORD03512,M015,1,13.73,13.73
OI05244,ORD03513,M039,3,20.39,61.17
OI05245,ORD03514,M029,3,21.76,65.28
OI05246,ORD03515,M038,3,12.96,38.88
OI05247,ORD03516,M050,1,8.63,8.63
OI05248,ORD03516,M019,2,11.31,22.62
OI05249,ORD03517,M004,3,7.15,21.45
OI05250,ORD03518,M032,3,21.03,63.09
OI05251,ORD03518,M005,3,23.02,69.06
OI05252,ORD03519,M003,2,13.14,26.28
OI05253,ORD03520,M032,2,21.03,42.06
OI05254,ORD03520,M015,1,13.73,13.73
OI05255,ORD03521,M025,1,5.42,5.42
OI05256,ORD03521,M020,1,13.97,13.97
OI05257,ORD03522,M017,2,16.95,33.9
OI05258,ORD03522,M017,3,16.95,50.85
OI05259,ORD03523,M010,3,8.19,24.57
OI05260,ORD03524,M003,2,13.14,26.28
OI05261,ORD03524,M037,3,11.31,33.93
OI05262,ORD03525,M011,3,11.74,35.22
OI05263,ORD03526,M019,3,11.31,33.93
OI05264,ORD03527,M039,2,20.39,40.78
OI05265,ORD03528,M022,1,6.86,6.86
OI05266,ORD03528,M003,2,13.14,26.28
OI05267,ORD03529,M001,2,6.05,12.1
OI05268,ORD03530,M033,1,9.14,9.14
OI05269,ORD03530,M006,2,5.76,11.52
OI05270,ORD03531,M025,3,5.42,16.26
OI05271,ORD03532,M016,1,6.75,6.75
OI05272,ORD03532,M040,3,15.26,45.78
OI05273,ORD03533,M004,1,7.15,7.15
OI05274,ORD03533,M023,3,7.84,23.52
OI05275,ORD03534,M032,2,21.03,42.06
OI05276,ORD03534,M042,1,17.77,17.77
OI05277,ORD03535,M028,3,10.31,30.93
OI05278,ORD03535,M039,3,20.39,61.17
OI05279,ORD03536,M042,1,17.77,17.77
OI05280,ORD03536,M023,3,7.84,23.52
OI05281,ORD03537,M002,3,6.74,20.22
OI05282,ORD03537,M019,3,11.31,33.93
OI05283,ORD03538,M016,2,6.75,13.5
OI05284,ORD03538,M011,1,11.74,11.74
OI05285,ORD03539,M042,1,17.77,17.77
OI05286,ORD03539,M008,3,11.64,34.92
OI05287,ORD03540,M011,1,11.74,11.74
OI05288,ORD03541,M028,2,10.31,20.62
OI05289,ORD03541,M015,3,13.73,41.19
OI05290,ORD03542,M019,3,11.31,33.93
OI05291,ORD03542,M004,2,7.15,14.3
OI05292,ORD03543,M031,3,11.87,35.61
OI05293,ORD03544,M005,3,23.02,69.06
OI05294,ORD03544,M008,3,11.64,34.92
OI05295,ORD03545,M036,1,21.19,21.19
OI05296,ORD03546,M013,3,9.9,29.7
OI05297,ORD03547,M012,1,11.68,11.68
OI05298,ORD03547,M049,1,20.08,20.08
OI05299,ORD03548,M046,3,18.37,55.11
OI05300,ORD03548,M031,3,11.87,35.61
OI05301,ORD03549,M005,1,23.02,23.02
OI05302,ORD03550,M004,2,7.15,14.3
OI05303,ORD03550,M047,3,12.49,37.47
OI05304,ORD03551,M043,1,18.33,18.33
OI05305,ORD03551,M008,2,11.64,23.28
OI05306,ORD03552,M032,3,21.03,63.09
OI05307,ORD03552,M001,1,6.05,6.05
OI05308,ORD03553,M025,1,5.42,5.42
OI05309,ORD03554,M008,2,11.64,23.28
OI05310,ORD03554,M005,3,23.02,69.06
OI05311,ORD03555,M002,2,6.74,13.48
OI05312,ORD03555,M022,3,6.86,20.58
OI05313,ORD03556,M006,3,5.76,17.28
OI05314,ORD03556,M017,2,16.95,33.9
OI05315,ORD03557,M007,3,15.72,47.16
OI05316,ORD03558,M045,1,14.72,14.72
OI05317,ORD03558,M027,3,16.47,49.41
OI05318,ORD03559,M019,1,11.31,11.31
OI05319,ORD03560,M027,1,16.47,16.47
OI05320,ORD03561,M008,2,11.64,23.28
OI05321,ORD03562,M020,2,13.97,27.94
OI05322,ORD03563,M034,2,17.18,34.36
OI05323,ORD03564,M037,1,11.31,11.31
OI05324,ORD03564,M034,2,17.18,34.36
OI05325,ORD03565,M007,3,15.72,47.16
OI05326,ORD03566,M020,2,13.97,27.94
OI05327,ORD03566,M007,3,15.72,47.16
OI05328,ORD03567,M039,1,20.39,20.39
OI05329,ORD03568,M033,1,9.14,9.14
OI05330,ORD03568,M025,1,5.42,5.42
OI05331,ORD03569,M043,1,18.33,18.33
OI05332,ORD03570,M018,2,6.4,12.8
OI05333,ORD03570,M018,2,6.4,12.8
OI05334,ORD03571,M031,1,11.87,11.87
OI05335,ORD03571,M020,2,13.97,27.94
OI05336,ORD03572,M025,2,5.42,10.84
OI05337,ORD03573,M003,2,13.14,26.28
OI05338,ORD03574,M017,3,16.95,50.85
OI05339,ORD03575,M046,1,18.37,18.37
OI05340,ORD03576,M018,1,6.4,6.4
OI05341,ORD03576,M007,3,15.72,47.16
OI05342,ORD03577,M010,3,8.19,24.57
OI05343,ORD03577,M028,2,10.31,20.62
OI05344,ORD03578,M030,1,20.38,20.38
OI05345,ORD03579,M012,2,11.68,23.36
OI05346,ORD03580,M044,2,22.8,45.6
OI05347,ORD03581,M034,3,17.18,51.54
OI05348,ORD03581,M011,2,11.74,23.48
OI05349,ORD03582,M044,2,22.8,45.6
OI05350,ORD03582,M018,2,6.4,12.8
OI05351,ORD03583,M007,3,15.72,47.16
OI05352,ORD03583,M044,3,22.8,68.4
OI05353,ORD03584,M015,2,13.73,27.46
OI05354,ORD03584,M022,2,6.86,13.72
OI05355,ORD03585,M031,2,11.87,23.74
OI05356,ORD03585,M002,2,6.74,13.48
OI05357,ORD03586,M039,3,20.39,61.17
OI05358,ORD03586,M033,3,9.14,27.42
OI05359,ORD03587,M008,1,11.64,11.64
OI05360,ORD03587,M026,2,23.22,46.44
OI05361,ORD03588,M009,2,22.04,44.08
OI05362,ORD03589,M035,1,15.54,15.54
OI05363,ORD03589,M008,1,11.64,11.64
OI05364,ORD03590,M030,1,20.38,20.38
OI05365,ORD03590,M019,2,11.31,22.62
OI05366,ORD03591,M007,3,15.72,47.16
OI05367,ORD03591,M046,2,18.37,36.74
OI05368,ORD03592,M022,2,6.86,13.72
OI05369,ORD03592,M001,2,6.05,12.1
OI05370,ORD03593,M016,1,6.75,6.75
OI05371,ORD03593,M017,1,16.95,16.95
OI05372,ORD03594,M042,1,17.77,17.77
OI05373,ORD03594,M033,1,9.14,9.14
OI05374,ORD03595,M034,2,17.18,34.36
OI05375,ORD03596,M022,1,6.86,6.86
OI05376,ORD03597,M014,3,5.03,15.09
OI05377,ORD03597,M027,2,16.47,32.94
OI05378,ORD03598,M012,1,11.68,11.68
OI05379,ORD03598,M011,3,11.74,35.22
OI05380,ORD03599,M046,1,18.37,18.37
OI05381,ORD03600,M023,1,7.84,7.84
OI05382,ORD03600,M027,3,16.47,49.41
OI05383,ORD03601,M043,1,18.33,18.33
OI05384,ORD03602,M049,2,20.08,40.16
OI05385,ORD03602,M045,1,14.72,14.72
OI05386,ORD03603,M026,3,23.22,69.66
OI05387,ORD03604,M037,1,11.31,11.31
OI05388,ORD03605,M013,2,9.9,19.8
OI05389,ORD03606,M007,2,15.72,31.44
OI05390,ORD03606,M030,3,20.38,61.14
OI05391,ORD03607,M010,2,8.19,16.38
OI05392,ORD03608,M040,3,15.26,45.78
OI05393,ORD03608,M037,3,11.31,33.93
OI05394,ORD03609,M020,2,13.97,27.94
OI05395,ORD03609,M018,2,6.4,12.8
OI05396,ORD03610,M044,2,22.8,45.6
OI05397,ORD03610,M007,3,15.72,47.16
OI05398,ORD03611,M028,1,10.31,10.31
OI05399,ORD03611,M005,1,23.02,23.02
OI05400,ORD03612,M029,2,21.76,43.52
OI05401,ORD03612,M033,2,9.14,18.28
OI05402,ORD03613,M018,1,6.4,6.4
OI05403,ORD03613,M031,1,11.87,11.87
OI05404,ORD03614,M012,1,11.68,11.68
OI05405,ORD03615,M026,2,23.22,46.44
OI05406,ORD03616,M031,1,11.87,11.87
OI05407,ORD03617,M039,1,20.39,20.39
OI05408,ORD03618,M036,1,21.19,21.19
OI05409,ORD03619,M039,1,20.39,20.39
OI05410,ORD03620,M007,3,15.72,47.16
OI05411,ORD03620,M001,2,6.05,12.1
OI05412,ORD03621,M046,1,18.37,18.37
OI05413,ORD03622,M040,1,15.26,15.26
OI05414,ORD03622,M012,2,11.68,23.36
OI05415,ORD03623,M050,2,8.63,17.26
OI05416,ORD03624,M029,2,21.76,43.52
OI05417,ORD03625,M047,1,12.49,12.49
OI05418,ORD03626,M005,3,23.02,69.06
OI05419,ORD03627,M009,3,22.04,66.12
OI05420,ORD03627,M044,3,22.8,68.4
OI05421,ORD03628,M025,1,5.42,5.42
OI05422,ORD03629,M047,1,12.49,12.49
OI05423,ORD03629,M034,2,17.18,34.36
OI05424,ORD03630,M010,2,8.19,16.38
OI05425,ORD03631,M008,2,11.64,23.28
OI05426,ORD03631,M034,2,17.18,34.36
OI05427,ORD03632,M042,2,17.77,35.54
OI05428,ORD03633,M045,2,14.72,29.44
OI05429,ORD03634,M012,2,11.68,23.36
OI05430,ORD03635,M030,1,20.38,20.38
OI05431,ORD03636,M016,1,6.75,6.75
OI05432,ORD03636,M006,3,5.76,17.28
OI05433,ORD03637,M009,1,22.04,22.04
OI05434,ORD03638,M013,2,9.9,19.8
OI05435,ORD03639,M040,2,15.26,30.52
OI05436,ORD03640,M020,2,13.97,27.94
OI05437,ORD03640,M007,3,15.72,47.16
OI05438,ORD03641,M041,3,18.7,56.1
OI05439,ORD03642,M024,1,20.8,20.8
OI05440,ORD03642,M045,3,14.72,44.16
OI05441,ORD03643,M007,1,15.72,15.72
OI05442,ORD03643,M024,3,20.8,62.4
OI05443,ORD03644,M027,1,16.47,16.47
OI05444,ORD03645,M043,1,18.33,18.33
OI05445,ORD03645,M031,1,11.87,11.87
OI05446,ORD03646,M019,3,11.31,33.93
OI05447,ORD03646,M018,1,6.4,6.4
OI05448,ORD03647,M050,2,8.63,17.26
OI05449,ORD03648,M044,3,22.8,68.4
OI05450,ORD03648,M028,1,10.31,10.31
OI05451,ORD03649,M037,1,11.31,11.31
OI05452,ORD03650,M030,3,20.38,61.14
OI05453,ORD03650,M007,1,15.72,15.72
OI05454,ORD03651,M043,2,18.33,36.66
OI05455,ORD03651,M036,2,21.19,42.38
OI05456,ORD03652,M031,2,11.87,23.74
OI05457,ORD03653,M018,2,6.4,12.8
OI05458,ORD03654,M027,1,16.47,16.47
OI05459,ORD03654,M004,3,7.15,21.45
OI05460,ORD03655,M034,3,17.18,51.54
OI05461,ORD03655,M010,2,8.19,16.38
OI05462,ORD03656,M003,1,13.14,13.14
OI05463,ORD03656,M030,2,20.38,40.76
OI05464,ORD03657,M027,3,16.47,49.41
OI05465,ORD03657,M048,3,5.64,16.92
OI05466,ORD03658,M011,3,11.74,35.22
OI05467,ORD03658,M046,1,18.37,18.37
OI05468,ORD03659,M012,3,11.68,35.04
OI05469,ORD03659,M026,3,23.22,69.66
OI05470,ORD03660,M037,3,11.31,33.93
OI05471,ORD03661,M018,3,6.4,19.2
OI05472,ORD03661,M012,3,11.68,35.04
OI05473,ORD03662,M001,1,6.05,6.05
OI05474,ORD03662,M006,2,5.76,11.52
OI05475,ORD03663,M035,1,15.54,15.54
OI05476,ORD03663,M015,1,13.73,13.73
OI05477,ORD03664,M026,3,23.22,69.66
OI05478,ORD03665,M047,2,12.49,24.98
OI05479,ORD03665,M006,3,5.76,17.28
OI05480,ORD03666,M023,1,7.84,7.84
OI05481,ORD03667,M021,3,23.11,69.33
OI05482,ORD03668,M033,2,9.14,18.28
OI05483,ORD03669,M011,1,11.74,11.74
OI05484,ORD03670,M037,1,11.31,11.31
OI05485,ORD03671,M026,1,23.22,23.22
OI05486,ORD03672,M007,1,15.72,15.72
OI05487,ORD03672,M045,1,14.72,14.72
OI05488,ORD03673,M002,3,6.74,20.22
OI05489,ORD03673,M020,2,13.97,27.94
OI05490,ORD03674,M040,2,15.26,30.52
OI05491,ORD03675,M007,2,15.72,31.44
OI05492,ORD03675,M040,2,15.26,30.52
OI05493,ORD03676,M003,2,13.14,26.28
OI05494,ORD03677,M002,3,6.74,20.22
OI05495,ORD03678,M044,1,22.8,22.8
OI05496,ORD03678,M012,1,11.68,11.68
OI05497,ORD03679,M030,3,20.38,61.14
OI05498,ORD03679,M048,1,5.64,5.64
OI05499,ORD03680,M039,2,20.39,40.78
OI05500,ORD03680,M021,3,23.11,69.33
OI05501,ORD03681,M009,3,22.04,66.12
OI05502,ORD03681,M001,2,6.05,12.1
OI05503,ORD03682,M026,1,23.22,23.22
OI05504,ORD03683,M022,2,6.86,13.72
OI05505,ORD03684,M032,3,21.03,63.09
OI05506,ORD03684,M015,3,13.73,41.19
OI05507,ORD03685,M011,3,11.74,35.22
OI05508,ORD03685,M010,1,8.19,8.19
OI05509,ORD03686,M050,2,8.63,17.26
OI05510,ORD03687,M006,2,5.76,11.52
OI05511,ORD03688,M040,1,15.26,15.26
OI05512,ORD03688,M015,2,13.73,27.46
OI05513,ORD03689,M039,3,20.39,61.17
OI05514,ORD03689,M034,1,17.18,17.18
OI05515,ORD03690,M015,2,13.73,27.46
OI05516,ORD03690,M049,1,20.08,20.08
OI05517,ORD03691,M017,1,16.95,16.95
OI05518,ORD03691,M045,2,14.72,29.44
OI05519,ORD03692,M015,2,13.73,27.46
OI05520,ORD03692,M039,1,20.39,20.39
OI05521,ORD03693,M022,1,6.86,6.86
OI05522,ORD03693,M013,3,9.9,29.7
OI05523,ORD03694,M041,1,18.7,18.7
OI05524,ORD03695,M015,1,13.73,13.73
OI05525,ORD03695,M044,1,22.8,22.8
OI05526,ORD03696,M006,3,5.76,17.28
OI05527,ORD03696,M012,1,11.68,11.68
OI05528,ORD03697,M037,2,11.31,22.62
OI05529,ORD03697,M031,3,11.87,35.61
OI05530,ORD03698,M017,2,16.95,33.9
OI05531,ORD03698,M041,1,18.7,18.7
OI05532,ORD03699,M050,1,8.63,8.63
OI05533,ORD03699,M015,2,13.73,27.46
OI05534,ORD03700,M003,2,13.14,26.28
OI05535,ORD03701,M021,3,23.11,69.33
OI05536,ORD03702,M049,1,20.08,20.08
OI05537,ORD03703,M021,3,23.11,69.33
OI05538,ORD03703,M048,3,5.64,16.92
OI05539,ORD03704,M037,1,11.31,11.31
OI05540,ORD03704,M001,1,6.05,6.05
OI05541,ORD03705,M047,1,12.49,12.49
OI05542,ORD03706,M044,3,22.8,68.4
OI05543,ORD03707,M029,1,21.76,21.76
OI05544,ORD03708,M044,2,22.8,45.6
OI05545,ORD03709,M012,3,11.68,35.04
OI05546,ORD03710,M014,3,5.03,15.09
OI05547,ORD03711,M009,1,22.04,22.04
OI05548,ORD03711,M019,2,11.31,22.62
OI05549,ORD03712,M022,2,6.86,13.72
OI05550,ORD03713,M030,2,20.38,40.76
OI05551,ORD03713,M025,3,5.42,16.26
OI05552,ORD03714,M031,2,11.87,23.74
OI05553,ORD03715,M011,2,11.74,23.48
OI05554,ORD03715,M002,1,6.74,6.74
OI05555,ORD03716,M028,1,10.31,10.31
OI05556,ORD03716,M038,1,12.96,12.96
OI05557,ORD03717,M041,3,18.7,56.1
OI05558,ORD03717,M006,2,5.76,11.52
OI05559,ORD03718,M014,3,5.03,15.09
OI05560,ORD03719,M015,3,13.73,41.19
OI05561,ORD03720,M021,1,23.11,23.11
OI05562,ORD03720,M044,3,22.8,68.4
OI05563,ORD03721,M012,2,11.68,23.36
OI05564,ORD03722,M015,3,13.73,41.19
OI05565,ORD03723,M050,2,8.63,17.26
OI05566,ORD03723,M004,3,7.15,21.45
OI05567,ORD03724,M028,2,10.31,20.62
OI05568,ORD03724,M047,3,12.49,37.47
OI05569,ORD03725,M024,1,20.8,20.8
OI05570,ORD03726,M004,2,7.15,14.3
OI05571,ORD03726,M007,1,15.72,15.72
OI05572,ORD03727,M004,2,7.15,14.3
OI05573,ORD03728,M023,2,7.84,15.68
OI05574,ORD03729,M041,3,18.7,56.1
OI05575,ORD03729,M033,2,9.14,18.28
OI05576,ORD03730,M001,2,6.05,12.1
OI05577,ORD03730,M008,1,11.64,11.64
OI05578,ORD03731,M021,3,23.11,69.33
OI05579,ORD03731,M048,1,5.64,5.64
OI05580,ORD03732,M022,3,6.86,20.58
OI05581,ORD03732,M016,3,6.75,20.25
OI05582,ORD03733,M040,2,15.26,30.52
OI05583,ORD03733,M008,1,11.64,11.64
OI05584,ORD03734,M045,1,14.72,14.72
OI05585,ORD03735,M014,1,5.03,5.03
OI05586,ORD03736,M041,2,18.7,37.4
OI05587,ORD03736,M042,1,17.77,17.77
OI05588,ORD03737,M034,1,17.18,17.18
OI05589,ORD03737,M002,2,6.74,13.48
OI05590,ORD03738,M050,1,8.63,8.63
OI05591,ORD03739,M045,2,14.72,29.44
OI05592,ORD03739,M039,1,20.39,20.39
OI05593,ORD03740,M043,3,18.33,54.99
OI05594,ORD03741,M039,1,20.39,20.39
OI05595,ORD03742,M021,2,23.11,46.22
OI05596,ORD03743,M046,3,18.37,55.11
OI05597,ORD03743,M047,1,12.49,12.49
OI05598,ORD03744,M027,1,16.47,16.47
OI05599,ORD03744,M028,2,10.31,20.62
OI05600,ORD03745,M003,2,13.14,26.28
OI05601,ORD03745,M008,1,11.64,11.64
OI05602,ORD03746,M022,3,6.86,20.58
OI05603,ORD03747,M044,3,22.8,68.4
OI05604,ORD03748,M017,3,16.95,50.85
OI05605,ORD03748,M015,3,13.73,41.19
OI05606,ORD03749,M014,3,5.03,15.09
OI05607,ORD03749,M041,2,18.7,37.4
OI05608,ORD03750,M022,1,6.86,6.86
OI05609,ORD03751,M028,2,10.31,20.62
OI05610,ORD03752,M023,1,7.84,7.84
OI05611,ORD03753,M031,2,11.87,23.74
OI05612,ORD03754,M035,3,15.54,46.62
OI05613,ORD03755,M021,2,23.11,46.22
OI05614,ORD03756,M003,2,13.14,26.28
OI05615,ORD03756,M001,3,6.05,18.15
OI05616,ORD03757,M006,1,5.76,5.76
OI05617,ORD03757,M028,1,10.31,10.31
OI05618,ORD03758,M031,3,11.87,35.61
OI05619,ORD03759,M031,1,11.87,11.87
OI05620,ORD03760,M023,2,7.84,15.68
OI05621,ORD03761,M033,3,9.14,27.42
OI05622,ORD03761,M023,3,7.84,23.52
OI05623,ORD03762,M040,2,15.26,30.52
OI05624,ORD03763,M039,3,20.39,61.17
OI05625,ORD03764,M039,3,20.39,61.17
OI05626,ORD03765,M006,2,5.76,11.52
OI05627,ORD03765,M033,3,9.14,27.42
OI05628,ORD03766,M027,2,16.47,32.94
OI05629,ORD03766,M038,3,12.96,38.88
OI05630,ORD03767,M032,1,21.03,21.03
OI05631,ORD03768,M021,3,23.11,69.33
OI05632,ORD03769,M034,3,17.18,51.54
OI05633,ORD03770,M021,2,23.11,46.22
OI05634,ORD03770,M001,2,6.05,12.1
OI05635,ORD03771,M036,3,21.19,63.57
OI05636,ORD03771,M030,2,20.38,40.76
OI05637,ORD03772,M032,2,21.03,42.06
OI05638,ORD03773,M026,2,23.22,46.44
OI05639,ORD03774,M029,2,21.76,43.52
OI05640,ORD03774,M014,2,5.03,10.06
OI05641,ORD03775,M015,3,13.73,41.19
OI05642,ORD03776,M029,2,21.76,43.52
OI05643,ORD03776,M045,1,14.72,14.72
OI05644,ORD03777,M028,3,10.31,30.93
OI05645,ORD03778,M024,3,20.8,62.4
OI05646,ORD03779,M039,3,20.39,61.17
OI05647,ORD03780,M037,2,11.31,22.62
OI05648,ORD03781,M007,1,15.72,15.72
OI05649,ORD03781,M030,2,20.38,40.76
OI05650,ORD03782,M026,3,23.22,69.66
OI05651,ORD03782,M031,3,11.87,35.61
OI05652,ORD03783,M040,3,15.26,45.78
OI05653,ORD03784,M044,3,22.8,68.4
OI05654,ORD03784,M001,2,6.05,12.1
OI05655,ORD03785,M049,3,20.08,60.24
OI05656,ORD03785,M017,3,16.95,50.85
OI05657,ORD03786,M049,2,20.08,40.16
OI05658,ORD03787,M038,1,12.96,12.96
OI05659,ORD03787,M040,2,15.26,30.52
OI05660,ORD03788,M017,2,16.95,33.9
OI05661,ORD03788,M050,2,8.63,17.26
OI05662,ORD03789,M025,1,5.42,5.42
OI05663,ORD03789,M025,2,5.42,10.84
OI05664,ORD03790,M011,3,11.74,35.22
OI05665,ORD03791,M013,2,9.9,19.8
OI05666,ORD03792,M050,3,8.63,25.89
OI05667,ORD03793,M044,2,22.8,45.6
OI05668,ORD03794,M014,3,5.03,15.09
OI05669,ORD03795,M019,1,11.31,11.31
OI05670,ORD03795,M021,2,23.11,46.22
OI05671,ORD03796,M030,3,20.38,61.14
OI05672,ORD03797,M023,1,7.84,7.84
OI05673,ORD03798,M032,1,21.03,21.03
OI05674,ORD03798,M007,3,15.72,47.16
OI05675,ORD03799,M036,1,21.19,21.19
OI05676,ORD03800,M017,1,16.95,16.95
OI05677,ORD03801,M003,1,13.14,13.14
OI05678,ORD03801,M013,1,9.9,9.9
OI05679,ORD03802,M007,3,15.72,47.16
OI05680,ORD03803,M033,2,9.14,18.28
OI05681,ORD03803,M046,2,18.37,36.74
OI05682,ORD03804,M042,2,17.77,35.54
OI05683,ORD03804,M049,3,20.08,60.24
OI05684,ORD03805,M050,1,8.63,8.63
OI05685,ORD03806,M020,1,13.97,13.97
OI05686,ORD03807,M046,1,18.37,18.37
OI05687,ORD03807,M004,2,7.15,14.3
OI05688,ORD03808,M020,3,13.97,41.91
OI05689,ORD03808,M034,1,17.18,17.18
OI05690,ORD03809,M002,3,6.74,20.22
OI05691,ORD03810,M031,3,11.87,35.61
OI05692,ORD03811,M032,3,21.03,63.09
OI05693,ORD03811,M001,2,6.05,12.1
OI05694,ORD03812,M017,3,16.95,50.85
OI05695,ORD03813,M045,2,14.72,29.44
OI05696,ORD03814,M016,3,6.75,20.25
OI05697,ORD03814,M029,2,21.76,43.52
OI05698,ORD03815,M045,2,14.72,29.44
OI05699,ORD03816,M001,1,6.05,6.05
OI05700,ORD03816,M021,1,23.11,23.11
OI05701,ORD03817,M037,2,11.31,22.62
OI05702,ORD03818,M007,3,15.72,47.16
OI05703,ORD03818,M006,3,5.76,17.28
OI05704,ORD03819,M005,1,23.02,23.02
OI05705,ORD03820,M017,1,16.95,16.95
OI05706,ORD03821,M014,3,5.03,15.09
OI05707,ORD03821,M024,2,20.8,41.6
OI05708,ORD03822,M019,3,11.31,33.93
OI05709,ORD03823,M004,1,7.15,7.15
OI05710,ORD03824,M045,3,14.72,44.16
OI05711,ORD03824,M024,3,20.8,62.4
OI05712,ORD03825,M045,1,14.72,14.72
OI05713,ORD03825,M027,3,16.47,49.41
OI05714,ORD03826,M005,3,23.02,69.06
OI05715,ORD03827,M041,2,18.7,37.4
OI05716,ORD03828,M033,1,9.14,9.14
OI05717,ORD03828,M007,3,15.72,47.16
OI05718,ORD03829,M026,1,23.22,23.22
OI05719,ORD03829,M012,2,11.68,23.36
OI05720,ORD03830,M012,1,11.68,11.68
OI05721,ORD03830,M037,1,11.31,11.31
OI05722,ORD03831,M027,3,16.47,49.41
OI05723,ORD03832,M045,3,14.72,44.16
OI05724,ORD03833,M025,1,5.42,5.42
OI05725,ORD03833,M011,3,11.74,35.22
OI05726,ORD03834,M049,3,20.08,60.24
OI05727,ORD03834,M048,1,5.64,5.64
OI05728,ORD03835,M023,1,7.84,7.84
OI05729,ORD03836,M035,3,15.54,46.62
OI05730,ORD03837,M037,2,11.31,22.62
OI05731,ORD03837,M044,1,22.8,22.8
OI05732,ORD03838,M036,1,21.19,21.19
OI05733,ORD03839,M010,2,8.19,16.38
OI05734,ORD03840,M003,1,13.14,13.14
OI05735,ORD03841,M013,3,9.9,29.7
OI05736,ORD03842,M025,2,5.42,10.84
OI05737,ORD03843,M026,1,23.22,23.22
OI05738,ORD03843,M025,2,5.42,10.84
OI05739,ORD03844,M033,3,9.14,27.42
OI05740,ORD03844,M001,1,6.05,6.05
OI05741,ORD03845,M032,2,21.03,42.06
OI05742,ORD03846,M018,1,6.4,6.4
OI05743,ORD03847,M030,1,20.38,20.38
OI05744,ORD03848,M001,3,6.05,18.15
OI05745,ORD03849,M002,1,6.74,6.74
OI05746,ORD03850,M005,1,23.02,23.02
OI05747,ORD03850,M033,3,9.14,27.42
OI05748,ORD03851,M038,3,12.96,38.88
OI05749,ORD03852,M041,1,18.7,18.7
OI05750,ORD03853,M039,1,20.39,20.39
OI05751,ORD03854,M002,3,6.74,20.22
OI05752,ORD03855,M031,2,11.87,23.74
OI05753,ORD03856,M038,3,12.96,38.88
OI05754,ORD03856,M031,3,11.87,35.61
OI05755,ORD03857,M021,2,23.11,46.22
OI05756,ORD03857,M018,1,6.4,6.4
OI05757,ORD03858,M046,1,18.37,18.37
OI05758,ORD03859,M038,2,12.96,25.92
OI05759,ORD03860,M041,3,18.7,56.1
OI05760,ORD03860,M006,1,5.76,5.76
OI05761,ORD03861,M020,2,13.97,27.94
OI05762,ORD03862,M027,3,16.47,49.41
OI05763,ORD03863,M047,3,12.49,37.47
OI05764,ORD03863,M021,2,23.11,46.22
OI05765,ORD03864,M013,3,9.9,29.7
OI05766,ORD03865,M028,2,10.31,20.62
OI05767,ORD03865,M003,2,13.14,26.28
OI05768,ORD03866,M005,1,23.02,23.02
OI05769,ORD03867,M031,2,11.87,23.74
OI05770,ORD03868,M003,2,13.14,26.28
OI05771,ORD03868,M028,1,10.31,10.31
OI05772,ORD03869,M038,1,12.96,12.96
OI05773,ORD03870,M014,2,5.03,10.06
OI05774,ORD03870,M041,1,18.7,18.7
OI05775,ORD03871,M043,2,18.33,36.66
OI05776,ORD03872,M002,1,6.74,6.74
OI05777,ORD03872,M048,1,5.64,5.64
OI05778,ORD03873,M050,2,8.63,17.26
OI05779,ORD03874,M029,3,21.76,65.28
OI05780,ORD03875,M017,1,16.95,16.95
OI05781,ORD03876,M009,3,22.04,66.12
OI05782,ORD03877,M018,3,6.4,19.2
OI05783,ORD03877,M038,1,12.96,12.96
OI05784,ORD03878,M002,3,6.74,20.22
OI05785,ORD03879,M002,3,6.74,20.22
OI05786,ORD03879,M026,3,23.22,69.66
OI05787,ORD03880,M025,2,5.42,10.84
OI05788,ORD03881,M023,1,7.84,7.84
OI05789,ORD03881,M046,3,18.37,55.11
OI05790,ORD03882,M034,1,17.18,17.18
OI05791,ORD03882,M018,3,6.4,19.2
OI05792,ORD03883,M049,3,20.08,60.24
OI05793,ORD03883,M024,3,20.8,62.4
OI05794,ORD03884,M021,2,23.11,46.22
OI05795,ORD03885,M040,3,15.26,45.78
OI05796,ORD03885,M045,1,14.72,14.72
OI05797,ORD03886,M020,3,13.97,41.91
OI05798,ORD03886,M042,3,17.77,53.31
OI05799,ORD03887,M037,2,11.31,22.62
OI05800,ORD03887,M003,3,13.14,39.42
OI05801,ORD03888,M033,3,9.14,27.42
OI05802,ORD03889,M036,1,21.19,21.19
OI05803,ORD03889,M040,2,15.26,30.52
OI05804,ORD03890,M006,2,5.76,11.52
OI05805,ORD03890,M040,1,15.26,15.26
OI05806,ORD03891,M039,2,20.39,40.78
OI05807,ORD03891,M040,2,15.26,30.52
OI05808,ORD03892,M035,2,15.54,31.08
OI05809,ORD03893,M029,2,21.76,43.52
OI05810,ORD03893,M047,2,12.49,24.98
OI05811,ORD03894,M032,3,21.03,63.09
OI05812,ORD03895,M021,3,23.11,69.33
OI05813,ORD03896,M034,3,17.18,51.54
OI05814,ORD03896,M022,2,6.86,13.72
OI05815,ORD03897,M048,1,5.64,5.64
OI05816,ORD03898,M044,3,22.8,68.4
OI05817,ORD03898,M016,2,6.75,13.5
OI05818,ORD03899,M024,1,20.8,20.8
OI05819,ORD03899,M026,3,23.22,69.66
OI05820,ORD03900,M032,2,21.03,42.06
OI05821,ORD03900,M013,2,9.9,19.8
OI05822,ORD03901,M041,2,18.7,37.4
OI05823,ORD03901,M036,2,21.19,42.38
OI05824,ORD03902,M001,1,6.05,6.05
OI05825,ORD03902,M038,1,12.96,12.96
OI05826,ORD03903,M033,1,9.14,9.14
OI05827,ORD03903,M036,3,21.19,63.57
OI05828,ORD03904,M044,3,22.8,68.4
OI05829,ORD03904,M042,3,17.77,53.31
OI05830,ORD03905,M014,3,5.03,15.09
OI05831,ORD03906,M047,2,12.49,24.98
OI05832,ORD03906,M001,1,6.05,6.05
OI05833,ORD03907,M031,2,11.87,23.74
OI05834,ORD03908,M024,1,20.8,20.8
OI05835,ORD03909,M046,2,18.37,36.74
OI05836,ORD03910,M048,2,5.64,11.28
OI05837,ORD03911,M017,3,16.95,50.85
OI05838,ORD03912,M009,1,22.04,22.04
OI05839,ORD03913,M049,3,20.08,60.24
OI05840,ORD03914,M036,3,21.19,63.57
OI05841,ORD03914,M026,1,23.22,23.22
OI05842,ORD03915,M030,2,20.38,40.76
OI05843,ORD03915,M012,2,11.68,23.36
OI05844,ORD03916,M011,2,11.74,23.48
OI05845,ORD03916,M030,2,20.38,40.76
OI05846,ORD03917,M024,3,20.8,62.4
OI05847,ORD03917,M047,2,12.49,24.98
OI05848,ORD03918,M025,2,5.42,10.84
OI05849,ORD03919,M022,3,6.86,20.58
OI05850,ORD03920,M021,1,23.11,23.11
OI05851,ORD03920,M042,2,17.77,35.54
OI05852,ORD03921,M036,2,21.19,42.38
OI05853,ORD03922,M016,3,6.75,20.25
OI05854,ORD03923,M033,3,9.14,27.42
OI05855,ORD03924,M012,1,11.68,11.68
OI05856,ORD03925,M006,3,5.76,17.28
OI05857,ORD03925,M045,1,14.72,14.72
OI05858,ORD03926,M024,2,20.8,41.6
OI05859,ORD03927,M012,2,11.68,23.36
OI05860,ORD03928,M017,3,16.95,50.85
OI05861,ORD03928,M010,1,8.19,8.19
OI05862,ORD03929,M019,2,11.31,22.62
OI05863,ORD03929,M041,3,18.7,56.1
OI05864,ORD03930,M046,2,18.37,36.74
OI05865,ORD03930,M044,2,22.8,45.6
OI05866,ORD03931,M031,3,11.87,35.61
OI05867,ORD03932,M016,3,6.75,20.25
OI05868,ORD03933,M005,3,23.02,69.06
OI05869,ORD03934,M039,1,20.39,20.39
OI05870,ORD03935,M041,1,18.7,18.7
OI05871,ORD03936,M024,1,20.8,20.8
OI05872,ORD03937,M003,3,13.14,39.42
OI05873,ORD03937,M033,1,9.14,9.14
OI05874,ORD03938,M049,1,20.08,20.08
OI05875,ORD03939,M019,2,11.31,22.62
OI05876,ORD03940,M005,1,23.02,23.02
OI05877,ORD03941,M001,1,6.05,6.05
OI05878,ORD03942,M027,2,16.47,32.94
OI05879,ORD03942,M044,1,22.8,22.8
OI05880,ORD03943,M001,2,6.05,12.1
OI05881,ORD03944,M050,1,8.63,8.63
OI05882,ORD03944,M040,2,15.26,30.52
OI05883,ORD03945,M009,3,22.04,66.12
OI05884,ORD03945,M014,1,5.03,5.03
OI05885,ORD03946,M011,1,11.74,11.74
OI05886,ORD03947,M001,1,6.05,6.05
OI05887,ORD03948,M014,2,5.03,10.06
OI05888,ORD03949,M040,2,15.26,30.52
OI05889,ORD03950,M034,2,17.18,34.36
OI05890,ORD03950,M008,2,11.64,23.28
OI05891,ORD03951,M002,1,6.74,6.74
OI05892,ORD03952,M030,3,20.38,61.14
OI05893,ORD03953,M002,3,6.74,20.22
OI05894,ORD03953,M009,1,22.04,22.04
OI05895,ORD03954,M025,3,5.42,16.26
OI05896,ORD03954,M041,2,18.7,37.4
OI05897,ORD03955,M037,3,11.31,33.93
OI05898,ORD03955,M004,1,7.15,7.15
OI05899,ORD03956,M018,1,6.4,6.4
OI05900,ORD03956,M015,2,13.73,27.46
OI05901,ORD03957,M039,2,20.39,40.78
OI05902,ORD03958,M033,2,9.14,18.28
OI05903,ORD03958,M032,2,21.03,42.06
OI05904,ORD03959,M013,2,9.9,19.8
OI05905,ORD03960,M002,3,6.74,20.22
OI05906,ORD03961,M049,2,20.08,40.16
OI05907,ORD03961,M013,3,9.9,29.7
OI05908,ORD03962,M025,1,5.42,5.42
OI05909,ORD03962,M027,1,16.47,16.47
OI05910,ORD03963,M027,1,16.47,16.47
OI05911,ORD03964,M022,2,6.86,13.72
OI05912,ORD03965,M024,2,20.8,41.6
OI05913,ORD03965,M043,1,18.33,18.33
OI05914,ORD03966,M039,2,20.39,40.78
OI05915,ORD03967,M032,3,21.03,63.09
OI05916,ORD03967,M039,3,20.39,61.17
OI05917,ORD03968,M009,2,22.04,44.08
OI05918,ORD03969,M047,1,12.49,12.49
OI05919,ORD03969,M025,1,5.42,5.42
OI05920,ORD03970,M049,3,20.08,60.24
OI05921,ORD03971,M043,3,18.33,54.99
OI05922,ORD03971,M033,1,9.14,9.14
OI05923,ORD03972,M032,1,21.03,21.03
OI05924,ORD03972,M015,1,13.73,13.73
OI05925,ORD03973,M032,1,21.03,21.03
OI05926,ORD03973,M001,2,6.05,12.1
OI05927,ORD03974,M011,1,11.74,11.74
OI05928,ORD03975,M016,3,6.75,20.25
OI05929,ORD03975,M020,3,13.97,41.91
OI05930,ORD03976,M010,2,8.19,16.38
OI05931,ORD03976,M006,1,5.76,5.76
OI05932,ORD03977,M050,1,8.63,8.63
OI05933,ORD03978,M008,2,11.64,23.28
OI05934,ORD03978,M027,1,16.47,16.47
OI05935,ORD03979,M042,1,17.77,17.77
OI05936,ORD03980,M041,1,18.7,18.7
OI05937,ORD03980,M025,3,5.42,16.26
OI05938,ORD03981,M005,1,23.02,23.02
OI05939,ORD03982,M024,3,20.8,62.4
OI05940,ORD03982,M018,1,6.4,6.4
OI05941,ORD03983,M050,3,8.63,25.89
OI05942,ORD03984,M018,3,6.4,19.2
OI05943,ORD03985,M037,2,11.31,22.62
OI05944,ORD03986,M049,2,20.08,40.16
OI05945,ORD03987,M018,2,6.4,12.8
OI05946,ORD03987,M022,1,6.86,6.86
OI05947,ORD03988,M029,1,21.76,21.76
OI05948,ORD03989,M046,1,18.37,18.37
OI05949,ORD03989,M044,3,22.8,68.4
OI05950,ORD03990,M034,1,17.18,17.18
OI05951,ORD03991,M025,2,5.42,10.84
OI05952,ORD03991,M021,3,23.11,69.33
OI05953,ORD03992,M043,1,18.33,18.33
OI05954,ORD03993,M016,1,6.75,6.75
OI05955,ORD03994,M022,3,6.86,20.58
OI05956,ORD03995,M002,2,6.74,13.48
OI05957,ORD03995,M028,1,10.31,10.31
OI05958,ORD03996,M005,1,23.02,23.02
OI05959,ORD03996,M010,3,8.19,24.57
OI05960,ORD03997,M008,2,11.64,23.28
OI05961,ORD03997,M003,1,13.14,13.14
OI05962,ORD03998,M013,3,9.9,29.7
OI05963,ORD03998,M014,2,5.03,10.06
OI05964,ORD03999,M048,1,5.64,5.64
OI05965,ORD04000,M034,3,17.18,51.54
OI05966,ORD04001,M002,3,6.74,20.22
OI05967,ORD04002,M023,2,7.84,15.68
OI05968,ORD04002,M012,1,11.68,11.68
OI05969,ORD04003,M018,1,6.4,6.4
OI05970,ORD04004,M010,2,8.19,16.38
OI05971,ORD04005,M014,3,5.03,15.09
OI05972,ORD04005,M003,1,13.14,13.14
OI05973,ORD04006,M042,2,17.77,35.54
OI05974,ORD04007,M036,3,21.19,63.57
OI05975,ORD04008,M028,1,10.31,10.31
OI05976,ORD04008,M037,1,11.31,11.31
OI05977,ORD04009,M009,2,22.04,44.08
OI05978,ORD04010,M014,2,5.03,10.06
OI05979,ORD04011,M045,2,14.72,29.44
OI05980,ORD04011,M025,2,5.42,10.84
OI05981,ORD04012,M049,2,20.08,40.16
OI05982,ORD04013,M044,3,22.8,68.4
OI05983,ORD04013,M029,1,21.76,21.76
OI05984,ORD04014,M043,2,18.33,36.66
OI05985,ORD04014,M042,3,17.77,53.31
OI05986,ORD04015,M030,3,20.38,61.14
OI05987,ORD04016,M050,3,8.63,25.89
OI05988,ORD04017,M022,3,6.86,20.58
OI05989,ORD04018,M038,2,12.96,25.92
OI05990,ORD04019,M039,3,20.39,61.17
OI05991,ORD04020,M030,3,20.38,61.14
OI05992,ORD04021,M020,1,13.97,13.97
OI05993,ORD04022,M044,1,22.8,22.8
OI05994,ORD04022,M040,3,15.26,45.78
OI05995,ORD04023,M006,3,5.76,17.28
OI05996,ORD04024,M045,2,14.72,29.44
OI05997,ORD04024,M044,1,22.8,22.8
OI05998,ORD04025,M014,3,5.03,15.09
OI05999,ORD04026,M038,1,12.96,12.96
OI06000,ORD04027,M020,2,13.97,27.94
OI06001,ORD04028,M041,2,18.7,37.4
OI06002,ORD04028,M011,1,11.74,11.74
OI06003,ORD04029,M031,2,11.87,23.74
OI06004,ORD04030,M018,1,6.4,6.4
OI06005,ORD04031,M001,1,6.05,6.05
OI06006,ORD04031,M011,2,11.74,23.48
OI06007,ORD04032,M028,3,10.31,30.93
OI06008,ORD04033,M042,3,17.77,53.31
OI06009,ORD04033,M029,3,21.76,65.28
OI06010,ORD04034,M041,2,18.7,37.4
OI06011,ORD04035,M045,1,14.72,14.72
OI06012,ORD04035,M023,3,7.84,23.52
OI06013,ORD04036,M046,2,18.37,36.74
OI06014,ORD04037,M024,3,20.8,62.4
OI06015,ORD04038,M017,3,16.95,50.85
OI06016,ORD04039,M039,3,20.39,61.17
OI06017,ORD04040,M001,2,6.05,12.1
OI06018,ORD04040,M022,2,6.86,13.72
OI06019,ORD04041,M007,2,15.72,31.44
OI06020,ORD04042,M045,2,14.72,29.44
OI06021,ORD04042,M039,1,20.39,20.39
OI06022,ORD04043,M035,2,15.54,31.08
OI06023,ORD04043,M028,1,10.31,10.31
OI06024,ORD04044,M029,2,21.76,43.52
OI06025,ORD04044,M013,1,9.9,9.9
OI06026,ORD04045,M008,2,11.64,23.28
OI06027,ORD04046,M043,3,18.33,54.99
OI06028,ORD04046,M040,1,15.26,15.26
OI06029,ORD04047,M041,3,18.7,56.1
OI06030,ORD04047,M017,1,16.95,16.95
OI06031,ORD04048,M009,1,22.04,22.04
OI06032,ORD04049,M043,3,18.33,54.99
OI06033,ORD04049,M030,3,20.38,61.14
OI06034,ORD04050,M008,1,11.64,11.64
OI06035,ORD04051,M040,3,15.26,45.78
OI06036,ORD04052,M008,1,11.64,11.64
OI06037,ORD04053,M004,2,7.15,14.3
OI06038,ORD04054,M017,3,16.95,50.85
OI06039,ORD04054,M050,2,8.63,17.26
OI06040,ORD04055,M024,3,20.8,62.4
OI06041,ORD04056,M048,2,5.64,11.28
OI06042,ORD04056,M002,2,6.74,13.48
OI06043,ORD04057,M037,1,11.31,11.31
OI06044,ORD04058,M025,2,5.42,10.84
OI06045,ORD04058,M020,1,13.97,13.97
OI06046,ORD04059,M027,3,16.47,49.41
OI06047,ORD04060,M044,2,22.8,45.6
OI06048,ORD04061,M044,2,22.8,45.6
OI06049,ORD04061,M028,1,10.31,10.31
OI06050,ORD04062,M029,1,21.76,21.76
OI06051,ORD04063,M002,1,6.74,6.74
OI06052,ORD04064,M010,1,8.19,8.19
OI06053,ORD04065,M031,3,11.87,35.61
OI06054,ORD04065,M026,1,23.22,23.22
OI06055,ORD04066,M010,1,8.19,8.19
OI06056,ORD04067,M008,3,11.64,34.92
OI06057,ORD04067,M011,2,11.74,23.48
OI06058,ORD04068,M028,2,10.31,20.62
OI06059,ORD04068,M047,2,12.49,24.98
OI06060,ORD04069,M008,1,11.64,11.64
OI06061,ORD04070,M050,3,8.63,25.89
OI06062,ORD04070,M049,1,20.08,20.08
OI06063,ORD04071,M039,1,20.39,20.39
OI06064,ORD04072,M015,2,13.73,27.46
OI06065,ORD04073,M046,2,18.37,36.74
OI06066,ORD04073,M048,2,5.64,11.28
OI06067,ORD04074,M042,1,17.77,17.77
OI06068,ORD04075,M034,3,17.18,51.54
OI06069,ORD04075,M043,3,18.33,54.99
OI06070,ORD04076,M043,3,18.33,54.99
OI06071,ORD04076,M047,3,12.49,37.47
OI06072,ORD04077,M020,1,13.97,13.97
OI06073,ORD04077,M014,2,5.03,10.06
OI06074,ORD04078,M032,2,21.03,42.06
OI06075,ORD04079,M033,3,9.14,27.42
OI06076,ORD04080,M002,1,6.74,6.74
OI06077,ORD04081,M034,3,17.18,51.54
OI06078,ORD04082,M007,2,15.72,31.44
OI06079,ORD04082,M013,2,9.9,19.8
OI06080,ORD04083,M033,2,9.14,18.28
OI06081,ORD04083,M013,1,9.9,9.9
OI06082,ORD04084,M044,1,22.8,22.8
OI06083,ORD04085,M015,1,13.73,13.73
OI06084,ORD04086,M048,2,5.64,11.28
OI06085,ORD04087,M016,2,6.75,13.5
OI06086,ORD04087,M029,3,21.76,65.28
OI06087,ORD04088,M050,3,8.63,25.89
OI06088,ORD04089,M025,2,5.42,10.84
OI06089,ORD04090,M035,2,15.54,31.08
OI06090,ORD04091,M002,3,6.74,20.22
OI06091,ORD04091,M032,2,21.03,42.06
OI06092,ORD04092,M010,3,8.19,24.57
OI06093,ORD04092,M021,2,23.11,46.22
OI06094,ORD04093,M036,3,21.19,63.57
OI06095,ORD04094,M013,1,9.9,9.9
OI06096,ORD04094,M041,3,18.7,56.1
OI06097,ORD04095,M021,3,23.11,69.33
OI06098,ORD04096,M006,1,5.76,5.76
OI06099,ORD04096,M039,1,20.39,20.39
OI06100,ORD04097,M047,3,12.49,37.47
OI06101,ORD04097,M012,2,11.68,23.36
OI06102,ORD04098,M006,2,5.76,11.52
OI06103,ORD04098,M015,3,13.73,41.19
OI06104,ORD04099,M043,1,18.33,18.33
OI06105,ORD04100,M014,3,5.03,15.09
OI06106,ORD04100,M044,3,22.8,68.4
OI06107,ORD04101,M032,1,21.03,21.03
OI06108,ORD04102,M049,2,20.08,40.16
OI06109,ORD04102,M021,2,23.11,46.22
OI06110,ORD04103,M003,3,13.14,39.42
OI06111,ORD04103,M007,3,15.72,47.16
OI06112,ORD04104,M013,1,9.9,9.9
OI06113,ORD04105,M049,1,20.08,20.08
OI06114,ORD04106,M039,3,20.39,61.17
OI06115,ORD04107,M026,3,23.22,69.66
OI06116,ORD04107,M050,2,8.63,17.26
OI06117,ORD04108,M025,2,5.42,10.84
OI06118,ORD04108,M014,3,5.03,15.09
OI06119,ORD04109,M014,3,5.03,15.09
OI06120,ORD04109,M045,1,14.72,14.72
OI06121,ORD04110,M015,1,13.73,13.73
OI06122,ORD04110,M017,2,16.95,33.9
OI06123,ORD04111,M045,3,14.72,44.16
OI06124,ORD04111,M041,3,18.7,56.1
OI06125,ORD04112,M010,1,8.19,8.19
OI06126,ORD04113,M043,1,18.33,18.33
OI06127,ORD04113,M002,1,6.74,6.74
OI06128,ORD04114,M006,1,5.76,5.76
OI06129,ORD04114,M041,3,18.7,56.1
OI06130,ORD04115,M032,2,21.03,42.06
OI06131,ORD04116,M046,3,18.37,55.11
OI06132,ORD04117,M042,3,17.77,53.31
OI06133,ORD04117,M024,1,20.8,20.8
OI06134,ORD04118,M021,2,23.11,46.22
OI06135,ORD04118,M024,1,20.8,20.8
OI06136,ORD04119,M003,3,13.14,39.42
OI06137,ORD04120,M032,1,21.03,21.03
OI06138,ORD04120,M020,1,13.97,13.97
OI06139,ORD04121,M036,2,21.19,42.38
OI06140,ORD04122,M028,3,10.31,30.93
OI06141,ORD04122,M033,3,9.14,27.42
OI06142,ORD04123,M046,1,18.37,18.37
OI06143,ORD04123,M001,3,6.05,18.15
OI06144,ORD04124,M021,2,23.11,46.22
OI06145,ORD04124,M036,1,21.19,21.19
OI06146,ORD04125,M028,1,10.31,10.31
OI06147,ORD04125,M036,2,21.19,42.38
OI06148,ORD04126,M031,3,11.87,35.61
OI06149,ORD04127,M001,2,6.05,12.1
OI06150,ORD04128,M035,1,15.54,15.54
OI06151,ORD04128,M008,2,11.64,23.28
OI06152,ORD04129,M032,1,21.03,21.03
OI06153,ORD04130,M014,1,5.03,5.03
OI06154,ORD04131,M001,1,6.05,6.05
OI06155,ORD04131,M038,2,12.96,25.92
OI06156,ORD04132,M005,2,23.02,46.04
OI06157,ORD04133,M040,2,15.26,30.52
OI06158,ORD04133,M009,3,22.04,66.12
OI06159,ORD04134,M017,1,16.95,16.95
OI06160,ORD04134,M003,2,13.14,26.28
OI06161,ORD04135,M024,1,20.8,20.8
OI06162,ORD04136,M038,1,12.96,12.96
OI06163,ORD04136,M024,3,20.8,62.4
OI06164,ORD04137,M008,2,11.64,23.28
OI06165,ORD04137,M022,2,6.86,13.72
OI06166,ORD04138,M036,1,21.19,21.19
OI06167,ORD04139,M044,2,22.8,45.6
OI06168,ORD04139,M030,3,20.38,61.14
OI06169,ORD04140,M047,3,12.49,37.47
OI06170,ORD04140,M042,1,17.77,17.77
OI06171,ORD04141,M013,1,9.9,9.9
OI06172,ORD04142,M006,3,5.76,17.28
OI06173,ORD04142,M027,2,16.47,32.94
OI06174,ORD04143,M019,3,11.31,33.93
OI06175,ORD04144,M029,3,21.76,65.28
OI06176,ORD04144,M007,3,15.72,47.16
OI06177,ORD04145,M016,3,6.75,20.25
OI06178,ORD04146,M046,1,18.37,18.37
OI06179,ORD04146,M030,2,20.38,40.76
OI06180,ORD04147,M001,1,6.05,6.05
OI06181,ORD04147,M036,3,21.19,63.57
OI06182,ORD04148,M007,1,15.72,15.72
OI06183,ORD04148,M045,2,14.72,29.44
OI06184,ORD04149,M017,2,16.95,33.9
OI06185,ORD04149,M016,2,6.75,13.5
OI06186,ORD04150,M003,3,13.14,39.42
OI06187,ORD04151,M010,3,8.19,24.57
OI06188,ORD04151,M024,1,20.8,20.8
OI06189,ORD04152,M019,2,11.31,22.62
OI06190,ORD04153,M034,2,17.18,34.36
OI06191,ORD04153,M024,1,20.8,20.8
OI06192,ORD04154,M012,3,11.68,35.04
OI06193,ORD04154,M010,2,8.19,16.38
OI06194,ORD04155,M032,3,21.03,63.09
OI06195,ORD04155,M038,1,12.96,12.96
OI06196,ORD04156,M031,3,11.87,35.61
OI06197,ORD04157,M040,1,15.26,15.26
OI06198,ORD04157,M020,3,13.97,41.91
OI06199,ORD04158,M043,2,18.33,36.66
OI06200,ORD04159,M002,2,6.74,13.48
OI06201,ORD04160,M029,2,21.76,43.52
OI06202,ORD04160,M006,3,5.76,17.28
OI06203,ORD04161,M013,1,9.9,9.9
OI06204,ORD04161,M004,1,7.15,7.15
OI06205,ORD04162,M008,1,11.64,11.64
OI06206,ORD04162,M004,2,7.15,14.3
OI06207,ORD04163,M035,3,15.54,46.62
OI06208,ORD04164,M037,2,11.31,22.62
OI06209,ORD04165,M031,1,11.87,11.87
OI06210,ORD04165,M007,1,15.72,15.72
OI06211,ORD04166,M004,3,7.15,21.45
OI06212,ORD04166,M013,2,9.9,19.8
OI06213,ORD04167,M023,2,7.84,15.68
OI06214,ORD04167,M011,2,11.74,23.48
OI06215,ORD04168,M007,2,15.72,31.44
OI06216,ORD04169,M019,2,11.31,22.62
OI06217,ORD04169,M019,1,11.31,11.31
OI06218,ORD04170,M007,1,15.72,15.72
OI06219,ORD04170,M026,1,23.22,23.22
OI06220,ORD04171,M012,1,11.68,11.68
OI06221,ORD04171,M004,2,7.15,14.3
OI06222,ORD04172,M049,3,20.08,60.24
OI06223,ORD04172,M019,2,11.31,22.62
OI06224,ORD04173,M036,2,21.19,42.38
OI06225,ORD04174,M005,1,23.02,23.02
OI06226,ORD04174,M003,3,13.14,39.42
OI06227,ORD04175,M024,1,20.8,20.8
OI06228,ORD04175,M038,2,12.96,25.92
OI06229,ORD04176,M002,1,6.74,6.74
OI06230,ORD04176,M034,2,17.18,34.36
OI06231,ORD04177,M028,2,10.31,20.62
OI06232,ORD04177,M037,2,11.31,22.62
OI06233,ORD04178,M008,3,11.64,34.92
OI06234,ORD04179,M036,2,21.19,42.38
OI06235,ORD04179,M016,1,6.75,6.75
OI06236,ORD04180,M002,1,6.74,6.74
OI06237,ORD04180,M027,3,16.47,49.41
OI06238,ORD04181,M044,1,22.8,22.8
OI06239,ORD04181,M022,1,6.86,6.86
OI06240,ORD04182,M037,1,11.31,11.31
OI06241,ORD04183,M029,2,21.76,43.52
OI06242,ORD04183,M001,3,6.05,18.15
OI06243,ORD04184,M048,1,5.64,5.64
OI06244,ORD04185,M050,1,8.63,8.63
OI06245,ORD04186,M010,1,8.19,8.19
OI06246,ORD04187,M039,2,20.39,40.78
OI06247,ORD04188,M005,2,23.02,46.04
OI06248,ORD04188,M045,1,14.72,14.72
OI06249,ORD04189,M016,1,6.75,6.75
OI06250,ORD04189,M020,2,13.97,27.94
OI06251,ORD04190,M012,2,11.68,23.36
OI06252,ORD04191,M009,2,22.04,44.08
OI06253,ORD04192,M027,1,16.47,16.47
OI06254,ORD04192,M021,1,23.11,23.11
OI06255,ORD04193,M039,2,20.39,40.78
OI06256,ORD04193,M004,3,7.15,21.45
OI06257,ORD04194,M044,1,22.8,22.8
OI06258,ORD04194,M037,3,11.31,33.93
OI06259,ORD04195,M037,3,11.31,33.93
OI06260,ORD04195,M031,2,11.87,23.74
OI06261,ORD04196,M026,2,23.22,46.44
OI06262,ORD04196,M042,3,17.77,53.31
OI06263,ORD04197,M045,2,14.72,29.44
OI06264,ORD04198,M040,1,15.26,15.26
OI06265,ORD04199,M020,1,13.97,13.97
OI06266,ORD04200,M039,2,20.39,40.78
OI06267,ORD04201,M044,3,22.8,68.4
OI06268,ORD04202,M029,1,21.76,21.76
OI06269,ORD04202,M025,3,5.42,16.26
OI06270,ORD04203,M019,1,11.31,11.31
OI06271,ORD04204,M010,3,8.19,24.57
OI06272,ORD04205,M020,2,13.97,27.94
OI06273,ORD04205,M050,1,8.63,8.63
OI06274,ORD04206,M030,2,20.38,40.76
OI06275,ORD04207,M036,2,21.19,42.38
OI06276,ORD04207,M019,2,11.31,22.62
OI06277,ORD04208,M049,3,20.08,60.24
OI06278,ORD04208,M043,1,18.33,18.33
OI06279,ORD04209,M049,2,20.08,40.16
OI06280,ORD04209,M003,1,13.14,13.14
OI06281,ORD04210,M003,1,13.14,13.14
OI06282,ORD04211,M013,3,9.9,29.7
OI06283,ORD04211,M046,1,18.37,18.37
OI06284,ORD04212,M048,3,5.64,16.92
OI06285,ORD04212,M042,1,17.77,17.77
OI06286,ORD04213,M015,1,13.73,13.73
OI06287,ORD04214,M030,1,20.38,20.38
OI06288,ORD04215,M012,3,11.68,35.04
OI06289,ORD04216,M006,1,5.76,5.76
OI06290,ORD04217,M037,1,11.31,11.31
OI06291,ORD04217,M036,3,21.19,63.57
OI06292,ORD04218,M033,1,9.14,9.14
OI06293,ORD04219,M046,1,18.37,18.37
OI06294,ORD04220,M010,3,8.19,24.57
OI06295,ORD04220,M029,1,21.76,21.76
OI06296,ORD04221,M008,1,11.64,11.64
OI06297,ORD04221,M030,1,20.38,20.38
OI06298,ORD04222,M027,3,16.47,49.41
OI06299,ORD04222,M017,1,16.95,16.95
OI06300,ORD04223,M008,2,11.64,23.28
OI06301,ORD04224,M045,2,14.72,29.44
OI06302,ORD04225,M042,1,17.77,17.77
OI06303,ORD04226,M012,2,11.68,23.36
OI06304,ORD04227,M022,3,6.86,20.58
OI06305,ORD04227,M016,2,6.75,13.5
OI06306,ORD04228,M031,3,11.87,35.61
OI06307,ORD04228,M028,3,10.31,30.93
OI06308,ORD04229,M034,1,17.18,17.18
OI06309,ORD04229,M024,1,20.8,20.8
OI06310,ORD04230,M026,1,23.22,23.22
OI06311,ORD04231,M047,3,12.49,37.47
OI06312,ORD04231,M029,2,21.76,43.52
OI06313,ORD04232,M017,2,16.95,33.9
OI06314,ORD04232,M024,3,20.8,62.4
OI06315,ORD04233,M044,2,22.8,45.6
OI06316,ORD04233,M029,3,21.76,65.28
OI06317,ORD04234,M045,2,14.72,29.44
OI06318,ORD04235,M021,1,23.11,23.11
OI06319,ORD04236,M047,3,12.49,37.47
OI06320,ORD04236,M020,2,13.97,27.94
OI06321,ORD04237,M028,3,10.31,30.93
OI06322,ORD04238,M021,1,23.11,23.11
OI06323,ORD04239,M046,3,18.37,55.11
OI06324,ORD04239,M033,3,9.14,27.42
OI06325,ORD04240,M036,1,21.19,21.19
OI06326,ORD04240,M048,3,5.64,16.92
OI06327,ORD04241,M023,2,7.84,15.68
OI06328,ORD04242,M002,3,6.74,20.22
OI06329,ORD04243,M022,2,6.86,13.72
OI06330,ORD04243,M032,3,21.03,63.09
OI06331,ORD04244,M017,2,16.95,33.9
OI06332,ORD04244,M012,1,11.68,11.68
OI06333,ORD04245,M024,2,20.8,41.6
OI06334,ORD04246,M003,3,13.14,39.42
OI06335,ORD04246,M034,3,17.18,51.54
OI06336,ORD04247,M038,3,12.96,38.88
OI06337,ORD04248,M050,2,8.63,17.26
OI06338,ORD04249,M002,3,6.74,20.22
OI06339,ORD04250,M028,1,10.31,10.31
OI06340,ORD04251,M020,1,13.97,13.97
OI06341,ORD04252,M042,2,17.77,35.54
OI06342,ORD04253,M015,3,13.73,41.19
OI06343,ORD04253,M037,2,11.31,22.62
OI06344,ORD04254,M004,2,7.15,14.3
OI06345,ORD04254,M041,3,18.7,56.1
OI06346,ORD04255,M027,2,16.47,32.94
OI06347,ORD04255,M019,2,11.31,22.62
OI06348,ORD04256,M031,3,11.87,35.61
OI06349,ORD04257,M002,1,6.74,6.74
OI06350,ORD04257,M019,3,11.31,33.93
OI06351,ORD04258,M047,3,12.49,37.47
OI06352,ORD04259,M045,1,14.72,14.72
OI06353,ORD04259,M009,1,22.04,22.04
OI06354,ORD04260,M002,1,6.74,6.74
OI06355,ORD04261,M003,1,13.14,13.14
OI06356,ORD04262,M037,3,11.31,33.93
OI06357,ORD04262,M030,3,20.38,61.14
OI06358,ORD04263,M045,1,14.72,14.72
OI06359,ORD04263,M033,3,9.14,27.42
OI06360,ORD04264,M037,3,11.31,33.93
OI06361,ORD04265,M020,3,13.97,41.91
OI06362,ORD04266,M008,2,11.64,23.28
OI06363,ORD04266,M043,3,18.33,54.99
OI06364,ORD04267,M020,3,13.97,41.91
OI06365,ORD04267,M040,1,15.26,15.26
OI06366,ORD04268,M016,2,6.75,13.5
OI06367,ORD04269,M045,1,14.72,14.72
OI06368,ORD04270,M017,2,16.95,33.9
OI06369,ORD04270,M001,1,6.05,6.05
OI06370,ORD04271,M009,1,22.04,22.04
OI06371,ORD04272,M013,1,9.9,9.9
OI06372,ORD04273,M002,3,6.74,20.22
OI06373,ORD04273,M035,3,15.54,46.62
OI06374,ORD04274,M039,1,20.39,20.39
OI06375,ORD04274,M023,1,7.84,7.84
OI06376,ORD04275,M018,1,6.4,6.4
OI06377,ORD04275,M030,2,20.38,40.76
OI06378,ORD04276,M044,2,22.8,45.6
OI06379,ORD04276,M039,2,20.39,40.78
OI06380,ORD04277,M048,1,5.64,5.64
OI06381,ORD04277,M024,3,20.8,62.4
OI06382,ORD04278,M039,3,20.39,61.17
OI06383,ORD04278,M006,2,5.76,11.52
OI06384,ORD04279,M015,3,13.73,41.19
OI06385,ORD04279,M001,3,6.05,18.15
OI06386,ORD04280,M043,3,18.33,54.99
OI06387,ORD04281,M036,3,21.19,63.57
OI06388,ORD04281,M049,1,20.08,20.08
OI06389,ORD04282,M047,1,12.49,12.49
OI06390,ORD04282,M044,3,22.8,68.4
OI06391,ORD04283,M006,2,5.76,11.52
OI06392,ORD04284,M038,2,12.96,25.92
OI06393,ORD04285,M023,3,7.84,23.52
OI06394,ORD04286,M008,1,11.64,11.64
OI06395,ORD04287,M041,2,18.7,37.4
OI06396,ORD04288,M009,1,22.04,22.04
OI06397,ORD04288,M048,1,5.64,5.64
OI06398,ORD04289,M034,1,17.18,17.18
OI06399,ORD04289,M037,2,11.31,22.62
OI06400,ORD04290,M047,3,12.49,37.47
OI06401,ORD04290,M045,2,14.72,29.44
OI06402,ORD04291,M039,2,20.39,40.78
OI06403,ORD04292,M044,1,22.8,22.8
OI06404,ORD04293,M034,3,17.18,51.54
OI06405,ORD04293,M006,3,5.76,17.28
OI06406,ORD04294,M005,2,23.02,46.04
OI06407,ORD04295,M022,2,6.86,13.72
OI06408,ORD04295,M024,1,20.8,20.8
OI06409,ORD04296,M011,1,11.74,11.74
OI06410,ORD04296,M029,2,21.76,43.52
OI06411,ORD04297,M033,3,9.14,27.42
OI06412,ORD04297,M028,2,10.31,20.62
OI06413,ORD04298,M011,2,11.74,23.48
OI06414,ORD04299,M001,1,6.05,6.05
OI06415,ORD04299,M041,3,18.7,56.1
OI06416,ORD04300,M032,2,21.03,42.06
OI06417,ORD04301,M043,3,18.33,54.99
OI06418,ORD04302,M013,3,9.9,29.7
OI06419,ORD04303,M010,3,8.19,24.57
OI06420,ORD04303,M013,3,9.9,29.7
OI06421,ORD04304,M033,3,9.14,27.42
OI06422,ORD04304,M026,3,23.22,69.66
OI06423,ORD04305,M010,3,8.19,24.57
OI06424,ORD04305,M022,3,6.86,20.58
OI06425,ORD04306,M006,3,5.76,17.28
OI06426,ORD04306,M050,1,8.63,8.63
OI06427,ORD04307,M022,3,6.86,20.58
OI06428,ORD04308,M048,1,5.64,5.64
OI06429,ORD04308,M040,1,15.26,15.26
OI06430,ORD04309,M030,1,20.38,20.38
OI06431,ORD04310,M033,2,9.14,18.28
OI06432,ORD04311,M023,3,7.84,23.52
OI06433,ORD04312,M036,2,21.19,42.38
OI06434,ORD04313,M049,1,20.08,20.08
OI06435,ORD04314,M028,1,10.31,10.31
OI06436,ORD04315,M007,3,15.72,47.16
OI06437,ORD04316,M038,2,12.96,25.92
OI06438,ORD04316,M046,2,18.37,36.74
OI06439,ORD04317,M004,2,7.15,14.3
OI06440,ORD04317,M047,2,12.49,24.98
OI06441,ORD04318,M033,1,9.14,9.14
OI06442,ORD04318,M028,3,10.31,30.93
OI06443,ORD04319,M008,1,11.64,11.64
OI06444,ORD04320,M049,3,20.08,60.24
OI06445,ORD04320,M014,1,5.03,5.03
OI06446,ORD04321,M023,2,7.84,15.68
OI06447,ORD04322,M045,2,14.72,29.44
OI06448,ORD04323,M011,2,11.74,23.48
OI06449,ORD04324,M010,3,8.19,24.57
OI06450,ORD04325,M006,3,5.76,17.28
OI06451,ORD04326,M041,3,18.7,56.1
OI06452,ORD04326,M029,2,21.76,43.52
OI06453,ORD04327,M039,1,20.39,20.39
OI06454,ORD04328,M026,2,23.22,46.44
OI06455,ORD04328,M046,2,18.37,36.74
OI06456,ORD04329,M020,3,13.97,41.91
OI06457,ORD04330,M036,1,21.19,21.19
OI06458,ORD04330,M048,1,5.64,5.64
OI06459,ORD04331,M017,1,16.95,16.95
OI06460,ORD04331,M044,2,22.8,45.6
OI06461,ORD04332,M008,3,11.64,34.92
OI06462,ORD04332,M004,3,7.15,21.45
OI06463,ORD04333,M044,1,22.8,22.8
OI06464,ORD04333,M049,2,20.08,40.16
OI06465,ORD04334,M031,2,11.87,23.74
OI06466,ORD04334,M047,1,12.49,12.49
OI06467,ORD04335,M019,3,11.31,33.93
OI06468,ORD04335,M009,3,22.04,66.12
OI06469,ORD04336,M020,3,13.97,41.91
OI06470,ORD04336,M035,1,15.54,15.54
OI06471,ORD04337,M020,1,13.97,13.97
OI06472,ORD04337,M009,2,22.04,44.08
OI06473,ORD04338,M009,3,22.04,66.12
OI06474,ORD04338,M040,3,15.26,45.78
OI06475,ORD04339,M048,1,5.64,5.64
OI06476,ORD04339,M013,3,9.9,29.7
OI06477,ORD04340,M022,2,6.86,13.72
OI06478,ORD04340,M014,2,5.03,10.06
OI06479,ORD04341,M005,3,23.02,69.06
OI06480,ORD04342,M030,2,20.38,40.76
OI06481,ORD04342,M020,1,13.97,13.97
OI06482,ORD04343,M015,3,13.73,41.19
OI06483,ORD04344,M022,1,6.86,6.86
OI06484,ORD04344,M006,3,5.76,17.28
OI06485,ORD04345,M047,2,12.49,24.98
OI06486,ORD04345,M039,2,20.39,40.78
OI06487,ORD04346,M009,2,22.04,44.08
OI06488,ORD04347,M004,3,7.15,21.45
OI06489,ORD04348,M018,3,6.4,19.2
OI06490,ORD04348,M035,3,15.54,46.62
OI06491,ORD04349,M049,2,20.08,40.16
OI06492,ORD04350,M049,1,20.08,20.08
OI06493,ORD04350,M007,1,15.72,15.72
OI06494,ORD04351,M006,3,5.76,17.28
OI06495,ORD04352,M013,2,9.9,19.8
OI06496,ORD04353,M036,1,21.19,21.19
OI06497,ORD04354,M020,1,13.97,13.97
OI06498,ORD04354,M015,2,13.73,27.46
OI06499,ORD04355,M039,3,20.39,61.17
OI06500,ORD04355,M050,2,8.63,17.26
OI06501,ORD04356,M031,2,11.87,23.74
OI06502,ORD04357,M024,2,20.8,41.6
OI06503,ORD04357,M035,3,15.54,46.62
OI06504,ORD04358,M018,2,6.4,12.8
OI06505,ORD04358,M001,3,6.05,18.15
OI06506,ORD04359,M031,1,11.87,11.87
OI06507,ORD04359,M048,2,5.64,11.28
OI06508,ORD04360,M013,1,9.9,9.9
OI06509,ORD04360,M049,1,20.08,20.08
OI06510,ORD04361,M025,1,5.42,5.42
OI06511,ORD04362,M009,1,22.04,22.04
OI06512,ORD04362,M026,3,23.22,69.66
OI06513,ORD04363,M046,2,18.37,36.74
OI06514,ORD04364,M009,3,22.04,66.12
OI06515,ORD04364,M042,1,17.77,17.77
OI06516,ORD04365,M030,1,20.38,20.38
OI06517,ORD04366,M029,1,21.76,21.76
OI06518,ORD04366,M013,3,9.9,29.7
OI06519,ORD04367,M043,2,18.33,36.66
OI06520,ORD04368,M013,2,9.9,19.8
OI06521,ORD04368,M003,3,13.14,39.42
OI06522,ORD04369,M027,3,16.47,49.41
OI06523,ORD04369,M010,1,8.19,8.19
OI06524,ORD04370,M001,1,6.05,6.05
OI06525,ORD04370,M030,2,20.38,40.76
OI06526,ORD04371,M013,3,9.9,29.7
OI06527,ORD04372,M031,1,11.87,11.87
OI06528,ORD04373,M003,1,13.14,13.14
OI06529,ORD04374,M003,3,13.14,39.42
OI06530,ORD04375,M036,2,21.19,42.38
OI06531,ORD04376,M043,1,18.33,18.33
OI06532,ORD04377,M011,2,11.74,23.48
OI06533,ORD04378,M044,1,22.8,22.8
OI06534,ORD04379,M013,3,9.9,29.7
OI06535,ORD04380,M041,2,18.7,37.4
OI06536,ORD04381,M033,2,9.14,18.28
OI06537,ORD04382,M047,3,12.49,37.47
OI06538,ORD04382,M039,2,20.39,40.78
OI06539,ORD04383,M034,1,17.18,17.18
OI06540,ORD04384,M016,3,6.75,20.25
OI06541,ORD04385,M012,2,11.68,23.36
OI06542,ORD04385,M015,2,13.73,27.46
OI06543,ORD04386,M038,1,12.96,12.96
OI06544,ORD04386,M041,3,18.7,56.1
OI06545,ORD04387,M024,2,20.8,41.6
OI06546,ORD04387,M023,1,7.84,7.84
OI06547,ORD04388,M042,2,17.77,35.54
OI06548,ORD04389,M004,2,7.15,14.3
OI06549,ORD04389,M032,2,21.03,42.06
OI06550,ORD04390,M023,1,7.84,7.84
OI06551,ORD04390,M013,1,9.9,9.9
OI06552,ORD04391,M023,3,7.84,23.52
OI06553,ORD04391,M033,2,9.14,18.28
OI06554,ORD04392,M030,3,20.38,61.14
OI06555,ORD04392,M016,1,6.75,6.75
OI06556,ORD04393,M040,1,15.26,15.26
OI06557,ORD04394,M012,1,11.68,11.68
OI06558,ORD04395,M021,3,23.11,69.33
OI06559,ORD04396,M050,2,8.63,17.26
OI06560,ORD04396,M040,2,15.26,30.52
OI06561,ORD04397,M044,3,22.8,68.4
OI06562,ORD04397,M009,2,22.04,44.08
OI06563,ORD04398,M037,3,11.31,33.93
OI06564,ORD04399,M006,1,5.76,5.76
OI06565,ORD04400,M015,3,13.73,41.19
OI06566,ORD04400,M016,1,6.75,6.75
OI06567,ORD04401,M048,1,5.64,5.64
OI06568,ORD04401,M035,1,15.54,15.54
OI06569,ORD04402,M010,2,8.19,16.38
OI06570,ORD04402,M023,3,7.84,23.52
OI06571,ORD04403,M013,2,9.9,19.8
OI06572,ORD04403,M038,1,12.96,12.96
OI06573,ORD04404,M040,1,15.26,15.26
OI06574,ORD04404,M010,1,8.19,8.19
OI06575,ORD04405,M003,3,13.14,39.42
OI06576,ORD04405,M030,1,20.38,20.38
OI06577,ORD04406,M005,3,23.02,69.06
OI06578,ORD04406,M019,3,11.31,33.93
OI06579,ORD04407,M045,1,14.72,14.72
OI06580,ORD04408,M025,1,5.42,5.42
OI06581,ORD04409,M032,2,21.03,42.06
OI06582,ORD04410,M018,2,6.4,12.8
OI06583,ORD04410,M037,3,11.31,33.93
OI06584,ORD04411,M044,2,22.8,45.6
OI06585,ORD04411,M019,2,11.31,22.62
OI06586,ORD04412,M044,1,22.8,22.8
OI06587,ORD04413,M035,2,15.54,31.08
OI06588,ORD04413,M020,2,13.97,27.94
OI06589,ORD04414,M020,3,13.97,41.91
OI06590,ORD04414,M028,3,10.31,30.93
OI06591,ORD04415,M010,2,8.19,16.38
OI06592,ORD04416,M002,3,6.74,20.22
OI06593,ORD04417,M002,2,6.74,13.48
OI06594,ORD04418,M032,1,21.03,21.03
OI06595,ORD04419,M050,2,8.63,17.26
OI06596,ORD04420,M041,2,18.7,37.4
OI06597,ORD04421,M016,3,6.75,20.25
OI06598,ORD04421,M002,3,6.74,20.22
OI06599,ORD04422,M039,2,20.39,40.78
OI06600,ORD04423,M022,1,6.86,6.86
OI06601,ORD04424,M003,2,13.14,26.28
OI06602,ORD04424,M009,1,22.04,22.04
OI06603,ORD04425,M025,3,5.42,16.26
OI06604,ORD04425,M012,3,11.68,35.04
OI06605,ORD04426,M010,1,8.19,8.19
OI06606,ORD04426,M016,2,6.75,13.5
OI06607,ORD04427,M010,1,8.19,8.19
OI06608,ORD04427,M044,3,22.8,68.4
OI06609,ORD04428,M045,3,14.72,44.16
OI06610,ORD04428,M025,2,5.42,10.84
OI06611,ORD04429,M019,3,11.31,33.93
OI06612,ORD04429,M001,2,6.05,12.1
OI06613,ORD04430,M042,2,17.77,35.54
OI06614,ORD04431,M043,3,18.33,54.99
OI06615,ORD04432,M013,1,9.9,9.9
OI06616,ORD04433,M023,2,7.84,15.68
OI06617,ORD04434,M019,1,11.31,11.31
OI06618,ORD04434,M032,1,21.03,21.03
OI06619,ORD04435,M037,2,11.31,22.62
OI06620,ORD04436,M019,3,11.31,33.93
OI06621,ORD04436,M050,3,8.63,25.89
OI06622,ORD04437,M038,3,12.96,38.88
OI06623,ORD04437,M024,3,20.8,62.4
OI06624,ORD04438,M032,2,21.03,42.06
OI06625,ORD04438,M006,3,5.76,17.28
OI06626,ORD04439,M046,3,18.37,55.11
OI06627,ORD04439,M002,3,6.74,20.22
OI06628,ORD04440,M046,3,18.37,55.11
OI06629,ORD04440,M040,2,15.26,30.52
OI06630,ORD04441,M005,2,23.02,46.04
OI06631,ORD04442,M029,2,21.76,43.52
OI06632,ORD04443,M009,1,22.04,22.04
OI06633,ORD04444,M030,1,20.38,20.38
OI06634,ORD04445,M029,1,21.76,21.76
OI06635,ORD04446,M025,3,5.42,16.26
OI06636,ORD04447,M004,2,7.15,14.3
OI06637,ORD04448,M006,3,5.76,17.28
OI06638,ORD04449,M047,1,12.49,12.49
OI06639,ORD04449,M021,2,23.11,46.22
OI06640,ORD04450,M010,1,8.19,8.19
OI06641,ORD04450,M015,1,13.73,13.73
OI06642,ORD04451,M031,3,11.87,35.61
OI06643,ORD04452,M025,3,5.42,16.26
OI06644,ORD04452,M029,1,21.76,21.76
OI06645,ORD04453,M025,1,5.42,5.42
OI06646,ORD04453,M015,1,13.73,13.73
OI06647,ORD04454,M047,3,12.49,37.47
OI06648,ORD04454,M043,3,18.33,54.99
OI06649,ORD04455,M024,1,20.8,20.8
OI06650,ORD04455,M020,1,13.97,13.97
OI06651,ORD04456,M048,3,5.64,16.92
OI06652,ORD04457,M026,1,23.22,23.22
OI06653,ORD04457,M010,2,8.19,16.38
OI06654,ORD04458,M007,3,15.72,47.16
OI06655,ORD04458,M015,3,13.73,41.19
OI06656,ORD04459,M009,2,22.04,44.08
OI06657,ORD04460,M003,1,13.14,13.14
OI06658,ORD04461,M015,3,13.73,41.19
OI06659,ORD04461,M050,1,8.63,8.63
OI06660,ORD04462,M011,2,11.74,23.48
OI06661,ORD04463,M012,2,11.68,23.36
OI06662,ORD04463,M041,1,18.7,18.7
OI06663,ORD04464,M040,1,15.26,15.26
OI06664,ORD04465,M037,2,11.31,22.62
OI06665,ORD04465,M041,2,18.7,37.4
OI06666,ORD04466,M018,3,6.4,19.2
OI06667,ORD04466,M021,3,23.11,69.33
OI06668,ORD04467,M029,2,21.76,43.52
OI06669,ORD04468,M028,2,10.31,20.62
OI06670,ORD04469,M005,3,23.02,69.06
OI06671,ORD04469,M031,2,11.87,23.74
OI06672,ORD04470,M042,3,17.77,53.31
OI06673,ORD04470,M042,2,17.77,35.54
OI06674,ORD04471,M046,1,18.37,18.37
OI06675,ORD04471,M038,1,12.96,12.96
OI06676,ORD04472,M009,3,22.04,66.12
OI06677,ORD04473,M016,1,6.75,6.75
OI06678,ORD04474,M012,2,11.68,23.36
OI06679,ORD04474,M023,1,7.84,7.84
OI06680,ORD04475,M007,2,15.72,31.44
OI06681,ORD04475,M040,3,15.26,45.78
OI06682,ORD04476,M014,2,5.03,10.06
OI06683,ORD04477,M048,2,5.64,11.28
OI06684,ORD04477,M043,3,18.33,54.99
OI06685,ORD04478,M017,1,16.95,16.95
OI06686,ORD04479,M008,1,11.64,11.64
OI06687,ORD04479,M028,2,10.31,20.62
OI06688,ORD04480,M033,1,9.14,9.14
OI06689,ORD04481,M033,2,9.14,18.28
OI06690,ORD04482,M021,2,23.11,46.22
OI06691,ORD04482,M005,2,23.02,46.04
OI06692,ORD04483,M002,2,6.74,13.48
OI06693,ORD04484,M046,1,18.37,18.37
OI06694,ORD04484,M005,1,23.02,23.02
OI06695,ORD04485,M014,1,5.03,5.03
OI06696,ORD04485,M017,1,16.95,16.95
OI06697,ORD04486,M003,2,13.14,26.28
OI06698,ORD04486,M021,3,23.11,69.33
OI06699,ORD04487,M030,2,20.38,40.76
OI06700,ORD04488,M030,3,20.38,61.14
OI06701,ORD04488,M033,3,9.14,27.42
OI06702,ORD04489,M026,2,23.22,46.44
OI06703,ORD04489,M026,3,23.22,69.66
OI06704,ORD04490,M007,3,15.72,47.16
OI06705,ORD04491,M038,3,12.96,38.88
OI06706,ORD04491,M017,1,16.95,16.95
OI06707,ORD04492,M003,1,13.14,13.14
OI06708,ORD04493,M024,3,20.8,62.4
OI06709,ORD04493,M037,3,11.31,33.93
OI06710,ORD04494,M025,1,5.42,5.42
OI06711,ORD04494,M027,1,16.47,16.47
OI06712,ORD04495,M030,3,20.38,61.14
OI06713,ORD04496,M022,3,6.86,20.58
OI06714,ORD04496,M012,2,11.68,23.36
OI06715,ORD04497,M022,1,6.86,6.86
OI06716,ORD04498,M010,2,8.19,16.38
OI06717,ORD04498,M027,1,16.47,16.47
OI06718,ORD04499,M019,1,11.31,11.31
OI06719,ORD04499,M022,3,6.86,20.58
OI06720,ORD04500,M013,3,9.9,29.7
OI06721,ORD04501,M040,2,15.26,30.52
OI06722,ORD04501,M026,2,23.22,46.44
OI06723,ORD04502,M025,1,5.42,5.42
OI06724,ORD04502,M001,3,6.05,18.15
OI06725,ORD04503,M050,3,8.63,25.89
OI06726,ORD04503,M012,1,11.68,11.68
OI06727,ORD04504,M015,2,13.73,27.46
OI06728,ORD04504,M027,1,16.47,16.47
OI06729,ORD04505,M036,3,21.19,63.57
OI06730,ORD04505,M032,2,21.03,42.06
OI06731,ORD04506,M038,3,12.96,38.88
OI06732,ORD04506,M033,1,9.14,9.14
OI06733,ORD04507,M002,1,6.74,6.74
OI06734,ORD04507,M020,1,13.97,13.97
OI06735,ORD04508,M022,3,6.86,20.58
OI06736,ORD04509,M011,2,11.74,23.48
OI06737,ORD04510,M014,2,5.03,10.06
OI06738,ORD04511,M022,1,6.86,6.86
OI06739,ORD04512,M027,3,16.47,49.41
OI06740,ORD04512,M007,3,15.72,47.16
OI06741,ORD04513,M003,1,13.14,13.14
OI06742,ORD04513,M022,2,6.86,13.72
OI06743,ORD04514,M011,3,11.74,35.22
OI06744,ORD04515,M014,2,5.03,10.06
OI06745,ORD04516,M001,1,6.05,6.05
OI06746,ORD04516,M033,3,9.14,27.42
OI06747,ORD04517,M044,3,22.8,68.4
OI06748,ORD04518,M017,3,16.95,50.85
OI06749,ORD04518,M007,3,15.72,47.16
OI06750,ORD04519,M021,3,23.11,69.33
OI06751,ORD04519,M034,3,17.18,51.54
OI06752,ORD04520,M045,1,14.72,14.72
OI06753,ORD04520,M038,3,12.96,38.88
OI06754,ORD04521,M037,2,11.31,22.62
OI06755,ORD04522,M013,1,9.9,9.9
OI06756,ORD04523,M040,3,15.26,45.78
OI06757,ORD04523,M017,3,16.95,50.85
OI06758,ORD04524,M005,3,23.02,69.06
OI06759,ORD04525,M033,3,9.14,27.42
OI06760,ORD04525,M017,3,16.95,50.85
OI06761,ORD04526,M025,2,5.42,10.84
OI06762,ORD04526,M013,1,9.9,9.9
OI06763,ORD04527,M005,1,23.02,23.02
OI06764,ORD04527,M033,1,9.14,9.14
OI06765,ORD04528,M044,2,22.8,45.6
OI06766,ORD04528,M045,3,14.72,44.16
OI06767,ORD04529,M037,1,11.31,11.31
OI06768,ORD04530,M039,3,20.39,61.17
OI06769,ORD04530,M006,2,5.76,11.52
OI06770,ORD04531,M014,3,5.03,15.09
OI06771,ORD04532,M010,2,8.19,16.38
OI06772,ORD04533,M035,3,15.54,46.62
OI06773,ORD04533,M012,1,11.68,11.68
OI06774,ORD04534,M018,3,6.4,19.2
OI06775,ORD04535,M038,3,12.96,38.88
OI06776,ORD04535,M027,2,16.47,32.94
OI06777,ORD04536,M020,3,13.97,41.91
OI06778,ORD04536,M050,2,8.63,17.26
OI06779,ORD04537,M026,1,23.22,23.22
OI06780,ORD04537,M050,2,8.63,17.26
OI06781,ORD04538,M039,1,20.39,20.39
OI06782,ORD04539,M046,2,18.37,36.74
OI06783,ORD04540,M001,2,6.05,12.1
OI06784,ORD04541,M029,1,21.76,21.76
OI06785,ORD04542,M046,1,18.37,18.37
OI06786,ORD04542,M032,2,21.03,42.06
OI06787,ORD04543,M027,2,16.47,32.94
OI06788,ORD04543,M022,1,6.86,6.86
OI06789,ORD04544,M010,2,8.19,16.38
OI06790,ORD04544,M043,1,18.33,18.33
OI06791,ORD04545,M021,2,23.11,46.22
OI06792,ORD04546,M016,1,6.75,6.75
OI06793,ORD04546,M044,2,22.8,45.6
OI06794,ORD04547,M045,3,14.72,44.16
OI06795,ORD04548,M030,1,20.38,20.38
OI06796,ORD04549,M013,3,9.9,29.7
OI06797,ORD04550,M031,2,11.87,23.74
OI06798,ORD04550,M033,3,9.14,27.42
OI06799,ORD04551,M041,1,18.7,18.7
OI06800,ORD04551,M004,3,7.15,21.45
OI06801,ORD04552,M049,2,20.08,40.16
OI06802,ORD04553,M022,1,6.86,6.86
OI06803,ORD04553,M050,3,8.63,25.89
OI06804,ORD04554,M038,2,12.96,25.92
OI06805,ORD04554,M007,3,15.72,47.16
OI06806,ORD04555,M008,3,11.64,34.92
OI06807,ORD04555,M046,3,18.37,55.11
OI06808,ORD04556,M042,3,17.77,53.31
OI06809,ORD04557,M045,1,14.72,14.72
OI06810,ORD04558,M048,1,5.64,5.64
OI06811,ORD04558,M043,3,18.33,54.99
OI06812,ORD04559,M024,1,20.8,20.8
OI06813,ORD04559,M018,1,6.4,6.4
OI06814,ORD04560,M013,3,9.9,29.7
OI06815,ORD04561,M005,2,23.02,46.04
OI06816,ORD04562,M046,2,18.37,36.74
OI06817,ORD04562,M037,2,11.31,22.62
OI06818,ORD04563,M027,3,16.47,49.41
OI06819,ORD04564,M022,1,6.86,6.86
OI06820,ORD04564,M043,3,18.33,54.99
OI06821,ORD04565,M002,2,6.74,13.48
OI06822,ORD04566,M028,1,10.31,10.31
OI06823,ORD04566,M024,3,20.8,62.4
OI06824,ORD04567,M006,1,5.76,5.76
OI06825,ORD04568,M038,2,12.96,25.92
OI06826,ORD04568,M007,3,15.72,47.16
OI06827,ORD04569,M031,3,11.87,35.61
OI06828,ORD04570,M002,3,6.74,20.22
OI06829,ORD04570,M024,2,20.8,41.6
OI06830,ORD04571,M001,3,6.05,18.15
OI06831,ORD04572,M003,3,13.14,39.42
OI06832,ORD04572,M022,1,6.86,6.86
OI06833,ORD04573,M046,1,18.37,18.37
OI06834,ORD04574,M047,1,12.49,12.49
OI06835,ORD04575,M023,1,7.84,7.84
OI06836,ORD04576,M039,3,20.39,61.17
OI06837,ORD04577,M009,3,22.04,66.12
OI06838,ORD04578,M022,1,6.86,6.86
OI06839,ORD04578,M032,1,21.03,21.03
OI06840,ORD04579,M022,3,6.86,20.58
OI06841,ORD04579,M030,2,20.38,40.76
OI06842,ORD04580,M013,2,9.9,19.8
OI06843,ORD04580,M026,3,23.22,69.66
OI06844,ORD04581,M011,1,11.74,11.74
OI06845,ORD04582,M010,1,8.19,8.19
OI06846,ORD04582,M017,2,16.95,33.9
OI06847,ORD04583,M036,3,21.19,63.57
OI06848,ORD04583,M046,2,18.37,36.74
OI06849,ORD04584,M043,3,18.33,54.99
OI06850,ORD04585,M037,1,11.31,11.31
OI06851,ORD04586,M048,3,5.64,16.92
OI06852,ORD04586,M017,1,16.95,16.95
OI06853,ORD04587,M037,1,11.31,11.31
OI06854,ORD04588,M034,2,17.18,34.36
OI06855,ORD04588,M019,1,11.31,11.31
OI06856,ORD04589,M025,2,5.42,10.84
OI06857,ORD04590,M039,1,20.39,20.39
OI06858,ORD04591,M010,1,8.19,8.19
OI06859,ORD04592,M045,3,14.72,44.16
OI06860,ORD04593,M046,1,18.37,18.37
OI06861,ORD04593,M049,2,20.08,40.16
OI06862,ORD04594,M009,3,22.04,66.12
OI06863,ORD04594,M038,3,12.96,38.88
OI06864,ORD04595,M038,1,12.96,12.96
OI06865,ORD04596,M020,1,13.97,13.97
OI06866,ORD04596,M015,3,13.73,41.19
OI06867,ORD04597,M002,1,6.74,6.74
OI06868,ORD04597,M043,3,18.33,54.99
OI06869,ORD04598,M018,1,6.4,6.4
OI06870,ORD04598,M037,3,11.31,33.93
OI06871,ORD04599,M019,1,11.31,11.31
OI06872,ORD04600,M046,2,18.37,36.74
OI06873,ORD04601,M031,3,11.87,35.61
OI06874,ORD04602,M001,2,6.05,12.1
OI06875,ORD04603,M026,3,23.22,69.66
OI06876,ORD04604,M025,1,5.42,5.42
OI06877,ORD04605,M035,3,15.54,46.62
OI06878,ORD04606,M028,2,10.31,20.62
OI06879,ORD04606,M044,1,22.8,22.8
OI06880,ORD04607,M002,1,6.74,6.74
OI06881,ORD04607,M006,3,5.76,17.28
OI06882,ORD04608,M018,2,6.4,12.8
OI06883,ORD04609,M046,2,18.37,36.74
OI06884,ORD04610,M003,1,13.14,13.14
OI06885,ORD04611,M028,2,10.31,20.62
OI06886,ORD04612,M026,1,23.22,23.22
OI06887,ORD04612,M030,3,20.38,61.14
OI06888,ORD04613,M027,3,16.47,49.41
OI06889,ORD04614,M018,1,6.4,6.4
OI06890,ORD04615,M015,3,13.73,41.19
OI06891,ORD04615,M008,3,11.64,34.92
OI06892,ORD04616,M033,2,9.14,18.28
OI06893,ORD04617,M019,2,11.31,22.62
OI06894,ORD04617,M026,2,23.22,46.44
OI06895,ORD04618,M007,3,15.72,47.16
OI06896,ORD04619,M040,2,15.26,30.52
OI06897,ORD04619,M011,2,11.74,23.48
OI06898,ORD04620,M028,1,10.31,10.31
OI06899,ORD04620,M037,2,11.31,22.62
OI06900,ORD04621,M013,3,9.9,29.7
OI06901,ORD04621,M026,2,23.22,46.44
OI06902,ORD04622,M021,1,23.11,23.11
OI06903,ORD04623,M010,2,8.19,16.38
OI06904,ORD04624,M008,1,11.64,11.64
OI06905,ORD04625,M018,3,6.4,19.2
OI06906,ORD04625,M009,3,22.04,66.12
OI06907,ORD04626,M021,1,23.11,23.11
OI06908,ORD04627,M005,2,23.02,46.04
OI06909,ORD04628,M047,1,12.49,12.49
OI06910,ORD04628,M004,2,7.15,14.3
OI06911,ORD04629,M044,1,22.8,22.8
OI06912,ORD04629,M025,2,5.42,10.84
OI06913,ORD04630,M018,1,6.4,6.4
OI06914,ORD04630,M017,3,16.95,50.85
OI06915,ORD04631,M028,3,10.31,30.93
OI06916,ORD04631,M017,3,16.95,50.85
OI06917,ORD04632,M021,1,23.11,23.11
OI06918,ORD04633,M008,2,11.64,23.28
OI06919,ORD04634,M029,3,21.76,65.28
OI06920,ORD04635,M045,1,14.72,14.72
OI06921,ORD04636,M022,1,6.86,6.86
OI06922,ORD04637,M007,3,15.72,47.16
OI06923,ORD04637,M020,2,13.97,27.94
OI06924,ORD04638,M019,3,11.31,33.93
OI06925,ORD04639,M010,2,8.19,16.38
OI06926,ORD04639,M028,3,10.31,30.93
OI06927,ORD04640,M015,2,13.73,27.46
OI06928,ORD04641,M044,3,22.8,68.4
OI06929,ORD04641,M047,1,12.49,12.49
OI06930,ORD04642,M045,2,14.72,29.44
OI06931,ORD04643,M014,3,5.03,15.09
OI06932,ORD04644,M033,3,9.14,27.42
OI06933,ORD04644,M011,3,11.74,35.22
OI06934,ORD04645,M042,1,17.77,17.77
OI06935,ORD04645,M041,1,18.7,18.7
OI06936,ORD04646,M017,2,16.95,33.9
OI06937,ORD04646,M005,2,23.02,46.04
OI06938,ORD04647,M043,1,18.33,18.33
OI06939,ORD04648,M026,1,23.22,23.22
OI06940,ORD04649,M012,2,11.68,23.36
OI06941,ORD04650,M039,1,20.39,20.39
OI06942,ORD04650,M012,3,11.68,35.04
OI06943,ORD04651,M015,2,13.73,27.46
OI06944,ORD04652,M037,3,11.31,33.93
OI06945,ORD04653,M044,3,22.8,68.4
OI06946,ORD04653,M026,3,23.22,69.66
OI06947,ORD04654,M028,2,10.31,20.62
OI06948,ORD04655,M039,1,20.39,20.39
OI06949,ORD04656,M025,3,5.42,16.26
OI06950,ORD04657,M040,3,15.26,45.78
OI06951,ORD04658,M017,2,16.95,33.9
OI06952,ORD04659,M044,3,22.8,68.4
OI06953,ORD04659,M049,2,20.08,40.16
OI06954,ORD04660,M009,3,22.04,66.12
OI06955,ORD04660,M023,2,7.84,15.68
OI06956,ORD04661,M013,2,9.9,19.8
OI06957,ORD04662,M023,3,7.84,23.52
OI06958,ORD04662,M044,1,22.8,22.8
OI06959,ORD04663,M029,1,21.76,21.76
OI06960,ORD04663,M045,1,14.72,14.72
OI06961,ORD04664,M038,3,12.96,38.88
OI06962,ORD04664,M037,1,11.31,11.31
OI06963,ORD04665,M049,3,20.08,60.24
OI06964,ORD04666,M043,1,18.33,18.33
OI06965,ORD04666,M021,3,23.11,69.33
OI06966,ORD04667,M009,2,22.04,44.08
OI06967,ORD04668,M033,1,9.14,9.14
OI06968,ORD04668,M042,2,17.77,35.54
OI06969,ORD04669,M030,3,20.38,61.14
OI06970,ORD04669,M027,2,16.47,32.94
OI06971,ORD04670,M001,2,6.05,12.1
OI06972,ORD04670,M006,2,5.76,11.52
OI06973,ORD04671,M042,2,17.77,35.54
OI06974,ORD04671,M007,1,15.72,15.72
OI06975,ORD04672,M032,2,21.03,42.06
OI06976,ORD04673,M048,2,5.64,11.28
OI06977,ORD04674,M011,2,11.74,23.48
OI06978,ORD04675,M018,2,6.4,12.8
OI06979,ORD04676,M020,1,13.97,13.97
OI06980,ORD04676,M038,1,12.96,12.96
OI06981,ORD04677,M043,1,18.33,18.33
OI06982,ORD04678,M021,2,23.11,46.22
OI06983,ORD04679,M017,1,16.95,16.95
OI06984,ORD04679,M003,1,13.14,13.14
OI06985,ORD04680,M030,1,20.38,20.38
OI06986,ORD04681,M012,1,11.68,11.68
OI06987,ORD04682,M044,1,22.8,22.8
OI06988,ORD04683,M005,1,23.02,23.02
OI06989,ORD04684,M038,3,12.96,38.88
OI06990,ORD04684,M013,2,9.9,19.8
OI06991,ORD04685,M013,1,9.9,9.9
OI06992,ORD04686,M046,2,18.37,36.74
OI06993,ORD04686,M042,1,17.77,17.77
OI06994,ORD04687,M017,3,16.95,50.85
OI06995,ORD04688,M014,1,5.03,5.03
OI06996,ORD04688,M006,1,5.76,5.76
OI06997,ORD04689,M028,2,10.31,20.62
OI06998,ORD04690,M034,1,17.18,17.18
OI06999,ORD04691,M005,3,23.02,69.06
OI07000,ORD04691,M036,1,21.19,21.19
OI07001,ORD04692,M041,1,18.7,18.7
OI07002,ORD04692,M028,2,10.31,20.62
OI07003,ORD04693,M024,1,20.8,20.8
OI07004,ORD04693,M010,2,8.19,16.38
OI07005,ORD04694,M031,2,11.87,23.74
OI07006,ORD04694,M006,2,5.76,11.52
OI07007,ORD04695,M009,3,22.04,66.12
OI07008,ORD04696,M020,1,13.97,13.97
OI07009,ORD04696,M039,3,20.39,61.17
OI07010,ORD04697,M020,2,13.97,27.94
OI07011,ORD04697,M011,2,11.74,23.48
OI07012,ORD04698,M029,3,21.76,65.28
OI07013,ORD04698,M033,3,9.14,27.42
OI07014,ORD04699,M033,1,9.14,9.14
OI07015,ORD04700,M008,2,11.64,23.28
OI07016,ORD04700,M026,3,23.22,69.66
OI07017,ORD04701,M030,1,20.38,20.38
OI07018,ORD04701,M007,2,15.72,31.44
OI07019,ORD04702,M008,1,11.64,11.64
OI07020,ORD04703,M048,1,5.64,5.64
OI07021,ORD04703,M028,1,10.31,10.31
OI07022,ORD04704,M028,2,10.31,20.62
OI07023,ORD04705,M026,2,23.22,46.44
OI07024,ORD04705,M016,3,6.75,20.25
OI07025,ORD04706,M034,1,17.18,17.18
OI07026,ORD04707,M019,1,11.31,11.31
OI07027,ORD04708,M044,1,22.8,22.8
OI07028,ORD04708,M008,3,11.64,34.92
OI07029,ORD04709,M023,3,7.84,23.52
OI07030,ORD04709,M033,2,9.14,18.28
OI07031,ORD04710,M050,2,8.63,17.26
OI07032,ORD04710,M034,3,17.18,51.54
OI07033,ORD04711,M031,3,11.87,35.61
OI07034,ORD04711,M014,3,5.03,15.09
OI07035,ORD04712,M014,3,5.03,15.09
OI07036,ORD04712,M001,3,6.05,18.15
OI07037,ORD04713,M038,1,12.96,12.96
OI07038,ORD04714,M036,1,21.19,21.19
OI07039,ORD04714,M017,3,16.95,50.85
OI07040,ORD04715,M043,1,18.33,18.33
OI07041,ORD04715,M004,3,7.15,21.45
OI07042,ORD04716,M012,1,11.68,11.68
OI07043,ORD04716,M024,3,20.8,62.4
OI07044,ORD04717,M031,3,11.87,35.61
OI07045,ORD04718,M013,3,9.9,29.7
OI07046,ORD04719,M028,1,10.31,10.31
OI07047,ORD04720,M019,2,11.31,22.62
OI07048,ORD04721,M042,2,17.77,35.54
OI07049,ORD04722,M010,2,8.19,16.38
OI07050,ORD04723,M023,2,7.84,15.68
OI07051,ORD04724,M046,2,18.37,36.74
OI07052,ORD04724,M003,3,13.14,39.42
OI07053,ORD04725,M020,3,13.97,41.91
OI07054,ORD04725,M028,1,10.31,10.31
OI07055,ORD04726,M006,2,5.76,11.52
OI07056,ORD04727,M047,3,12.49,37.47
OI07057,ORD04728,M009,2,22.04,44.08
OI07058,ORD04729,M042,2,17.77,35.54
OI07059,ORD04729,M039,1,20.39,20.39
OI07060,ORD04730,M020,3,13.97,41.91
OI07061,ORD04731,M029,1,21.76,21.76
OI07062,ORD04732,M016,3,6.75,20.25
OI07063,ORD04732,M025,2,5.42,10.84
OI07064,ORD04733,M050,1,8.63,8.63
OI07065,ORD04733,M011,1,11.74,11.74
OI07066,ORD04734,M021,3,23.11,69.33
OI07067,ORD04734,M010,2,8.19,16.38
OI07068,ORD04735,M034,3,17.18,51.54
OI07069,ORD04735,M043,3,18.33,54.99
OI07070,ORD04736,M031,2,11.87,23.74
OI07071,ORD04736,M040,2,15.26,30.52
OI07072,ORD04737,M050,2,8.63,17.26
OI07073,ORD04738,M026,2,23.22,46.44
OI07074,ORD04738,M010,1,8.19,8.19
OI07075,ORD04739,M024,3,20.8,62.4
OI07076,ORD04739,M002,1,6.74,6.74
OI07077,ORD04740,M031,2,11.87,23.74
OI07078,ORD04741,M042,2,17.77,35.54
OI07079,ORD04741,M028,3,10.31,30.93
OI07080,ORD04742,M002,2,6.74,13.48
OI07081,ORD04743,M034,2,17.18,34.36
OI07082,ORD04744,M042,2,17.77,35.54
OI07083,ORD04744,M019,1,11.31,11.31
OI07084,ORD04745,M019,3,11.31,33.93
OI07085,ORD04745,M046,1,18.37,18.37
OI07086,ORD04746,M017,1,16.95,16.95
OI07087,ORD04746,M039,3,20.39,61.17
OI07088,ORD04747,M004,1,7.15,7.15
OI07089,ORD04748,M048,1,5.64,5.64
OI07090,ORD04748,M006,1,5.76,5.76
OI07091,ORD04749,M038,3,12.96,38.88
OI07092,ORD04749,M020,2,13.97,27.94
OI07093,ORD04750,M001,3,6.05,18.15
OI07094,ORD04750,M019,1,11.31,11.31
OI07095,ORD04751,M013,3,9.9,29.7
OI07096,ORD04751,M038,1,12.96,12.96
OI07097,ORD04752,M041,3,18.7,56.1
OI07098,ORD04752,M041,2,18.7,37.4
OI07099,ORD04753,M037,1,11.31,11.31
OI07100,ORD04754,M046,3,18.37,55.11
OI07101,ORD04754,M004,3,7.15,21.45
OI07102,ORD04755,M013,3,9.9,29.7
OI07103,ORD04756,M002,1,6.74,6.74
OI07104,ORD04756,M006,3,5.76,17.28
OI07105,ORD04757,M001,1,6.05,6.05
OI07106,ORD04758,M049,2,20.08,40.16
OI07107,ORD04759,M044,2,22.8,45.6
OI07108,ORD04760,M002,3,6.74,20.22
OI07109,ORD04761,M040,2,15.26,30.52
OI07110,ORD04761,M006,2,5.76,11.52
OI07111,ORD04762,M021,2,23.11,46.22
OI07112,ORD04763,M036,1,21.19,21.19
OI07113,ORD04764,M010,1,8.19,8.19
OI07114,ORD04765,M012,3,11.68,35.04
OI07115,ORD04766,M015,2,13.73,27.46
OI07116,ORD04766,M044,2,22.8,45.6
OI07117,ORD04767,M028,3,10.31,30.93
OI07118,ORD04768,M035,2,15.54,31.08
OI07119,ORD04769,M031,2,11.87,23.74
OI07120,ORD04770,M036,3,21.19,63.57
OI07121,ORD04770,M018,1,6.4,6.4
OI07122,ORD04771,M028,1,10.31,10.31
OI07123,ORD04772,M024,3,20.8,62.4
OI07124,ORD04773,M024,1,20.8,20.8
OI07125,ORD04774,M036,3,21.19,63.57
OI07126,ORD04774,M010,1,8.19,8.19
OI07127,ORD04775,M011,2,11.74,23.48
OI07128,ORD04776,M012,1,11.68,11.68
OI07129,ORD04777,M049,3,20.08,60.24
OI07130,ORD04777,M035,1,15.54,15.54
OI07131,ORD04778,M008,1,11.64,11.64
OI07132,ORD04779,M002,3,6.74,20.22
OI07133,ORD04780,M015,2,13.73,27.46
OI07134,ORD04781,M023,2,7.84,15.68
OI07135,ORD04781,M002,2,6.74,13.48
OI07136,ORD04782,M040,3,15.26,45.78
OI07137,ORD04782,M027,2,16.47,32.94
OI07138,ORD04783,M014,1,5.03,5.03
OI07139,ORD04784,M048,2,5.64,11.28
OI07140,ORD04785,M023,1,7.84,7.84
OI07141,ORD04786,M007,3,15.72,47.16
OI07142,ORD04786,M017,1,16.95,16.95
OI07143,ORD04787,M001,3,6.05,18.15
OI07144,ORD04788,M033,3,9.14,27.42
OI07145,ORD04788,M017,2,16.95,33.9
OI07146,ORD04789,M037,1,11.31,11.31
OI07147,ORD04789,M050,1,8.63,8.63
OI07148,ORD04790,M011,2,11.74,23.48
OI07149,ORD04791,M016,3,6.75,20.25
OI07150,ORD04791,M008,1,11.64,11.64
OI07151,ORD04792,M026,3,23.22,69.66
OI07152,ORD04793,M025,3,5.42,16.26
OI07153,ORD04793,M034,1,17.18,17.18
OI07154,ORD04794,M025,2,5.42,10.84
OI07155,ORD04795,M040,3,15.26,45.78
OI07156,ORD04796,M049,1,20.08,20.08
OI07157,ORD04796,M001,1,6.05,6.05
OI07158,ORD04797,M030,2,20.38,40.76
OI07159,ORD04798,M031,3,11.87,35.61
OI07160,ORD04798,M019,2,11.31,22.62
OI07161,ORD04799,M011,3,11.74,35.22
OI07162,ORD04800,M009,3,22.04,66.12
OI07163,ORD04801,M046,1,18.37,18.37
OI07164,ORD04802,M045,1,14.72,14.72
OI07165,ORD04803,M049,2,20.08,40.16
OI07166,ORD04804,M011,1,11.74,11.74
OI07167,ORD04804,M023,3,7.84,23.52
OI07168,ORD04805,M002,2,6.74,13.48
OI07169,ORD04806,M021,1,23.11,23.11
OI07170,ORD04807,M034,1,17.18,17.18
OI07171,ORD04807,M038,3,12.96,38.88
OI07172,ORD04808,M015,1,13.73,13.73
OI07173,ORD04808,M006,3,5.76,17.28
OI07174,ORD04809,M006,2,5.76,11.52
OI07175,ORD04810,M002,2,6.74,13.48
OI07176,ORD04811,M042,1,17.77,17.77
OI07177,ORD04812,M021,3,23.11,69.33
OI07178,ORD04813,M025,3,5.42,16.26
OI07179,ORD04814,M035,2,15.54,31.08
OI07180,ORD04814,M003,1,13.14,13.14
OI07181,ORD04815,M002,2,6.74,13.48
OI07182,ORD04815,M013,3,9.9,29.7
OI07183,ORD04816,M006,2,5.76,11.52
OI07184,ORD04817,M033,1,9.14,9.14
OI07185,ORD04818,M046,3,18.37,55.11
OI07186,ORD04819,M013,1,9.9,9.9
OI07187,ORD04820,M037,3,11.31,33.93
OI07188,ORD04820,M042,1,17.77,17.77
OI07189,ORD04821,M039,3,20.39,61.17
OI07190,ORD04821,M016,3,6.75,20.25
OI07191,ORD04822,M029,1,21.76,21.76
OI07192,ORD04822,M049,1,20.08,20.08
OI07193,ORD04823,M039,1,20.39,20.39
OI07194,ORD04824,M007,1,15.72,15.72
OI07195,ORD04824,M008,3,11.64,34.92
OI07196,ORD04825,M045,3,14.72,44.16
OI07197,ORD04826,M035,2,15.54,31.08
OI07198,ORD04827,M028,1,10.31,10.31
OI07199,ORD04827,M001,2,6.05,12.1
OI07200,ORD04828,M038,3,12.96,38.88
OI07201,ORD04828,M036,3,21.19,63.57
OI07202,ORD04829,M032,3,21.03,63.09
OI07203,ORD04829,M039,3,20.39,61.17
OI07204,ORD04830,M035,2,15.54,31.08
OI07205,ORD04830,M042,1,17.77,17.77
OI07206,ORD04831,M034,3,17.18,51.54
OI07207,ORD04832,M048,2,5.64,11.28
OI07208,ORD04833,M019,1,11.31,11.31
OI07209,ORD04834,M019,1,11.31,11.31
OI07210,ORD04835,M045,2,14.72,29.44
OI07211,ORD04836,M018,1,6.4,6.4
OI07212,ORD04837,M022,1,6.86,6.86
OI07213,ORD04837,M013,2,9.9,19.8
OI07214,ORD04838,M023,2,7.84,15.68
OI07215,ORD04839,M038,2,12.96,25.92
OI07216,ORD04840,M045,2,14.72,29.44
OI07217,ORD04840,M001,1,6.05,6.05
OI07218,ORD04841,M041,3,18.7,56.1
OI07219,ORD04842,M029,3,21.76,65.28
OI07220,ORD04843,M004,3,7.15,21.45
OI07221,ORD04844,M023,3,7.84,23.52
OI07222,ORD04845,M049,3,20.08,60.24
OI07223,ORD04845,M004,1,7.15,7.15
OI07224,ORD04846,M012,1,11.68,11.68
OI07225,ORD04846,M013,1,9.9,9.9
OI07226,ORD04847,M023,1,7.84,7.84
OI07227,ORD04847,M004,3,7.15,21.45
OI07228,ORD04848,M048,1,5.64,5.64
OI07229,ORD04849,M016,2,6.75,13.5
OI07230,ORD04850,M003,2,13.14,26.28
OI07231,ORD04851,M013,2,9.9,19.8
OI07232,ORD04851,M050,3,8.63,25.89
OI07233,ORD04852,M008,1,11.64,11.64
OI07234,ORD04852,M008,1,11.64,11.64
OI07235,ORD04853,M029,3,21.76,65.28
OI07236,ORD04854,M027,3,16.47,49.41
OI07237,ORD04854,M011,2,11.74,23.48
OI07238,ORD04855,M012,3,11.68,35.04
OI07239,ORD04855,M025,2,5.42,10.84
OI07240,ORD04856,M013,1,9.9,9.9
OI07241,ORD04856,M036,1,21.19,21.19
OI07242,ORD04857,M003,3,13.14,39.42
OI07243,ORD04858,M013,3,9.9,29.7
OI07244,ORD04859,M029,1,21.76,21.76
OI07245,ORD04859,M042,3,17.77,53.31
OI07246,ORD04860,M007,3,15.72,47.16
OI07247,ORD04861,M038,1,12.96,12.96
OI07248,ORD04862,M044,3,22.8,68.4
OI07249,ORD04862,M031,2,11.87,23.74
OI07250,ORD04863,M048,1,5.64,5.64
OI07251,ORD04864,M004,3,7.15,21.45
OI07252,ORD04865,M013,1,9.9,9.9
OI07253,ORD04866,M007,1,15.72,15.72
OI07254,ORD04866,M043,3,18.33,54.99
OI07255,ORD04867,M005,1,23.02,23.02
OI07256,ORD04867,M039,1,20.39,20.39
OI07257,ORD04868,M011,1,11.74,11.74
OI07258,ORD04868,M028,3,10.31,30.93
OI07259,ORD04869,M035,1,15.54,15.54
OI07260,ORD04870,M020,3,13.97,41.91
OI07261,ORD04870,M011,2,11.74,23.48
OI07262,ORD04871,M003,3,13.14,39.42
OI07263,ORD04872,M027,2,16.47,32.94
OI07264,ORD04872,M040,1,15.26,15.26
OI07265,ORD04873,M048,2,5.64,11.28
OI07266,ORD04874,M034,2,17.18,34.36
OI07267,ORD04875,M008,2,11.64,23.28
OI07268,ORD04875,M039,1,20.39,20.39
OI07269,ORD04876,M003,3,13.14,39.42
OI07270,ORD04877,M046,3,18.37,55.11
OI07271,ORD04877,M016,2,6.75,13.5
OI07272,ORD04878,M024,1,20.8,20.8
OI07273,ORD04878,M029,1,21.76,21.76
OI07274,ORD04879,M045,2,14.72,29.44
OI07275,ORD04880,M029,2,21.76,43.52
OI07276,ORD04881,M007,1,15.72,15.72
OI07277,ORD04881,M030,1,20.38,20.38
OI07278,ORD04882,M023,3,7.84,23.52
OI07279,ORD04882,M027,2,16.47,32.94
OI07280,ORD04883,M021,1,23.11,23.11
OI07281,ORD04883,M046,1,18.37,18.37
OI07282,ORD04884,M014,2,5.03,10.06
OI07283,ORD04885,M036,2,21.19,42.38
OI07284,ORD04886,M026,2,23.22,46.44
OI07285,ORD04886,M015,1,13.73,13.73
OI07286,ORD04887,M034,2,17.18,34.36
OI07287,ORD04887,M004,3,7.15,21.45
OI07288,ORD04888,M018,1,6.4,6.4
OI07289,ORD04889,M007,1,15.72,15.72
OI07290,ORD04890,M011,1,11.74,11.74
OI07291,ORD04891,M031,1,11.87,11.87
OI07292,ORD04891,M047,1,12.49,12.49
OI07293,ORD04892,M049,2,20.08,40.16
OI07294,ORD04892,M017,2,16.95,33.9
OI07295,ORD04893,M025,2,5.42,10.84
OI07296,ORD04894,M008,2,11.64,23.28
OI07297,ORD04894,M017,1,16.95,16.95
OI07298,ORD04895,M041,1,18.7,18.7
OI07299,ORD04896,M036,2,21.19,42.38
OI07300,ORD04897,M004,2,7.15,14.3
OI07301,ORD04898,M011,2,11.74,23.48
OI07302,ORD04899,M004,3,7.15,21.45
OI07303,ORD04900,M042,2,17.77,35.54
OI07304,ORD04900,M001,3,6.05,18.15
OI07305,ORD04901,M040,2,15.26,30.52
OI07306,ORD04902,M029,3,21.76,65.28
OI07307,ORD04903,M045,2,14.72,29.44
OI07308,ORD04904,M039,2,20.39,40.78
OI07309,ORD04905,M004,1,7.15,7.15
OI07310,ORD04906,M006,3,5.76,17.28
OI07311,ORD04906,M044,2,22.8,45.6
OI07312,ORD04907,M048,1,5.64,5.64
OI07313,ORD04907,M003,3,13.14,39.42
OI07314,ORD04908,M020,3,13.97,41.91
OI07315,ORD04908,M029,1,21.76,21.76
OI07316,ORD04909,M046,3,18.37,55.11
OI07317,ORD04910,M010,1,8.19,8.19
OI07318,ORD04911,M016,3,6.75,20.25
OI07319,ORD04911,M044,1,22.8,22.8
OI07320,ORD04912,M022,1,6.86,6.86
OI07321,ORD04912,M026,3,23.22,69.66
OI07322,ORD04913,M018,1,6.4,6.4
OI07323,ORD04914,M043,2,18.33,36.66
OI07324,ORD04914,M038,2,12.96,25.92
OI07325,ORD04915,M036,2,21.19,42.38
OI07326,ORD04915,M035,2,15.54,31.08
OI07327,ORD04916,M046,3,18.37,55.11
OI07328,ORD04916,M018,1,6.4,6.4
OI07329,ORD04917,M029,1,21.76,21.76
OI07330,ORD04918,M028,2,10.31,20.62
OI07331,ORD04919,M049,2,20.08,40.16
OI07332,ORD04919,M023,3,7.84,23.52
OI07333,ORD04920,M023,1,7.84,7.84
OI07334,ORD04920,M037,3,11.31,33.93
OI07335,ORD04921,M048,2,5.64,11.28
OI07336,ORD04921,M015,2,13.73,27.46
OI07337,ORD04922,M050,1,8.63,8.63
OI07338,ORD04923,M049,2,20.08,40.16
OI07339,ORD04923,M024,3,20.8,62.4
OI07340,ORD04924,M004,3,7.15,21.45
OI07341,ORD04924,M050,3,8.63,25.89
OI07342,ORD04925,M038,1,12.96,12.96
OI07343,ORD04925,M050,3,8.63,25.89
OI07344,ORD04926,M035,2,15.54,31.08
OI07345,ORD04927,M049,2,20.08,40.16
OI07346,ORD04928,M047,3,12.49,37.47
OI07347,ORD04928,M005,2,23.02,46.04
OI07348,ORD04929,M001,3,6.05,18.15
OI07349,ORD04930,M026,2,23.22,46.44
OI07350,ORD04930,M014,2,5.03,10.06
OI07351,ORD04931,M012,3,11.68,35.04
OI07352,ORD04932,M028,2,10.31,20.62
OI07353,ORD04933,M031,3,11.87,35.61
OI07354,ORD04934,M039,2,20.39,40.78
OI07355,ORD04934,M032,3,21.03,63.09
OI07356,ORD04935,M025,2,5.42,10.84
OI07357,ORD04936,M020,2,13.97,27.94
OI07358,ORD04937,M042,1,17.77,17.77
OI07359,ORD04937,M027,3,16.47,49.41
OI07360,ORD04938,M015,1,13.73,13.73
OI07361,ORD04939,M048,2,5.64,11.28
OI07362,ORD04939,M021,1,23.11,23.11
OI07363,ORD04940,M024,1,20.8,20.8
OI07364,ORD04941,M026,2,23.22,46.44
OI07365,ORD04941,M026,2,23.22,46.44
OI07366,ORD04942,M032,2,21.03,42.06
OI07367,ORD04942,M018,3,6.4,19.2
OI07368,ORD04943,M023,2,7.84,15.68
OI07369,ORD04943,M048,3,5.64,16.92
OI07370,ORD04944,M019,2,11.31,22.62
OI07371,ORD04944,M002,1,6.74,6.74
OI07372,ORD04945,M009,1,22.04,22.04
OI07373,ORD04946,M016,2,6.75,13.5
OI07374,ORD04947,M032,2,21.03,42.06
OI07375,ORD04947,M006,2,5.76,11.52
OI07376,ORD04948,M025,3,5.42,16.26
OI07377,ORD04948,M010,3,8.19,24.57
OI07378,ORD04949,M036,1,21.19,21.19
OI07379,ORD04950,M023,2,7.84,15.68
OI07380,ORD04950,M039,2,20.39,40.78
OI07381,ORD04951,M003,2,13.14,26.28
OI07382,ORD04951,M027,2,16.47,32.94
OI07383,ORD04952,M039,1,20.39,20.39
OI07384,ORD04953,M050,3,8.63,25.89
OI07385,ORD04954,M015,1,13.73,13.73
OI07386,ORD04955,M013,3,9.9,29.7
OI07387,ORD04956,M039,3,20.39,61.17
OI07388,ORD04957,M023,1,7.84,7.84
OI07389,ORD04958,M003,1,13.14,13.14
OI07390,ORD04958,M001,2,6.05,12.1
OI07391,ORD04959,M032,2,21.03,42.06
OI07392,ORD04960,M048,1,5.64,5.64
OI07393,ORD04960,M018,3,6.4,19.2
OI07394,ORD04961,M007,2,15.72,31.44
OI07395,ORD04961,M022,1,6.86,6.86
OI07396,ORD04962,M038,1,12.96,12.96
OI07397,ORD04962,M038,2,12.96,25.92
OI07398,ORD04963,M033,3,9.14,27.42
OI07399,ORD04964,M040,2,15.26,30.52
OI07400,ORD04965,M043,3,18.33,54.99
OI07401,ORD04966,M026,1,23.22,23.22
OI07402,ORD04967,M018,3,6.4,19.2
OI07403,ORD04968,M009,2,22.04,44.08
OI07404,ORD04968,M024,3,20.8,62.4
OI07405,ORD04969,M004,1,7.15,7.15
OI07406,ORD04970,M027,2,16.47,32.94
OI07407,ORD04970,M008,1,11.64,11.64
OI07408,ORD04971,M034,3,17.18,51.54
OI07409,ORD04972,M009,2,22.04,44.08
OI07410,ORD04973,M041,2,18.7,37.4
OI07411,ORD04974,M011,2,11.74,23.48
OI07412,ORD04975,M013,1,9.9,9.9
OI07413,ORD04976,M025,2,5.42,10.84
OI07414,ORD04976,M027,3,16.47,49.41
OI07415,ORD04977,M004,1,7.15,7.15
OI07416,ORD04978,M025,1,5.42,5.42
OI07417,ORD04978,M047,1,12.49,12.49
OI07418,ORD04979,M014,3,5.03,15.09
OI07419,ORD04979,M027,2,16.47,32.94
OI07420,ORD04980,M004,1,7.15,7.15
OI07421,ORD04981,M036,1,21.19,21.19
OI07422,ORD04982,M009,2,22.04,44.08
OI07423,ORD04982,M046,2,18.37,36.74
OI07424,ORD04983,M018,1,6.4,6.4
OI07425,ORD04984,M023,3,7.84,23.52
OI07426,ORD04985,M001,3,6.05,18.15
OI07427,ORD04985,M047,3,12.49,37.47
OI07428,ORD04986,M043,3,18.33,54.99
OI07429,ORD04987,M009,3,22.04,66.12
OI07430,ORD04987,M041,1,18.7,18.7
OI07431,ORD04988,M005,2,23.02,46.04
OI07432,ORD04989,M012,1,11.68,11.68
OI07433,ORD04989,M002,2,6.74,13.48
OI07434,ORD04990,M039,1,20.39,20.39
OI07435,ORD04990,M019,3,11.31,33.93
OI07436,ORD04991,M010,2,8.19,16.38
OI07437,ORD04991,M033,3,9.14,27.42
OI07438,ORD04992,M042,1,17.77,17.77
OI07439,ORD04993,M032,2,21.03,42.06
OI07440,ORD04994,M025,2,5.42,10.84
OI07441,ORD04994,M010,1,8.19,8.19
OI07442,ORD04995,M024,3,20.8,62.4
OI07443,ORD04996,M031,1,11.87,11.87
OI07444,ORD04997,M017,2,16.95,33.9
OI07445,ORD04997,M026,2,23.22,46.44
OI07446,ORD04998,M039,3,20.39,61.17
OI07447,ORD04998,M034,2,17.18,34.36
OI07448,ORD04999,M049,1,20.08,20.08
OI07449,ORD04999,M013,1,9.9,9.9
OI07450,ORD05000,M013,2,9.9,19.8
OI07451,ORD05000,M049,2,20.08,40.16
OI07452,ORD05001,M017,3,16.95,50.85
OI07453,ORD05001,M029,1,21.76,21.76
OI07454,ORD05002,M023,2,7.84,15.68
OI07455,ORD05003,M027,2,16.47,32.94
OI07456,ORD05003,M033,1,9.14,9.14
OI07457,ORD05004,M007,3,15.72,47.16
OI07458,ORD05005,M006,3,5.76,17.28
OI07459,ORD05006,M044,1,22.8,22.8
OI07460,ORD05006,M029,3,21.76,65.28
OI07461,ORD05007,M049,1,20.08,20.08
OI07462,ORD05007,M009,2,22.04,44.08
OI07463,ORD05008,M040,2,15.26,30.52
OI07464,ORD05009,M049,2,20.08,40.16
OI07465,ORD05010,M013,3,9.9,29.7
OI07466,ORD05010,M032,2,21.03,42.06
OI07467,ORD05011,M004,1,7.15,7.15
OI07468,ORD05012,M028,3,10.31,30.93
OI07469,ORD05013,M040,1,15.26,15.26
OI07470,ORD05014,M036,1,21.19,21.19
OI07471,ORD05014,M005,3,23.02,69.06
OI07472,ORD05015,M039,3,20.39,61.17
OI07473,ORD05015,M020,2,13.97,27.94
OI07474,ORD05016,M022,3,6.86,20.58
OI07475,ORD05016,M012,2,11.68,23.36
OI07476,ORD05017,M049,3,20.08,60.24
OI07477,ORD05018,M007,2,15.72,31.44
OI07478,ORD05018,M036,1,21.19,21.19
OI07479,ORD05019,M043,3,18.33,54.99
OI07480,ORD05019,M044,1,22.8,22.8
OI07481,ORD05020,M048,1,5.64,5.64
OI07482,ORD05020,M019,3,11.31,33.93
OI07483,ORD05021,M004,1,7.15,7.15
OI07484,ORD05022,M050,2,8.63,17.26
OI07485,ORD05023,M016,1,6.75,6.75
OI07486,ORD05023,M019,2,11.31,22.62
OI07487,ORD05024,M003,1,13.14,13.14
OI07488,ORD05024,M004,1,7.15,7.15
OI07489,ORD05025,M045,3,14.72,44.16
OI07490,ORD05026,M047,2,12.49,24.98
OI07491,ORD05026,M013,2,9.9,19.8
OI07492,ORD05027,M023,2,7.84,15.68
OI07493,ORD05028,M019,3,11.31,33.93
OI07494,ORD05029,M046,1,18.37,18.37
OI07495,ORD05029,M035,3,15.54,46.62
OI07496,ORD05030,M036,3,21.19,63.57
OI07497,ORD05031,M040,2,15.26,30.52
OI07498,ORD05032,M031,1,11.87,11.87
OI07499,ORD05032,M035,3,15.54,46.62
OI07500,ORD05033,M022,3,6.86,20.58
OI07501,ORD05034,M038,3,12.96,38.88
OI07502,ORD05035,M027,2,16.47,32.94
OI07503,ORD05035,M025,2,5.42,10.84
OI07504,ORD05036,M008,1,11.64,11.64
OI07505,ORD05036,M014,1,5.03,5.03
OI07506,ORD05037,M009,1,22.04,22.04
OI07507,ORD05037,M027,3,16.47,49.41
OI07508,ORD05038,M012,1,11.68,11.68
OI07509,ORD05038,M038,3,12.96,38.88
OI07510,ORD05039,M046,3,18.37,55.11
OI07511,ORD05039,M035,3,15.54,46.62
OI07512,ORD05040,M018,1,6.4,6.4
OI07513,ORD05041,M011,2,11.74,23.48
OI07514,ORD05042,M013,2,9.9,19.8
OI07515,ORD05042,M002,1,6.74,6.74
OI07516,ORD05043,M049,1,20.08,20.08
OI07517,ORD05043,M013,3,9.9,29.7
OI07518,ORD05044,M039,3,20.39,61.17
OI07519,ORD05045,M028,3,10.31,30.93
OI07520,ORD05045,M009,3,22.04,66.12
OI07521,ORD05046,M003,3,13.14,39.42
OI07522,ORD05046,M010,2,8.19,16.38
OI07523,ORD05047,M008,1,11.64,11.64
OI07524,ORD05047,M031,2,11.87,23.74
OI07525,ORD05048,M044,1,22.8,22.8
OI07526,ORD05048,M041,2,18.7,37.4
OI07527,ORD05049,M022,2,6.86,13.72
OI07528,ORD05050,M047,1,12.49,12.49
OI07529,ORD05051,M047,1,12.49,12.49
OI07530,ORD05052,M042,1,17.77,17.77
OI07531,ORD05052,M006,3,5.76,17.28
OI07532,ORD05053,M044,2,22.8,45.6
OI07533,ORD05054,M049,2,20.08,40.16
OI07534,ORD05055,M041,2,18.7,37.4
OI07535,ORD05055,M045,1,14.72,14.72
OI07536,ORD05056,M034,2,17.18,34.36
OI07537,ORD05056,M038,3,12.96,38.88
OI07538,ORD05057,M044,2,22.8,45.6
OI07539,ORD05058,M007,3,15.72,47.16
OI07540,ORD05059,M028,3,10.31,30.93
OI07541,ORD05060,M031,3,11.87,35.61
OI07542,ORD05060,M010,2,8.19,16.38
OI07543,ORD05061,M015,3,13.73,41.19
OI07544,ORD05062,M007,1,15.72,15.72
OI07545,ORD05062,M021,1,23.11,23.11
OI07546,ORD05063,M024,2,20.8,41.6
OI07547,ORD05064,M043,1,18.33,18.33
OI07548,ORD05065,M018,3,6.4,19.2
OI07549,ORD05066,M010,2,8.19,16.38
OI07550,ORD05067,M041,2,18.7,37.4
OI07551,ORD05068,M033,1,9.14,9.14
OI07552,ORD05068,M043,3,18.33,54.99
OI07553,ORD05069,M049,2,20.08,40.16
OI07554,ORD05069,M017,3,16.95,50.85
OI07555,ORD05070,M010,3,8.19,24.57
OI07556,ORD05070,M007,3,15.72,47.16
OI07557,ORD05071,M019,2,11.31,22.62
OI07558,ORD05072,M021,3,23.11,69.33
OI07559,ORD05073,M049,3,20.08,60.24
OI07560,ORD05074,M003,3,13.14,39.42
OI07561,ORD05075,M012,3,11.68,35.04
OI07562,ORD05075,M023,2,7.84,15.68
OI07563,ORD05076,M014,1,5.03,5.03
OI07564,ORD05076,M050,3,8.63,25.89
OI07565,ORD05077,M021,3,23.11,69.33
OI07566,ORD05078,M042,1,17.77,17.77
OI07567,ORD05079,M015,2,13.73,27.46
OI07568,ORD05080,M011,3,11.74,35.22
OI07569,ORD05081,M011,3,11.74,35.22
OI07570,ORD05082,M017,2,16.95,33.9
OI07571,ORD05082,M008,3,11.64,34.92
OI07572,ORD05083,M018,3,6.4,19.2
OI07573,ORD05083,M013,1,9.9,9.9
OI07574,ORD05084,M007,3,15.72,47.16
OI07575,ORD05085,M016,1,6.75,6.75
OI07576,ORD05086,M045,2,14.72,29.44
OI07577,ORD05086,M010,2,8.19,16.38
OI07578,ORD05087,M028,3,10.31,30.93
OI07579,ORD05088,M022,2,6.86,13.72
OI07580,ORD05089,M031,3,11.87,35.61
OI07581,ORD05089,M011,1,11.74,11.74
OI07582,ORD05090,M005,3,23.02,69.06
OI07583,ORD05091,M030,2,20.38,40.76
OI07584,ORD05091,M033,1,9.14,9.14
OI07585,ORD05092,M001,3,6.05,18.15
OI07586,ORD05092,M030,1,20.38,20.38
OI07587,ORD05093,M039,1,20.39,20.39
OI07588,ORD05094,M028,1,10.31,10.31
OI07589,ORD05094,M022,3,6.86,20.58
OI07590,ORD05095,M039,3,20.39,61.17
OI07591,ORD05095,M028,2,10.31,20.62
OI07592,ORD05096,M011,2,11.74,23.48
OI07593,ORD05096,M025,3,5.42,16.26
OI07594,ORD05097,M039,2,20.39,40.78
OI07595,ORD05098,M032,1,21.03,21.03
OI07596,ORD05098,M030,3,20.38,61.14
OI07597,ORD05099,M006,2,5.76,11.52
OI07598,ORD05099,M022,2,6.86,13.72
OI07599,ORD05100,M030,1,20.38,20.38
OI07600,ORD05100,M048,3,5.64,16.92
OI07601,ORD05101,M026,3,23.22,69.66
OI07602,ORD05102,M018,1,6.4,6.4
OI07603,ORD05102,M021,1,23.11,23.11
OI07604,ORD05103,M047,3,12.49,37.47
OI07605,ORD05103,M008,3,11.64,34.92
OI07606,ORD05104,M008,2,11.64,23.28
OI07607,ORD05104,M034,2,17.18,34.36
OI07608,ORD05105,M030,1,20.38,20.38
OI07609,ORD05105,M040,3,15.26,45.78
OI07610,ORD05106,M036,3,21.19,63.57
OI07611,ORD05106,M033,1,9.14,9.14
OI07612,ORD05107,M040,2,15.26,30.52
OI07613,ORD05107,M028,2,10.31,20.62
OI07614,ORD05108,M021,2,23.11,46.22
OI07615,ORD05108,M042,3,17.77,53.31
OI07616,ORD05109,M007,2,15.72,31.44
OI07617,ORD05110,M041,1,18.7,18.7
OI07618,ORD05110,M049,3,20.08,60.24
OI07619,ORD05111,M038,2,12.96,25.92
OI07620,ORD05112,M038,3,12.96,38.88
OI07621,ORD05113,M039,3,20.39,61.17
OI07622,ORD05114,M003,2,13.14,26.28
OI07623,ORD05114,M045,2,14.72,29.44
OI07624,ORD05115,M027,3,16.47,49.41
OI07625,ORD05116,M013,3,9.9,29.7
OI07626,ORD05116,M001,2,6.05,12.1
OI07627,ORD05117,M003,3,13.14,39.42
OI07628,ORD05118,M036,2,21.19,42.38
OI07629,ORD05119,M038,2,12.96,25.92
OI07630,ORD05119,M010,3,8.19,24.57
OI07631,ORD05120,M006,2,5.76,11.52
OI07632,ORD05120,M047,3,12.49,37.47
OI07633,ORD05121,M009,1,22.04,22.04
OI07634,ORD05122,M020,1,13.97,13.97
OI07635,ORD05122,M012,2,11.68,23.36
OI07636,ORD05123,M045,2,14.72,29.44
OI07637,ORD05124,M009,1,22.04,22.04
OI07638,ORD05125,M031,3,11.87,35.61
OI07639,ORD05125,M036,1,21.19,21.19
OI07640,ORD05126,M006,3,5.76,17.28
OI07641,ORD05126,M039,3,20.39,61.17
OI07642,ORD05127,M025,2,5.42,10.84
OI07643,ORD05128,M037,2,11.31,22.62
OI07644,ORD05128,M018,3,6.4,19.2
OI07645,ORD05129,M045,2,14.72,29.44
OI07646,ORD05130,M031,1,11.87,11.87
OI07647,ORD05130,M047,2,12.49,24.98
OI07648,ORD05131,M027,3,16.47,49.41
OI07649,ORD05132,M043,3,18.33,54.99
OI07650,ORD05132,M035,2,15.54,31.08
OI07651,ORD05133,M017,1,16.95,16.95
OI07652,ORD05133,M032,2,21.03,42.06
OI07653,ORD05134,M028,3,10.31,30.93
OI07654,ORD05134,M031,1,11.87,11.87
OI07655,ORD05135,M041,2,18.7,37.4
OI07656,ORD05136,M025,3,5.42,16.26
OI07657,ORD05136,M023,3,7.84,23.52
OI07658,ORD05137,M028,3,10.31,30.93
OI07659,ORD05138,M026,2,23.22,46.44
OI07660,ORD05139,M049,1,20.08,20.08
OI07661,ORD05139,M050,3,8.63,25.89
OI07662,ORD05140,M006,2,5.76,11.52
OI07663,ORD05141,M011,3,11.74,35.22
OI07664,ORD05141,M022,3,6.86,20.58
OI07665,ORD05142,M027,2,16.47,32.94
OI07666,ORD05142,M021,3,23.11,69.33
OI07667,ORD05143,M050,3,8.63,25.89
OI07668,ORD05144,M005,2,23.02,46.04
OI07669,ORD05144,M008,1,11.64,11.64
OI07670,ORD05145,M018,2,6.4,12.8
OI07671,ORD05146,M007,3,15.72,47.16
OI07672,ORD05147,M015,1,13.73,13.73
OI07673,ORD05147,M042,1,17.77,17.77
OI07674,ORD05148,M046,3,18.37,55.11
OI07675,ORD05149,M031,3,11.87,35.61
OI07676,ORD05149,M025,3,5.42,16.26
OI07677,ORD05150,M033,3,9.14,27.42
OI07678,ORD05151,M047,2,12.49,24.98
OI07679,ORD05151,M009,2,22.04,44.08
OI07680,ORD05152,M017,3,16.95,50.85
OI07681,ORD05153,M002,3,6.74,20.22
OI07682,ORD05154,M031,3,11.87,35.61
OI07683,ORD05155,M030,2,20.38,40.76
OI07684,ORD05156,M020,3,13.97,41.91
OI07685,ORD05156,M038,3,12.96,38.88
OI07686,ORD05157,M003,2,13.14,26.28
OI07687,ORD05158,M012,2,11.68,23.36
OI07688,ORD05159,M008,3,11.64,34.92
OI07689,ORD05160,M010,2,8.19,16.38
OI07690,ORD05161,M043,2,18.33,36.66
OI07691,ORD05161,M006,3,5.76,17.28
OI07692,ORD05162,M030,2,20.38,40.76
OI07693,ORD05162,M044,1,22.8,22.8
OI07694,ORD05163,M028,1,10.31,10.31
OI07695,ORD05164,M043,1,18.33,18.33
OI07696,ORD05165,M044,3,22.8,68.4
OI07697,ORD05166,M040,1,15.26,15.26
OI07698,ORD05166,M023,3,7.84,23.52
OI07699,ORD05167,M009,3,22.04,66.12
OI07700,ORD05168,M025,2,5.42,10.84
OI07701,ORD05169,M035,2,15.54,31.08
OI07702,ORD05169,M036,1,21.19,21.19
OI07703,ORD05170,M032,1,21.03,21.03
OI07704,ORD05170,M041,1,18.7,18.7
OI07705,ORD05171,M006,1,5.76,5.76
OI07706,ORD05171,M020,2,13.97,27.94
OI07707,ORD05172,M050,2,8.63,17.26
OI07708,ORD05172,M001,1,6.05,6.05
OI07709,ORD05173,M017,1,16.95,16.95
OI07710,ORD05174,M017,1,16.95,16.95
OI07711,ORD05175,M012,2,11.68,23.36
OI07712,ORD05176,M023,1,7.84,7.84
OI07713,ORD05176,M028,3,10.31,30.93
OI07714,ORD05177,M023,3,7.84,23.52
OI07715,ORD05177,M015,1,13.73,13.73
OI07716,ORD05178,M045,2,14.72,29.44
OI07717,ORD05178,M043,3,18.33,54.99
OI07718,ORD05179,M042,3,17.77,53.31
OI07719,ORD05180,M039,1,20.39,20.39
OI07720,ORD05181,M018,3,6.4,19.2
OI07721,ORD05181,M050,2,8.63,17.26
OI07722,ORD05182,M018,1,6.4,6.4
OI07723,ORD05183,M018,2,6.4,12.8
OI07724,ORD05183,M044,1,22.8,22.8
OI07725,ORD05184,M018,2,6.4,12.8
OI07726,ORD05185,M031,1,11.87,11.87
OI07727,ORD05185,M003,1,13.14,13.14
OI07728,ORD05186,M029,2,21.76,43.52
OI07729,ORD05187,M017,1,16.95,16.95
OI07730,ORD05187,M004,3,7.15,21.45
OI07731,ORD05188,M032,1,21.03,21.03
OI07732,ORD05189,M025,1,5.42,5.42
OI07733,ORD05190,M046,3,18.37,55.11
OI07734,ORD05190,M021,1,23.11,23.11
OI07735,ORD05191,M013,2,9.9,19.8
OI07736,ORD05191,M033,2,9.14,18.28
OI07737,ORD05192,M020,1,13.97,13.97
OI07738,ORD05192,M040,2,15.26,30.52
OI07739,ORD05193,M004,1,7.15,7.15
OI07740,ORD05194,M040,3,15.26,45.78
OI07741,ORD05194,M043,2,18.33,36.66
OI07742,ORD05195,M013,1,9.9,9.9
OI07743,ORD05196,M032,2,21.03,42.06
OI07744,ORD05197,M034,2,17.18,34.36
OI07745,ORD05197,M013,1,9.9,9.9
OI07746,ORD05198,M016,2,6.75,13.5
OI07747,ORD05198,M022,1,6.86,6.86
OI07748,ORD05199,M024,1,20.8,20.8
OI07749,ORD05200,M005,1,23.02,23.02
OI07750,ORD05201,M037,2,11.31,22.62
OI07751,ORD05201,M029,3,21.76,65.28
OI07752,ORD05202,M005,3,23.02,69.06
OI07753,ORD05202,M026,1,23.22,23.22
OI07754,ORD05203,M039,2,20.39,40.78
OI07755,ORD05204,M050,1,8.63,8.63
OI07756,ORD05205,M023,3,7.84,23.52
OI07757,ORD05206,M034,3,17.18,51.54
OI07758,ORD05207,M002,3,6.74,20.22
OI07759,ORD05208,M021,3,23.11,69.33
OI07760,ORD05209,M022,3,6.86,20.58
OI07761,ORD05209,M019,1,11.31,11.31
OI07762,ORD05210,M005,1,23.02,23.02
OI07763,ORD05211,M022,1,6.86,6.86
OI07764,ORD05211,M009,3,22.04,66.12
OI07765,ORD05212,M030,2,20.38,40.76
OI07766,ORD05213,M038,3,12.96,38.88
OI07767,ORD05214,M026,3,23.22,69.66
OI07768,ORD05215,M041,3,18.7,56.1
OI07769,ORD05215,M028,1,10.31,10.31
OI07770,ORD05216,M040,3,15.26,45.78
OI07771,ORD05217,M047,3,12.49,37.47
OI07772,ORD05217,M009,1,22.04,22.04
OI07773,ORD05218,M019,2,11.31,22.62
OI07774,ORD05219,M007,2,15.72,31.44
OI07775,ORD05220,M014,3,5.03,15.09
OI07776,ORD05221,M046,3,18.37,55.11
OI07777,ORD05222,M045,1,14.72,14.72
OI07778,ORD05223,M026,1,23.22,23.22
OI07779,ORD05223,M017,1,16.95,16.95
OI07780,ORD05224,M005,1,23.02,23.02
OI07781,ORD05224,M020,2,13.97,27.94
OI07782,ORD05225,M020,1,13.97,13.97
OI07783,ORD05225,M005,2,23.02,46.04
OI07784,ORD05226,M003,3,13.14,39.42
OI07785,ORD05227,M013,1,9.9,9.9
OI07786,ORD05228,M032,1,21.03,21.03
OI07787,ORD05229,M034,2,17.18,34.36
OI07788,ORD05229,M033,2,9.14,18.28
OI07789,ORD05230,M045,2,14.72,29.44
OI07790,ORD05231,M033,1,9.14,9.14
OI07791,ORD05231,M045,2,14.72,29.44
OI07792,ORD05232,M048,2,5.64,11.28
OI07793,ORD05232,M029,1,21.76,21.76
OI07794,ORD05233,M001,1,6.05,6.05
OI07795,ORD05233,M044,1,22.8,22.8
OI07796,ORD05234,M030,2,20.38,40.76
OI07797,ORD05234,M010,3,8.19,24.57
OI07798,ORD05235,M045,2,14.72,29.44
OI07799,ORD05236,M006,3,5.76,17.28
OI07800,ORD05236,M020,3,13.97,41.91
OI07801,ORD05237,M019,2,11.31,22.62
OI07802,ORD05237,M005,3,23.02,69.06
OI07803,ORD05238,M038,2,12.96,25.92
OI07804,ORD05238,M046,3,18.37,55.11
OI07805,ORD05239,M012,3,11.68,35.04
OI07806,ORD05239,M048,1,5.64,5.64
OI07807,ORD05240,M022,1,6.86,6.86
OI07808,ORD05241,M004,3,7.15,21.45
OI07809,ORD05242,M021,2,23.11,46.22
OI07810,ORD05243,M007,3,15.72,47.16
OI07811,ORD05243,M033,3,9.14,27.42
OI07812,ORD05244,M028,2,10.31,20.62
OI07813,ORD05245,M002,3,6.74,20.22
OI07814,ORD05245,M002,1,6.74,6.74
OI07815,ORD05246,M002,3,6.74,20.22
OI07816,ORD05247,M034,2,17.18,34.36
OI07817,ORD05248,M050,1,8.63,8.63
OI07818,ORD05248,M024,2,20.8,41.6
OI07819,ORD05249,M034,1,17.18,17.18
OI07820,ORD05250,M027,2,16.47,32.94
OI07821,ORD05250,M049,2,20.08,40.16
OI07822,ORD05251,M023,1,7.84,7.84
OI07823,ORD05252,M002,1,6.74,6.74
OI07824,ORD05253,M007,1,15.72,15.72
OI07825,ORD05253,M005,3,23.02,69.06
OI07826,ORD05254,M041,2,18.7,37.4
OI07827,ORD05254,M006,1,5.76,5.76
OI07828,ORD05255,M031,3,11.87,35.61
OI07829,ORD05255,M037,2,11.31,22.62
OI07830,ORD05256,M008,1,11.64,11.64
OI07831,ORD05257,M020,2,13.97,27.94
OI07832,ORD05257,M041,3,18.7,56.1
OI07833,ORD05258,M038,2,12.96,25.92
OI07834,ORD05258,M018,1,6.4,6.4
OI07835,ORD05259,M007,1,15.72,15.72
OI07836,ORD05259,M003,2,13.14,26.28
OI07837,ORD05260,M008,2,11.64,23.28
OI07838,ORD05261,M037,3,11.31,33.93
OI07839,ORD05262,M020,3,13.97,41.91
OI07840,ORD05263,M020,3,13.97,41.91
OI07841,ORD05264,M050,3,8.63,25.89
OI07842,ORD05265,M018,2,6.4,12.8
OI07843,ORD05265,M018,2,6.4,12.8
OI07844,ORD05266,M050,1,8.63,8.63
OI07845,ORD05267,M034,1,17.18,17.18
OI07846,ORD05268,M008,3,11.64,34.92
OI07847,ORD05269,M004,2,7.15,14.3
OI07848,ORD05269,M017,2,16.95,33.9
OI07849,ORD05270,M005,3,23.02,69.06
OI07850,ORD05270,M018,1,6.4,6.4
OI07851,ORD05271,M046,3,18.37,55.11
OI07852,ORD05272,M014,1,5.03,5.03
OI07853,ORD05273,M009,2,22.04,44.08
OI07854,ORD05274,M018,2,6.4,12.8
OI07855,ORD05275,M007,3,15.72,47.16
OI07856,ORD05275,M042,1,17.77,17.77
OI07857,ORD05276,M029,2,21.76,43.52
OI07858,ORD05277,M040,1,15.26,15.26
OI07859,ORD05278,M049,2,20.08,40.16
OI07860,ORD05279,M040,3,15.26,45.78
OI07861,ORD05279,M010,2,8.19,16.38
OI07862,ORD05280,M030,2,20.38,40.76
OI07863,ORD05280,M046,3,18.37,55.11
OI07864,ORD05281,M027,1,16.47,16.47
OI07865,ORD05281,M014,1,5.03,5.03
OI07866,ORD05282,M040,2,15.26,30.52
OI07867,ORD05283,M007,3,15.72,47.16
OI07868,ORD05284,M017,3,16.95,50.85
OI07869,ORD05284,M030,1,20.38,20.38
OI07870,ORD05285,M045,3,14.72,44.16
OI07871,ORD05285,M019,1,11.31,11.31
OI07872,ORD05286,M025,1,5.42,5.42
OI07873,ORD05286,M032,3,21.03,63.09
OI07874,ORD05287,M041,3,18.7,56.1
OI07875,ORD05288,M010,3,8.19,24.57
OI07876,ORD05289,M040,3,15.26,45.78
OI07877,ORD05289,M025,3,5.42,16.26
OI07878,ORD05290,M027,3,16.47,49.41
OI07879,ORD05291,M021,3,23.11,69.33
OI07880,ORD05291,M028,2,10.31,20.62
OI07881,ORD05292,M050,2,8.63,17.26
OI07882,ORD05293,M004,2,7.15,14.3
OI07883,ORD05293,M021,3,23.11,69.33
OI07884,ORD05294,M045,1,14.72,14.72
OI07885,ORD05294,M046,2,18.37,36.74
OI07886,ORD05295,M004,2,7.15,14.3
OI07887,ORD05296,M023,3,7.84,23.52
OI07888,ORD05297,M050,1,8.63,8.63
OI07889,ORD05298,M043,1,18.33,18.33
OI07890,ORD05298,M009,3,22.04,66.12
OI07891,ORD05299,M045,2,14.72,29.44
OI07892,ORD05300,M034,3,17.18,51.54
OI07893,ORD05300,M013,1,9.9,9.9
OI07894,ORD05301,M042,1,17.77,17.77
OI07895,ORD05301,M020,2,13.97,27.94
OI07896,ORD05302,M036,1,21.19,21.19
OI07897,ORD05303,M021,1,23.11,23.11
OI07898,ORD05304,M002,3,6.74,20.22
OI07899,ORD05305,M037,3,11.31,33.93
OI07900,ORD05305,M002,3,6.74,20.22
OI07901,ORD05306,M038,3,12.96,38.88
OI07902,ORD05306,M003,2,13.14,26.28
OI07903,ORD05307,M004,3,7.15,21.45
OI07904,ORD05308,M045,2,14.72,29.44
OI07905,ORD05309,M025,2,5.42,10.84
OI07906,ORD05310,M007,1,15.72,15.72
OI07907,ORD05311,M004,1,7.15,7.15
OI07908,ORD05312,M032,2,21.03,42.06
OI07909,ORD05313,M040,3,15.26,45.78
OI07910,ORD05313,M022,3,6.86,20.58
OI07911,ORD05314,M048,2,5.64,11.28
OI07912,ORD05314,M029,2,21.76,43.52
OI07913,ORD05315,M038,2,12.96,25.92
OI07914,ORD05315,M015,2,13.73,27.46
OI07915,ORD05316,M008,3,11.64,34.92
OI07916,ORD05316,M047,2,12.49,24.98
OI07917,ORD05317,M042,3,17.77,53.31
OI07918,ORD05317,M041,2,18.7,37.4
OI07919,ORD05318,M042,3,17.77,53.31
OI07920,ORD05319,M034,1,17.18,17.18
OI07921,ORD05319,M005,1,23.02,23.02
OI07922,ORD05320,M038,2,12.96,25.92
OI07923,ORD05321,M003,2,13.14,26.28
OI07924,ORD05322,M027,1,16.47,16.47
OI07925,ORD05323,M002,1,6.74,6.74
OI07926,ORD05323,M050,1,8.63,8.63
OI07927,ORD05324,M032,3,21.03,63.09
OI07928,ORD05325,M045,2,14.72,29.44
OI07929,ORD05326,M046,1,18.37,18.37
OI07930,ORD05326,M039,3,20.39,61.17
OI07931,ORD05327,M016,1,6.75,6.75
OI07932,ORD05327,M050,3,8.63,25.89
OI07933,ORD05328,M048,2,5.64,11.28
OI07934,ORD05329,M020,2,13.97,27.94
OI07935,ORD05329,M048,1,5.64,5.64
OI07936,ORD05330,M046,3,18.37,55.11
OI07937,ORD05330,M050,2,8.63,17.26
OI07938,ORD05331,M011,2,11.74,23.48
OI07939,ORD05331,M017,3,16.95,50.85
OI07940,ORD05332,M007,2,15.72,31.44
OI07941,ORD05333,M034,1,17.18,17.18
OI07942,ORD05333,M010,1,8.19,8.19
OI07943,ORD05334,M040,3,15.26,45.78
OI07944,ORD05335,M049,3,20.08,60.24
OI07945,ORD05335,M018,1,6.4,6.4
OI07946,ORD05336,M018,2,6.4,12.8
OI07947,ORD05336,M039,1,20.39,20.39
OI07948,ORD05337,M047,2,12.49,24.98
OI07949,ORD05338,M035,2,15.54,31.08
OI07950,ORD05339,M043,2,18.33,36.66
OI07951,ORD05340,M041,3,18.7,56.1
OI07952,ORD05340,M050,3,8.63,25.89
OI07953,ORD05341,M018,1,6.4,6.4
OI07954,ORD05342,M012,2,11.68,23.36
OI07955,ORD05343,M041,1,18.7,18.7
OI07956,ORD05344,M031,1,11.87,11.87
OI07957,ORD05344,M008,2,11.64,23.28
OI07958,ORD05345,M006,1,5.76,5.76
OI07959,ORD05345,M040,1,15.26,15.26
OI07960,ORD05346,M030,2,20.38,40.76
OI07961,ORD05347,M025,1,5.42,5.42
OI07962,ORD05347,M034,1,17.18,17.18
OI07963,ORD05348,M025,2,5.42,10.84
OI07964,ORD05348,M043,1,18.33,18.33
OI07965,ORD05349,M028,1,10.31,10.31
OI07966,ORD05349,M003,3,13.14,39.42
OI07967,ORD05350,M026,2,23.22,46.44
OI07968,ORD05350,M013,1,9.9,9.9
OI07969,ORD05351,M025,3,5.42,16.26
OI07970,ORD05351,M030,3,20.38,61.14
OI07971,ORD05352,M040,3,15.26,45.78
OI07972,ORD05353,M047,2,12.49,24.98
OI07973,ORD05353,M002,3,6.74,20.22
OI07974,ORD05354,M011,2,11.74,23.48
OI07975,ORD05355,M041,2,18.7,37.4
OI07976,ORD05356,M013,3,9.9,29.7
OI07977,ORD05357,M034,3,17.18,51.54
OI07978,ORD05358,M002,3,6.74,20.22
OI07979,ORD05359,M008,2,11.64,23.28
OI07980,ORD05359,M043,1,18.33,18.33
OI07981,ORD05360,M031,2,11.87,23.74
OI07982,ORD05360,M008,2,11.64,23.28
OI07983,ORD05361,M028,3,10.31,30.93
OI07984,ORD05361,M003,3,13.14,39.42
OI07985,ORD05362,M015,2,13.73,27.46
OI07986,ORD05363,M044,1,22.8,22.8
OI07987,ORD05363,M036,1,21.19,21.19
OI07988,ORD05364,M031,2,11.87,23.74
OI07989,ORD05364,M008,2,11.64,23.28
OI07990,ORD05365,M015,3,13.73,41.19
OI07991,ORD05366,M048,1,5.64,5.64
OI07992,ORD05366,M011,1,11.74,11.74
OI07993,ORD05367,M010,1,8.19,8.19
OI07994,ORD05368,M020,1,13.97,13.97
OI07995,ORD05368,M032,1,21.03,21.03
OI07996,ORD05369,M025,3,5.42,16.26
OI07997,ORD05369,M006,2,5.76,11.52
OI07998,ORD05370,M029,1,21.76,21.76
OI07999,ORD05371,M028,1,10.31,10.31
OI08000,ORD05372,M028,3,10.31,30.93
OI08001,ORD05372,M006,3,5.76,17.28
OI08002,ORD05373,M018,1,6.4,6.4
OI08003,ORD05374,M028,2,10.31,20.62
OI08004,ORD05375,M044,1,22.8,22.8
OI08005,ORD05376,M050,1,8.63,8.63
OI08006,ORD05376,M021,1,23.11,23.11
OI08007,ORD05377,M041,3,18.7,56.1
OI08008,ORD05377,M022,3,6.86,20.58
OI08009,ORD05378,M025,2,5.42,10.84
OI08010,ORD05378,M016,1,6.75,6.75
OI08011,ORD05379,M036,2,21.19,42.38
OI08012,ORD05379,M036,2,21.19,42.38
OI08013,ORD05380,M006,2,5.76,11.52
OI08014,ORD05380,M017,1,16.95,16.95
OI08015,ORD05381,M023,3,7.84,23.52
OI08016,ORD05382,M045,1,14.72,14.72
OI08017,ORD05383,M020,3,13.97,41.91
OI08018,ORD05383,M045,1,14.72,14.72
OI08019,ORD05384,M037,2,11.31,22.62
OI08020,ORD05385,M045,1,14.72,14.72
OI08021,ORD05385,M006,1,5.76,5.76
OI08022,ORD05386,M012,3,11.68,35.04
OI08023,ORD05387,M030,3,20.38,61.14
OI08024,ORD05388,M005,1,23.02,23.02
OI08025,ORD05388,M016,3,6.75,20.25
OI08026,ORD05389,M002,1,6.74,6.74
OI08027,ORD05389,M017,1,16.95,16.95
OI08028,ORD05390,M003,3,13.14,39.42
OI08029,ORD05391,M037,1,11.31,11.31
OI08030,ORD05391,M036,2,21.19,42.38
OI08031,ORD05392,M020,2,13.97,27.94
OI08032,ORD05392,M006,1,5.76,5.76
OI08033,ORD05393,M049,3,20.08,60.24
OI08034,ORD05393,M005,1,23.02,23.02
OI08035,ORD05394,M012,1,11.68,11.68
OI08036,ORD05394,M042,2,17.77,35.54
OI08037,ORD05395,M017,2,16.95,33.9
OI08038,ORD05395,M015,2,13.73,27.46
OI08039,ORD05396,M032,3,21.03,63.09
OI08040,ORD05396,M014,2,5.03,10.06
OI08041,ORD05397,M038,1,12.96,12.96
OI08042,ORD05397,M037,1,11.31,11.31
OI08043,ORD05398,M024,3,20.8,62.4
OI08044,ORD05399,M038,3,12.96,38.88
OI08045,ORD05399,M004,3,7.15,21.45
OI08046,ORD05400,M011,1,11.74,11.74
OI08047,ORD05400,M022,1,6.86,6.86
OI08048,ORD05401,M039,3,20.39,61.17
OI08049,ORD05401,M027,1,16.47,16.47
OI08050,ORD05402,M019,3,11.31,33.93
OI08051,ORD05403,M028,3,10.31,30.93
OI08052,ORD05403,M036,1,21.19,21.19
OI08053,ORD05404,M035,1,15.54,15.54
OI08054,ORD05404,M047,2,12.49,24.98
OI08055,ORD05405,M023,3,7.84,23.52
OI08056,ORD05405,M047,3,12.49,37.47
OI08057,ORD05406,M026,2,23.22,46.44
OI08058,ORD05407,M032,3,21.03,63.09
OI08059,ORD05408,M016,3,6.75,20.25
OI08060,ORD05409,M044,2,22.8,45.6
OI08061,ORD05410,M003,1,13.14,13.14
OI08062,ORD05411,M030,1,20.38,20.38
OI08063,ORD05411,M050,1,8.63,8.63
OI08064,ORD05412,M035,3,15.54,46.62
OI08065,ORD05413,M038,3,12.96,38.88
OI08066,ORD05413,M019,2,11.31,22.62
OI08067,ORD05414,M030,2,20.38,40.76
OI08068,ORD05415,M017,2,16.95,33.9
OI08069,ORD05416,M033,2,9.14,18.28
OI08070,ORD05417,M029,1,21.76,21.76
OI08071,ORD05417,M008,3,11.64,34.92
OI08072,ORD05418,M007,2,15.72,31.44
OI08073,ORD05418,M034,2,17.18,34.36
OI08074,ORD05419,M039,3,20.39,61.17
OI08075,ORD05419,M007,3,15.72,47.16
OI08076,ORD05420,M032,1,21.03,21.03
OI08077,ORD05420,M039,3,20.39,61.17
OI08078,ORD05421,M017,1,16.95,16.95
OI08079,ORD05421,M011,3,11.74,35.22
OI08080,ORD05422,M021,2,23.11,46.22
OI08081,ORD05422,M029,2,21.76,43.52
OI08082,ORD05423,M041,2,18.7,37.4
OI08083,ORD05423,M007,3,15.72,47.16
OI08084,ORD05424,M029,1,21.76,21.76
OI08085,ORD05425,M046,3,18.37,55.11
OI08086,ORD05425,M031,1,11.87,11.87
OI08087,ORD05426,M021,3,23.11,69.33
OI08088,ORD05426,M036,3,21.19,63.57
OI08089,ORD05427,M030,2,20.38,40.76
OI08090,ORD05428,M050,1,8.63,8.63
OI08091,ORD05429,M019,1,11.31,11.31
OI08092,ORD05429,M011,1,11.74,11.74
OI08093,ORD05430,M005,1,23.02,23.02
OI08094,ORD05431,M046,3,18.37,55.11
OI08095,ORD05431,M020,3,13.97,41.91
OI08096,ORD05432,M042,1,17.77,17.77
OI08097,ORD05432,M018,1,6.4,6.4
OI08098,ORD05433,M050,3,8.63,25.89
OI08099,ORD05434,M037,2,11.31,22.62
OI08100,ORD05435,M002,3,6.74,20.22
OI08101,ORD05436,M032,2,21.03,42.06
OI08102,ORD05437,M001,3,6.05,18.15
OI08103,ORD05437,M009,3,22.04,66.12
OI08104,ORD05438,M007,3,15.72,47.16
OI08105,ORD05439,M038,1,12.96,12.96
OI08106,ORD05439,M026,2,23.22,46.44
OI08107,ORD05440,M032,1,21.03,21.03
OI08108,ORD05440,M016,2,6.75,13.5
OI08109,ORD05441,M031,2,11.87,23.74
OI08110,ORD05442,M045,3,14.72,44.16
OI08111,ORD05442,M046,3,18.37,55.11
OI08112,ORD05443,M023,3,7.84,23.52
OI08113,ORD05443,M014,2,5.03,10.06
OI08114,ORD05444,M029,2,21.76,43.52
OI08115,ORD05445,M037,2,11.31,22.62
OI08116,ORD05445,M014,2,5.03,10.06
OI08117,ORD05446,M004,1,7.15,7.15
OI08118,ORD05446,M016,2,6.75,13.5
OI08119,ORD05447,M041,2,18.7,37.4
OI08120,ORD05447,M042,3,17.77,53.31
OI08121,ORD05448,M037,2,11.31,22.62
OI08122,ORD05449,M045,1,14.72,14.72
OI08123,ORD05450,M013,3,9.9,29.7
OI08124,ORD05451,M031,1,11.87,11.87
OI08125,ORD05452,M045,1,14.72,14.72
OI08126,ORD05452,M004,2,7.15,14.3
OI08127,ORD05453,M011,2,11.74,23.48
OI08128,ORD05454,M015,1,13.73,13.73
OI08129,ORD05455,M017,1,16.95,16.95
OI08130,ORD05455,M010,1,8.19,8.19
OI08131,ORD05456,M010,1,8.19,8.19
OI08132,ORD05456,M036,3,21.19,63.57
OI08133,ORD05457,M005,3,23.02,69.06
OI08134,ORD05458,M030,1,20.38,20.38
OI08135,ORD05459,M007,2,15.72,31.44
OI08136,ORD05460,M032,2,21.03,42.06
OI08137,ORD05460,M038,2,12.96,25.92
OI08138,ORD05461,M041,2,18.7,37.4
OI08139,ORD05461,M043,1,18.33,18.33
OI08140,ORD05462,M011,3,11.74,35.22
OI08141,ORD05462,M030,2,20.38,40.76
OI08142,ORD05463,M001,3,6.05,18.15
OI08143,ORD05463,M018,2,6.4,12.8
OI08144,ORD05464,M036,3,21.19,63.57
OI08145,ORD05464,M028,2,10.31,20.62
OI08146,ORD05465,M027,1,16.47,16.47
OI08147,ORD05466,M015,3,13.73,41.19
OI08148,ORD05467,M037,2,11.31,22.62
OI08149,ORD05468,M022,3,6.86,20.58
OI08150,ORD05468,M040,2,15.26,30.52
OI08151,ORD05469,M020,2,13.97,27.94
OI08152,ORD05470,M022,1,6.86,6.86
OI08153,ORD05470,M043,1,18.33,18.33
OI08154,ORD05471,M028,3,10.31,30.93
OI08155,ORD05472,M039,1,20.39,20.39
OI08156,ORD05472,M007,2,15.72,31.44
OI08157,ORD05473,M031,1,11.87,11.87
OI08158,ORD05474,M039,1,20.39,20.39
OI08159,ORD05475,M013,3,9.9,29.7
OI08160,ORD05476,M044,3,22.8,68.4
OI08161,ORD05476,M037,1,11.31,11.31
OI08162,ORD05477,M006,3,5.76,17.28
OI08163,ORD05477,M002,2,6.74,13.48
OI08164,ORD05478,M044,1,22.8,22.8
OI08165,ORD05478,M038,2,12.96,25.92
OI08166,ORD05479,M047,3,12.49,37.47
OI08167,ORD05479,M017,3,16.95,50.85
OI08168,ORD05480,M016,1,6.75,6.75
OI08169,ORD05481,M036,2,21.19,42.38
OI08170,ORD05482,M039,2,20.39,40.78
OI08171,ORD05483,M020,2,13.97,27.94
OI08172,ORD05483,M004,3,7.15,21.45
OI08173,ORD05484,M024,2,20.8,41.6
OI08174,ORD05484,M027,2,16.47,32.94
OI08175,ORD05485,M039,1,20.39,20.39
OI08176,ORD05485,M015,1,13.73,13.73
OI08177,ORD05486,M044,2,22.8,45.6
OI08178,ORD05486,M026,3,23.22,69.66
OI08179,ORD05487,M024,3,20.8,62.4
OI08180,ORD05488,M038,3,12.96,38.88
OI08181,ORD05488,M050,1,8.63,8.63
OI08182,ORD05489,M038,3,12.96,38.88
OI08183,ORD05489,M042,3,17.77,53.31
OI08184,ORD05490,M022,2,6.86,13.72
OI08185,ORD05491,M034,1,17.18,17.18
OI08186,ORD05492,M019,2,11.31,22.62
OI08187,ORD05493,M036,2,21.19,42.38
OI08188,ORD05493,M020,2,13.97,27.94
OI08189,ORD05494,M044,2,22.8,45.6
OI08190,ORD05495,M006,2,5.76,11.52
OI08191,ORD05495,M016,2,6.75,13.5
OI08192,ORD05496,M015,2,13.73,27.46
OI08193,ORD05496,M007,1,15.72,15.72
OI08194,ORD05497,M045,3,14.72,44.16
OI08195,ORD05497,M018,2,6.4,12.8
OI08196,ORD05498,M035,1,15.54,15.54
OI08197,ORD05499,M043,3,18.33,54.99
OI08198,ORD05499,M017,2,16.95,33.9
OI08199,ORD05500,M047,2,12.49,24.98
OI08200,ORD05500,M040,3,15.26,45.78
OI08201,ORD05501,M031,1,11.87,11.87
OI08202,ORD05501,M022,2,6.86,13.72
OI08203,ORD05502,M046,1,18.37,18.37
OI08204,ORD05502,M045,1,14.72,14.72
OI08205,ORD05503,M041,3,18.7,56.1
OI08206,ORD05504,M036,1,21.19,21.19
OI08207,ORD05504,M032,3,21.03,63.09
OI08208,ORD05505,M014,3,5.03,15.09
OI08209,ORD05505,M021,3,23.11,69.33
OI08210,ORD05506,M023,2,7.84,15.68
OI08211,ORD05506,M035,1,15.54,15.54
OI08212,ORD05507,M003,2,13.14,26.28
OI08213,ORD05507,M050,3,8.63,25.89
OI08214,ORD05508,M042,1,17.77,17.77
OI08215,ORD05508,M019,2,11.31,22.62
OI08216,ORD05509,M011,1,11.74,11.74
OI08217,ORD05509,M019,1,11.31,11.31
OI08218,ORD05510,M041,1,18.7,18.7
OI08219,ORD05510,M049,1,20.08,20.08
OI08220,ORD05511,M020,3,13.97,41.91
OI08221,ORD05512,M024,2,20.8,41.6
OI08222,ORD05513,M016,3,6.75,20.25
OI08223,ORD05514,M010,3,8.19,24.57
OI08224,ORD05515,M003,2,13.14,26.28
OI08225,ORD05516,M011,2,11.74,23.48
OI08226,ORD05517,M023,2,7.84,15.68
OI08227,ORD05517,M006,2,5.76,11.52
OI08228,ORD05518,M003,2,13.14,26.28
OI08229,ORD05519,M001,2,6.05,12.1
OI08230,ORD05519,M040,1,15.26,15.26
OI08231,ORD05520,M040,2,15.26,30.52
OI08232,ORD05520,M046,1,18.37,18.37
OI08233,ORD05521,M002,1,6.74,6.74
OI08234,ORD05521,M036,2,21.19,42.38
OI08235,ORD05522,M019,1,11.31,11.31
OI08236,ORD05523,M005,3,23.02,69.06
OI08237,ORD05524,M001,1,6.05,6.05
OI08238,ORD05524,M035,3,15.54,46.62
OI08239,ORD05525,M007,2,15.72,31.44
OI08240,ORD05525,M014,2,5.03,10.06
OI08241,ORD05526,M044,1,22.8,22.8
OI08242,ORD05527,M011,3,11.74,35.22
OI08243,ORD05527,M032,3,21.03,63.09
OI08244,ORD05528,M041,2,18.7,37.4
OI08245,ORD05529,M035,1,15.54,15.54
OI08246,ORD05529,M036,1,21.19,21.19
OI08247,ORD05530,M045,1,14.72,14.72
OI08248,ORD05531,M023,2,7.84,15.68
OI08249,ORD05531,M013,1,9.9,9.9
OI08250,ORD05532,M004,3,7.15,21.45
OI08251,ORD05532,M049,1,20.08,20.08
OI08252,ORD05533,M008,3,11.64,34.92
OI08253,ORD05534,M016,3,6.75,20.25
OI08254,ORD05534,M019,3,11.31,33.93
OI08255,ORD05535,M032,2,21.03,42.06
OI08256,ORD05535,M041,2,18.7,37.4
OI08257,ORD05536,M046,2,18.37,36.74
OI08258,ORD05537,M016,3,6.75,20.25
OI08259,ORD05537,M030,3,20.38,61.14
OI08260,ORD05538,M014,2,5.03,10.06
OI08261,ORD05538,M019,3,11.31,33.93
OI08262,ORD05539,M010,2,8.19,16.38
OI08263,ORD05540,M049,3,20.08,60.24
OI08264,ORD05541,M030,3,20.38,61.14
OI08265,ORD05542,M030,3,20.38,61.14
OI08266,ORD05543,M020,2,13.97,27.94
OI08267,ORD05543,M001,2,6.05,12.1
OI08268,ORD05544,M030,3,20.38,61.14
OI08269,ORD05544,M018,3,6.4,19.2
OI08270,ORD05545,M041,2,18.7,37.4
OI08271,ORD05545,M012,2,11.68,23.36
OI08272,ORD05546,M005,1,23.02,23.02
OI08273,ORD05546,M013,3,9.9,29.7
OI08274,ORD05547,M032,2,21.03,42.06
OI08275,ORD05547,M023,3,7.84,23.52
OI08276,ORD05548,M001,2,6.05,12.1
OI08277,ORD05548,M009,1,22.04,22.04
OI08278,ORD05549,M041,2,18.7,37.4
OI08279,ORD05549,M049,3,20.08,60.24
OI08280,ORD05550,M044,2,22.8,45.6
OI08281,ORD05551,M008,1,11.64,11.64
OI08282,ORD05552,M009,2,22.04,44.08
OI08283,ORD05553,M045,3,14.72,44.16
OI08284,ORD05553,M033,3,9.14,27.42
OI08285,ORD05554,M007,3,15.72,47.16
OI08286,ORD05555,M038,1,12.96,12.96
OI08287,ORD05556,M050,1,8.63,8.63
OI08288,ORD05556,M048,3,5.64,16.92
OI08289,ORD05557,M050,3,8.63,25.89
OI08290,ORD05558,M010,2,8.19,16.38
OI08291,ORD05558,M024,3,20.8,62.4
OI08292,ORD05559,M031,3,11.87,35.61
OI08293,ORD05559,M045,2,14.72,29.44
OI08294,ORD05560,M023,1,7.84,7.84
OI08295,ORD05561,M037,1,11.31,11.31
OI08296,ORD05562,M025,2,5.42,10.84
OI08297,ORD05563,M026,3,23.22,69.66
OI08298,ORD05564,M025,1,5.42,5.42
OI08299,ORD05565,M019,3,11.31,33.93
OI08300,ORD05566,M010,1,8.19,8.19
OI08301,ORD05566,M025,2,5.42,10.84
OI08302,ORD05567,M038,2,12.96,25.92
OI08303,ORD05567,M045,3,14.72,44.16
OI08304,ORD05568,M024,1,20.8,20.8
OI08305,ORD05568,M033,2,9.14,18.28
OI08306,ORD05569,M029,1,21.76,21.76
OI08307,ORD05569,M019,3,11.31,33.93
OI08308,ORD05570,M007,2,15.72,31.44
OI08309,ORD05570,M029,2,21.76,43.52
OI08310,ORD05571,M018,1,6.4,6.4
OI08311,ORD05572,M047,2,12.49,24.98
OI08312,ORD05572,M001,2,6.05,12.1
OI08313,ORD05573,M042,1,17.77,17.77
OI08314,ORD05574,M008,1,11.64,11.64
OI08315,ORD05575,M019,1,11.31,11.31
OI08316,ORD05575,M017,3,16.95,50.85
OI08317,ORD05576,M042,1,17.77,17.77
OI08318,ORD05577,M024,3,20.8,62.4
OI08319,ORD05578,M014,1,5.03,5.03
OI08320,ORD05578,M017,3,16.95,50.85
OI08321,ORD05579,M033,1,9.14,9.14
OI08322,ORD05580,M014,2,5.03,10.06
OI08323,ORD05580,M007,2,15.72,31.44
OI08324,ORD05581,M049,3,20.08,60.24
OI08325,ORD05582,M003,2,13.14,26.28
OI08326,ORD05583,M028,3,10.31,30.93
OI08327,ORD05583,M006,2,5.76,11.52
OI08328,ORD05584,M040,3,15.26,45.78
OI08329,ORD05585,M036,2,21.19,42.38
OI08330,ORD05586,M015,1,13.73,13.73
OI08331,ORD05587,M044,3,22.8,68.4
OI08332,ORD05588,M005,2,23.02,46.04
OI08333,ORD05589,M040,2,15.26,30.52
OI08334,ORD05590,M046,3,18.37,55.11
OI08335,ORD05591,M036,2,21.19,42.38
OI08336,ORD05591,M023,1,7.84,7.84
OI08337,ORD05592,M031,2,11.87,23.74
OI08338,ORD05592,M013,3,9.9,29.7
OI08339,ORD05593,M017,1,16.95,16.95
OI08340,ORD05594,M040,3,15.26,45.78
OI08341,ORD05595,M041,3,18.7,56.1
OI08342,ORD05596,M014,1,5.03,5.03
OI08343,ORD05596,M043,1,18.33,18.33
OI08344,ORD05597,M014,2,5.03,10.06
OI08345,ORD05597,M041,1,18.7,18.7
OI08346,ORD05598,M045,1,14.72,14.72
OI08347,ORD05598,M033,3,9.14,27.42
OI08348,ORD05599,M042,2,17.77,35.54
OI08349,ORD05599,M003,3,13.14,39.42
OI08350,ORD05600,M049,2,20.08,40.16
OI08351,ORD05600,M002,3,6.74,20.22
OI08352,ORD05601,M002,2,6.74,13.48
OI08353,ORD05601,M035,1,15.54,15.54
OI08354,ORD05602,M004,3,7.15,21.45
OI08355,ORD05602,M047,3,12.49,37.47
OI08356,ORD05603,M027,3,16.47,49.41
OI08357,ORD05603,M035,2,15.54,31.08
OI08358,ORD05604,M045,3,14.72,44.16
OI08359,ORD05604,M041,2,18.7,37.4
OI08360,ORD05605,M014,1,5.03,5.03
OI08361,ORD05606,M009,3,22.04,66.12
OI08362,ORD05607,M045,3,14.72,44.16
OI08363,ORD05608,M022,1,6.86,6.86
OI08364,ORD05608,M011,3,11.74,35.22
OI08365,ORD05609,M035,2,15.54,31.08
OI08366,ORD05610,M004,3,7.15,21.45
OI08367,ORD05611,M035,3,15.54,46.62
OI08368,ORD05612,M037,1,11.31,11.31
OI08369,ORD05612,M005,2,23.02,46.04
OI08370,ORD05613,M034,1,17.18,17.18
OI08371,ORD05613,M007,2,15.72,31.44
OI08372,ORD05614,M031,3,11.87,35.61
OI08373,ORD05615,M041,3,18.7,56.1
OI08374,ORD05615,M013,2,9.9,19.8
OI08375,ORD05616,M038,1,12.96,12.96
OI08376,ORD05617,M003,3,13.14,39.42
OI08377,ORD05618,M022,2,6.86,13.72
OI08378,ORD05618,M007,1,15.72,15.72
OI08379,ORD05619,M021,3,23.11,69.33
OI08380,ORD05619,M013,3,9.9,29.7
OI08381,ORD05620,M002,2,6.74,13.48
OI08382,ORD05621,M017,3,16.95,50.85
OI08383,ORD05622,M031,1,11.87,11.87
OI08384,ORD05622,M038,3,12.96,38.88
OI08385,ORD05623,M021,2,23.11,46.22
OI08386,ORD05624,M013,2,9.9,19.8
OI08387,ORD05625,M037,3,11.31,33.93
OI08388,ORD05625,M020,2,13.97,27.94
OI08389,ORD05626,M012,2,11.68,23.36
OI08390,ORD05626,M025,2,5.42,10.84
OI08391,ORD05627,M023,1,7.84,7.84
OI08392,ORD05627,M019,3,11.31,33.93
OI08393,ORD05628,M030,1,20.38,20.38
OI08394,ORD05628,M026,3,23.22,69.66
OI08395,ORD05629,M046,1,18.37,18.37
OI08396,ORD05629,M017,1,16.95,16.95
OI08397,ORD05630,M039,3,20.39,61.17
OI08398,ORD05630,M013,3,9.9,29.7
OI08399,ORD05631,M030,1,20.38,20.38
OI08400,ORD05632,M047,3,12.49,37.47
OI08401,ORD05633,M047,1,12.49,12.49
OI08402,ORD05633,M042,2,17.77,35.54
OI08403,ORD05634,M042,1,17.77,17.77
OI08404,ORD05634,M032,1,21.03,21.03
OI08405,ORD05635,M004,1,7.15,7.15
OI08406,ORD05635,M048,1,5.64,5.64
OI08407,ORD05636,M006,2,5.76,11.52
OI08408,ORD05637,M017,3,16.95,50.85
OI08409,ORD05638,M047,1,12.49,12.49
OI08410,ORD05639,M042,2,17.77,35.54
OI08411,ORD05640,M003,3,13.14,39.42
OI08412,ORD05640,M035,3,15.54,46.62
OI08413,ORD05641,M014,2,5.03,10.06
OI08414,ORD05641,M025,3,5.42,16.26
OI08415,ORD05642,M004,3,7.15,21.45
OI08416,ORD05643,M028,3,10.31,30.93
OI08417,ORD05643,M013,3,9.9,29.7
OI08418,ORD05644,M042,3,17.77,53.31
OI08419,ORD05644,M010,3,8.19,24.57
OI08420,ORD05645,M049,2,20.08,40.16
OI08421,ORD05645,M008,3,11.64,34.92
OI08422,ORD05646,M013,2,9.9,19.8
OI08423,ORD05647,M028,2,10.31,20.62
OI08424,ORD05647,M020,1,13.97,13.97
OI08425,ORD05648,M021,3,23.11,69.33
OI08426,ORD05649,M044,2,22.8,45.6
OI08427,ORD05649,M003,1,13.14,13.14
OI08428,ORD05650,M047,3,12.49,37.47
OI08429,ORD05651,M027,2,16.47,32.94
OI08430,ORD05652,M022,2,6.86,13.72
OI08431,ORD05653,M003,2,13.14,26.28
OI08432,ORD05654,M024,1,20.8,20.8
OI08433,ORD05654,M030,1,20.38,20.38
OI08434,ORD05655,M012,1,11.68,11.68
OI08435,ORD05655,M042,2,17.77,35.54
OI08436,ORD05656,M009,2,22.04,44.08
OI08437,ORD05656,M034,2,17.18,34.36
OI08438,ORD05657,M043,1,18.33,18.33
OI08439,ORD05658,M037,3,11.31,33.93
OI08440,ORD05659,M006,1,5.76,5.76
OI08441,ORD05660,M028,1,10.31,10.31
OI08442,ORD05661,M046,2,18.37,36.74
OI08443,ORD05662,M033,1,9.14,9.14
OI08444,ORD05662,M036,1,21.19,21.19
OI08445,ORD05663,M017,1,16.95,16.95
OI08446,ORD05664,M001,2,6.05,12.1
OI08447,ORD05665,M037,3,11.31,33.93
OI08448,ORD05666,M015,1,13.73,13.73
OI08449,ORD05666,M022,2,6.86,13.72
OI08450,ORD05667,M002,3,6.74,20.22
OI08451,ORD05667,M024,2,20.8,41.6
OI08452,ORD05668,M028,1,10.31,10.31
OI08453,ORD05668,M015,3,13.73,41.19
OI08454,ORD05669,M006,1,5.76,5.76
OI08455,ORD05669,M017,2,16.95,33.9
OI08456,ORD05670,M027,1,16.47,16.47
OI08457,ORD05671,M032,3,21.03,63.09
OI08458,ORD05671,M040,2,15.26,30.52
OI08459,ORD05672,M030,2,20.38,40.76
OI08460,ORD05673,M040,3,15.26,45.78
OI08461,ORD05674,M006,1,5.76,5.76
OI08462,ORD05674,M048,3,5.64,16.92
OI08463,ORD05675,M021,3,23.11,69.33
OI08464,ORD05675,M015,2,13.73,27.46
OI08465,ORD05676,M028,3,10.31,30.93
OI08466,ORD05676,M026,3,23.22,69.66
OI08467,ORD05677,M008,1,11.64,11.64
OI08468,ORD05678,M036,3,21.19,63.57
OI08469,ORD05679,M004,1,7.15,7.15
OI08470,ORD05679,M044,1,22.8,22.8
OI08471,ORD05680,M003,1,13.14,13.14
OI08472,ORD05680,M032,2,21.03,42.06
OI08473,ORD05681,M018,2,6.4,12.8
OI08474,ORD05681,M016,3,6.75,20.25
OI08475,ORD05682,M024,1,20.8,20.8
OI08476,ORD05682,M045,1,14.72,14.72
OI08477,ORD05683,M022,2,6.86,13.72
OI08478,ORD05683,M024,3,20.8,62.4
OI08479,ORD05684,M035,3,15.54,46.62
OI08480,ORD05685,M010,3,8.19,24.57
OI08481,ORD05686,M047,2,12.49,24.98
OI08482,ORD05686,M011,1,11.74,11.74
OI08483,ORD05687,M006,2,5.76,11.52
OI08484,ORD05688,M037,1,11.31,11.31
OI08485,ORD05689,M047,2,12.49,24.98
OI08486,ORD05689,M027,3,16.47,49.41
OI08487,ORD05690,M014,1,5.03,5.03
OI08488,ORD05691,M004,2,7.15,14.3
OI08489,ORD05692,M008,1,11.64,11.64
OI08490,ORD05693,M035,3,15.54,46.62
OI08491,ORD05694,M050,1,8.63,8.63
OI08492,ORD05695,M017,2,16.95,33.9
OI08493,ORD05695,M036,2,21.19,42.38
OI08494,ORD05696,M031,2,11.87,23.74
OI08495,ORD05697,M021,2,23.11,46.22
OI08496,ORD05697,M050,2,8.63,17.26
OI08497,ORD05698,M002,2,6.74,13.48
OI08498,ORD05698,M020,1,13.97,13.97
OI08499,ORD05699,M014,1,5.03,5.03
OI08500,ORD05699,M012,1,11.68,11.68
OI08501,ORD05700,M048,1,5.64,5.64
OI08502,ORD05700,M042,2,17.77,35.54
OI08503,ORD05701,M035,3,15.54,46.62
OI08504,ORD05702,M050,2,8.63,17.26
OI08505,ORD05703,M006,3,5.76,17.28
OI08506,ORD05703,M030,1,20.38,20.38
OI08507,ORD05704,M031,2,11.87,23.74
OI08508,ORD05704,M030,3,20.38,61.14
OI08509,ORD05705,M015,2,13.73,27.46
OI08510,ORD05706,M010,3,8.19,24.57
OI08511,ORD05707,M047,1,12.49,12.49
OI08512,ORD05707,M028,1,10.31,10.31
OI08513,ORD05708,M009,3,22.04,66.12
OI08514,ORD05709,M015,2,13.73,27.46
OI08515,ORD05710,M032,2,21.03,42.06
OI08516,ORD05710,M032,1,21.03,21.03
OI08517,ORD05711,M027,2,16.47,32.94
OI08518,ORD05712,M038,1,12.96,12.96
OI08519,ORD05712,M018,3,6.4,19.2
OI08520,ORD05713,M049,2,20.08,40.16
OI08521,ORD05714,M043,2,18.33,36.66
OI08522,ORD05715,M028,3,10.31,30.93
OI08523,ORD05715,M012,3,11.68,35.04
OI08524,ORD05716,M039,1,20.39,20.39
OI08525,ORD05717,M044,3,22.8,68.4
OI08526,ORD05718,M010,3,8.19,24.57
OI08527,ORD05718,M035,2,15.54,31.08
OI08528,ORD05719,M046,2,18.37,36.74
OI08529,ORD05720,M004,1,7.15,7.15
OI08530,ORD05720,M005,1,23.02,23.02
OI08531,ORD05721,M043,1,18.33,18.33
OI08532,ORD05722,M044,3,22.8,68.4
OI08533,ORD05722,M038,1,12.96,12.96
OI08534,ORD05723,M024,3,20.8,62.4
OI08535,ORD05723,M033,2,9.14,18.28
OI08536,ORD05724,M042,3,17.77,53.31
OI08537,ORD05725,M048,1,5.64,5.64
OI08538,ORD05725,M021,3,23.11,69.33
OI08539,ORD05726,M031,2,11.87,23.74
OI08540,ORD05727,M026,2,23.22,46.44
OI08541,ORD05728,M015,2,13.73,27.46
OI08542,ORD05729,M018,1,6.4,6.4
OI08543,ORD05730,M008,1,11.64,11.64
OI08544,ORD05731,M024,1,20.8,20.8
OI08545,ORD05731,M039,1,20.39,20.39
OI08546,ORD05732,M043,2,18.33,36.66
OI08547,ORD05733,M006,3,5.76,17.28
OI08548,ORD05734,M033,3,9.14,27.42
OI08549,ORD05734,M028,1,10.31,10.31
OI08550,ORD05735,M045,1,14.72,14.72
OI08551,ORD05736,M012,2,11.68,23.36
OI08552,ORD05737,M046,1,18.37,18.37
OI08553,ORD05737,M026,1,23.22,23.22
OI08554,ORD05738,M047,1,12.49,12.49
OI08555,ORD05738,M017,3,16.95,50.85
OI08556,ORD05739,M033,3,9.14,27.42
OI08557,ORD05740,M030,1,20.38,20.38
OI08558,ORD05741,M009,3,22.04,66.12
OI08559,ORD05742,M028,2,10.31,20.62
OI08560,ORD05743,M035,1,15.54,15.54
OI08561,ORD05744,M037,2,11.31,22.62
OI08562,ORD05744,M040,1,15.26,15.26
OI08563,ORD05745,M049,1,20.08,20.08
OI08564,ORD05745,M006,3,5.76,17.28
OI08565,ORD05746,M045,2,14.72,29.44
OI08566,ORD05747,M018,2,6.4,12.8
OI08567,ORD05748,M010,3,8.19,24.57
OI08568,ORD05749,M031,1,11.87,11.87
OI08569,ORD05749,M044,3,22.8,68.4
OI08570,ORD05750,M039,1,20.39,20.39
OI08571,ORD05750,M048,3,5.64,16.92
OI08572,ORD05751,M018,1,6.4,6.4
OI08573,ORD05751,M001,3,6.05,18.15
OI08574,ORD05752,M022,2,6.86,13.72
OI08575,ORD05752,M002,1,6.74,6.74
OI08576,ORD05753,M048,2,5.64,11.28
OI08577,ORD05753,M008,2,11.64,23.28
OI08578,ORD05754,M040,1,15.26,15.26
OI08579,ORD05754,M028,3,10.31,30.93
OI08580,ORD05755,M010,3,8.19,24.57
OI08581,ORD05756,M003,1,13.14,13.14
OI08582,ORD05756,M050,3,8.63,25.89
OI08583,ORD05757,M044,1,22.8,22.8
OI08584,ORD05758,M043,3,18.33,54.99
OI08585,ORD05758,M008,1,11.64,11.64
OI08586,ORD05759,M002,2,6.74,13.48
OI08587,ORD05759,M014,3,5.03,15.09
OI08588,ORD05760,M030,3,20.38,61.14
OI08589,ORD05760,M024,3,20.8,62.4
OI08590,ORD05761,M006,2,5.76,11.52
OI08591,ORD05761,M027,2,16.47,32.94
OI08592,ORD05762,M026,2,23.22,46.44
OI08593,ORD05762,M050,2,8.63,17.26
OI08594,ORD05763,M006,2,5.76,11.52
OI08595,ORD05763,M043,3,18.33,54.99
OI08596,ORD05764,M043,3,18.33,54.99
OI08597,ORD05764,M037,2,11.31,22.62
OI08598,ORD05765,M045,3,14.72,44.16
OI08599,ORD05766,M049,2,20.08,40.16
OI08600,ORD05766,M006,2,5.76,11.52
OI08601,ORD05767,M004,2,7.15,14.3
OI08602,ORD05767,M010,1,8.19,8.19
OI08603,ORD05768,M024,2,20.8,41.6
OI08604,ORD05769,M038,1,12.96,12.96
OI08605,ORD05770,M006,1,5.76,5.76
OI08606,ORD05770,M005,2,23.02,46.04
OI08607,ORD05771,M031,2,11.87,23.74
OI08608,ORD05772,M006,3,5.76,17.28
OI08609,ORD05772,M043,3,18.33,54.99
OI08610,ORD05773,M038,1,12.96,12.96
OI08611,ORD05774,M026,3,23.22,69.66
OI08612,ORD05774,M019,2,11.31,22.62
OI08613,ORD05775,M018,2,6.4,12.8
OI08614,ORD05776,M030,3,20.38,61.14
OI08615,ORD05777,M043,2,18.33,36.66
OI08616,ORD05777,M007,2,15.72,31.44
OI08617,ORD05778,M041,1,18.7,18.7
OI08618,ORD05779,M010,3,8.19,24.57
OI08619,ORD05779,M015,2,13.73,27.46
OI08620,ORD05780,M001,2,6.05,12.1
OI08621,ORD05780,M017,3,16.95,50.85
OI08622,ORD05781,M015,2,13.73,27.46
OI08623,ORD05782,M041,2,18.7,37.4
OI08624,ORD05782,M045,1,14.72,14.72
OI08625,ORD05783,M014,1,5.03,5.03
OI08626,ORD05783,M009,3,22.04,66.12
OI08627,ORD05784,M016,3,6.75,20.25
OI08628,ORD05784,M022,3,6.86,20.58
OI08629,ORD05785,M045,1,14.72,14.72
OI08630,ORD05786,M044,3,22.8,68.4
OI08631,ORD05787,M043,2,18.33,36.66
OI08632,ORD05787,M002,1,6.74,6.74
OI08633,ORD05788,M029,2,21.76,43.52
OI08634,ORD05788,M046,2,18.37,36.74
OI08635,ORD05789,M011,3,11.74,35.22
OI08636,ORD05789,M012,2,11.68,23.36
OI08637,ORD05790,M005,3,23.02,69.06
OI08638,ORD05791,M019,1,11.31,11.31
OI08639,ORD05791,M001,1,6.05,6.05
OI08640,ORD05792,M037,3,11.31,33.93
OI08641,ORD05793,M049,1,20.08,20.08
OI08642,ORD05794,M007,3,15.72,47.16
OI08643,ORD05795,M013,3,9.9,29.7
OI08644,ORD05795,M032,1,21.03,21.03
OI08645,ORD05796,M048,3,5.64,16.92
OI08646,ORD05797,M036,3,21.19,63.57
OI08647,ORD05797,M021,1,23.11,23.11
OI08648,ORD05798,M001,1,6.05,6.05
OI08649,ORD05798,M033,1,9.14,9.14
OI08650,ORD05799,M041,1,18.7,18.7
OI08651,ORD05799,M012,2,11.68,23.36
OI08652,ORD05800,M006,3,5.76,17.28
OI08653,ORD05801,M020,3,13.97,41.91
OI08654,ORD05801,M031,1,11.87,11.87
OI08655,ORD05802,M038,1,12.96,12.96
OI08656,ORD05802,M008,2,11.64,23.28
OI08657,ORD05803,M016,2,6.75,13.5
OI08658,ORD05803,M015,1,13.73,13.73
OI08659,ORD05804,M019,3,11.31,33.93
OI08660,ORD05805,M033,2,9.14,18.28
OI08661,ORD05806,M032,1,21.03,21.03
OI08662,ORD05807,M014,3,5.03,15.09
OI08663,ORD05808,M012,1,11.68,11.68
OI08664,ORD05809,M002,1,6.74,6.74
OI08665,ORD05809,M028,2,10.31,20.62
OI08666,ORD05810,M016,3,6.75,20.25
OI08667,ORD05811,M020,3,13.97,41.91
OI08668,ORD05811,M041,1,18.7,18.7
OI08669,ORD05812,M025,3,5.42,16.26
OI08670,ORD05813,M030,1,20.38,20.38
OI08671,ORD05813,M010,2,8.19,16.38
OI08672,ORD05814,M032,2,21.03,42.06
OI08673,ORD05815,M001,1,6.05,6.05
OI08674,ORD05815,M021,2,23.11,46.22
OI08675,ORD05816,M036,3,21.19,63.57
OI08676,ORD05816,M021,2,23.11,46.22
OI08677,ORD05817,M029,3,21.76,65.28
OI08678,ORD05817,M021,2,23.11,46.22
OI08679,ORD05818,M035,3,15.54,46.62
OI08680,ORD05818,M017,3,16.95,50.85
OI08681,ORD05819,M044,2,22.8,45.6
OI08682,ORD05820,M024,1,20.8,20.8
OI08683,ORD05821,M022,2,6.86,13.72
OI08684,ORD05822,M025,2,5.42,10.84
OI08685,ORD05823,M011,1,11.74,11.74
OI08686,ORD05823,M016,3,6.75,20.25
OI08687,ORD05824,M002,2,6.74,13.48
OI08688,ORD05825,M046,2,18.37,36.74
OI08689,ORD05825,M010,3,8.19,24.57
OI08690,ORD05826,M032,1,21.03,21.03
OI08691,ORD05826,M018,2,6.4,12.8
OI08692,ORD05827,M014,2,5.03,10.06
OI08693,ORD05828,M019,1,11.31,11.31
OI08694,ORD05828,M016,2,6.75,13.5
OI08695,ORD05829,M004,3,7.15,21.45
OI08696,ORD05829,M021,1,23.11,23.11
OI08697,ORD05830,M011,3,11.74,35.22
OI08698,ORD05831,M040,2,15.26,30.52
OI08699,ORD05831,M022,3,6.86,20.58
OI08700,ORD05832,M044,1,22.8,22.8
OI08701,ORD05832,M009,2,22.04,44.08
OI08702,ORD05833,M005,3,23.02,69.06
OI08703,ORD05834,M021,1,23.11,23.11
OI08704,ORD05834,M023,3,7.84,23.52
OI08705,ORD05835,M024,1,20.8,20.8
OI08706,ORD05835,M003,3,13.14,39.42
OI08707,ORD05836,M041,1,18.7,18.7
OI08708,ORD05836,M041,2,18.7,37.4
OI08709,ORD05837,M050,3,8.63,25.89
OI08710,ORD05837,M008,1,11.64,11.64
OI08711,ORD05838,M032,3,21.03,63.09
OI08712,ORD05838,M032,1,21.03,21.03
OI08713,ORD05839,M050,3,8.63,25.89
OI08714,ORD05839,M017,2,16.95,33.9
OI08715,ORD05840,M047,3,12.49,37.47
OI08716,ORD05840,M009,1,22.04,22.04
OI08717,ORD05841,M030,2,20.38,40.76
OI08718,ORD05841,M050,3,8.63,25.89
OI08719,ORD05842,M022,3,6.86,20.58
OI08720,ORD05842,M005,3,23.02,69.06
OI08721,ORD05843,M017,2,16.95,33.9
OI08722,ORD05844,M015,3,13.73,41.19
OI08723,ORD05844,M015,1,13.73,13.73
OI08724,ORD05845,M031,1,11.87,11.87
OI08725,ORD05846,M032,1,21.03,21.03
OI08726,ORD05847,M025,3,5.42,16.26
OI08727,ORD05847,M026,3,23.22,69.66
OI08728,ORD05848,M034,2,17.18,34.36
OI08729,ORD05849,M010,1,8.19,8.19
OI08730,ORD05849,M020,3,13.97,41.91
OI08731,ORD05850,M040,2,15.26,30.52
OI08732,ORD05851,M030,1,20.38,20.38
OI08733,ORD05851,M026,3,23.22,69.66
OI08734,ORD05852,M002,3,6.74,20.22
OI08735,ORD05853,M029,3,21.76,65.28
OI08736,ORD05853,M036,1,21.19,21.19
OI08737,ORD05854,M022,1,6.86,6.86
OI08738,ORD05855,M020,1,13.97,13.97
OI08739,ORD05855,M007,2,15.72,31.44
OI08740,ORD05856,M046,3,18.37,55.11
OI08741,ORD05857,M017,2,16.95,33.9
OI08742,ORD05857,M010,2,8.19,16.38
OI08743,ORD05858,M022,1,6.86,6.86
OI08744,ORD05858,M027,1,16.47,16.47
OI08745,ORD05859,M028,2,10.31,20.62
OI08746,ORD05860,M049,3,20.08,60.24
OI08747,ORD05861,M040,2,15.26,30.52
OI08748,ORD05861,M002,1,6.74,6.74
OI08749,ORD05862,M050,3,8.63,25.89
OI08750,ORD05862,M013,3,9.9,29.7
OI08751,ORD05863,M011,3,11.74,35.22
OI08752,ORD05863,M013,2,9.9,19.8
OI08753,ORD05864,M002,3,6.74,20.22
OI08754,ORD05864,M038,3,12.96,38.88
OI08755,ORD05865,M009,1,22.04,22.04
OI08756,ORD05865,M036,3,21.19,63.57
OI08757,ORD05866,M022,2,6.86,13.72
OI08758,ORD05867,M008,1,11.64,11.64
OI08759,ORD05868,M019,3,11.31,33.93
OI08760,ORD05868,M040,1,15.26,15.26
OI08761,ORD05869,M036,3,21.19,63.57
OI08762,ORD05870,M006,2,5.76,11.52
OI08763,ORD05870,M041,3,18.7,56.1
OI08764,ORD05871,M049,2,20.08,40.16
OI08765,ORD05871,M011,3,11.74,35.22
OI08766,ORD05872,M017,1,16.95,16.95
OI08767,ORD05872,M036,2,21.19,42.38
OI08768,ORD05873,M033,1,9.14,9.14
OI08769,ORD05873,M029,2,21.76,43.52
OI08770,ORD05874,M040,2,15.26,30.52
OI08771,ORD05874,M006,3,5.76,17.28
OI08772,ORD05875,M046,3,18.37,55.11
OI08773,ORD05876,M017,3,16.95,50.85
OI08774,ORD05876,M034,3,17.18,51.54
OI08775,ORD05877,M009,2,22.04,44.08
OI08776,ORD05878,M015,3,13.73,41.19
OI08777,ORD05878,M030,1,20.38,20.38
OI08778,ORD05879,M019,3,11.31,33.93
OI08779,ORD05879,M002,2,6.74,13.48
OI08780,ORD05880,M035,3,15.54,46.62
OI08781,ORD05881,M040,2,15.26,30.52
OI08782,ORD05882,M001,2,6.05,12.1
OI08783,ORD05883,M008,1,11.64,11.64
OI08784,ORD05884,M011,1,11.74,11.74
OI08785,ORD05885,M004,1,7.15,7.15
OI08786,ORD05885,M002,3,6.74,20.22
OI08787,ORD05886,M017,3,16.95,50.85
OI08788,ORD05886,M007,2,15.72,31.44
OI08789,ORD05887,M047,2,12.49,24.98
OI08790,ORD05887,M020,2,13.97,27.94
OI08791,ORD05888,M038,2,12.96,25.92
OI08792,ORD05889,M039,3,20.39,61.17
OI08793,ORD05889,M046,3,18.37,55.11
OI08794,ORD05890,M011,1,11.74,11.74
OI08795,ORD05891,M019,3,11.31,33.93
OI08796,ORD05892,M018,3,6.4,19.2
OI08797,ORD05893,M035,1,15.54,15.54
OI08798,ORD05894,M012,2,11.68,23.36
OI08799,ORD05895,M047,1,12.49,12.49
OI08800,ORD05896,M034,2,17.18,34.36
OI08801,ORD05897,M043,1,18.33,18.33
OI08802,ORD05897,M024,1,20.8,20.8
OI08803,ORD05898,M001,2,6.05,12.1
OI08804,ORD05898,M042,2,17.77,35.54
OI08805,ORD05899,M013,2,9.9,19.8
OI08806,ORD05900,M038,3,12.96,38.88
OI08807,ORD05900,M008,1,11.64,11.64
OI08808,ORD05901,M014,3,5.03,15.09
OI08809,ORD05902,M005,1,23.02,23.02
OI08810,ORD05902,M002,2,6.74,13.48
OI08811,ORD05903,M040,3,15.26,45.78
OI08812,ORD05904,M050,3,8.63,25.89
OI08813,ORD05905,M023,1,7.84,7.84
OI08814,ORD05906,M041,3,18.7,56.1
OI08815,ORD05907,M031,2,11.87,23.74
OI08816,ORD05907,M048,3,5.64,16.92
OI08817,ORD05908,M018,2,6.4,12.8
OI08818,ORD05908,M035,3,15.54,46.62
OI08819,ORD05909,M033,2,9.14,18.28
OI08820,ORD05909,M019,3,11.31,33.93
OI08821,ORD05910,M034,2,17.18,34.36
OI08822,ORD05910,M012,3,11.68,35.04
OI08823,ORD05911,M005,3,23.02,69.06
OI08824,ORD05911,M036,2,21.19,42.38
OI08825,ORD05912,M021,1,23.11,23.11
OI08826,ORD05913,M033,2,9.14,18.28
OI08827,ORD05913,M029,2,21.76,43.52
OI08828,ORD05914,M023,3,7.84,23.52
OI08829,ORD05915,M012,1,11.68,11.68
OI08830,ORD05916,M006,1,5.76,5.76
OI08831,ORD05917,M035,1,15.54,15.54
OI08832,ORD05917,M042,1,17.77,17.77
OI08833,ORD05918,M038,1,12.96,12.96
OI08834,ORD05918,M015,3,13.73,41.19
OI08835,ORD05919,M045,1,14.72,14.72
OI08836,ORD05919,M025,3,5.42,16.26
OI08837,ORD05920,M024,1,20.8,20.8
OI08838,ORD05921,M023,2,7.84,15.68
OI08839,ORD05922,M018,1,6.4,6.4
OI08840,ORD05923,M039,3,20.39,61.17
OI08841,ORD05924,M027,3,16.47,49.41
OI08842,ORD05925,M033,1,9.14,9.14
OI08843,ORD05925,M013,3,9.9,29.7
OI08844,ORD05926,M008,1,11.64,11.64
OI08845,ORD05927,M010,1,8.19,8.19
OI08846,ORD05928,M026,3,23.22,69.66
OI08847,ORD05928,M027,1,16.47,16.47
OI08848,ORD05929,M041,2,18.7,37.4
OI08849,ORD05930,M041,2,18.7,37.4
OI08850,ORD05931,M046,2,18.37,36.74
OI08851,ORD05932,M021,2,23.11,46.22
OI08852,ORD05933,M047,2,12.49,24.98
OI08853,ORD05933,M028,2,10.31,20.62
OI08854,ORD05934,M041,1,18.7,18.7
OI08855,ORD05934,M034,1,17.18,17.18
OI08856,ORD05935,M003,1,13.14,13.14
OI08857,ORD05936,M045,2,14.72,29.44
OI08858,ORD05936,M025,3,5.42,16.26
OI08859,ORD05937,M043,3,18.33,54.99
OI08860,ORD05938,M028,1,10.31,10.31
OI08861,ORD05939,M022,3,6.86,20.58
OI08862,ORD05939,M024,1,20.8,20.8
OI08863,ORD05940,M023,3,7.84,23.52
OI08864,ORD05941,M003,3,13.14,39.42
OI08865,ORD05942,M018,3,6.4,19.2
OI08866,ORD05943,M022,1,6.86,6.86
OI08867,ORD05944,M030,3,20.38,61.14
OI08868,ORD05945,M011,1,11.74,11.74
OI08869,ORD05946,M031,1,11.87,11.87
OI08870,ORD05947,M006,1,5.76,5.76
OI08871,ORD05948,M043,2,18.33,36.66
OI08872,ORD05949,M046,1,18.37,18.37
OI08873,ORD05950,M049,3,20.08,60.24
OI08874,ORD05951,M019,1,11.31,11.31
OI08875,ORD05951,M047,3,12.49,37.47
OI08876,ORD05952,M048,3,5.64,16.92
OI08877,ORD05953,M037,1,11.31,11.31
OI08878,ORD05953,M030,2,20.38,40.76
OI08879,ORD05954,M040,3,15.26,45.78
OI08880,ORD05954,M035,3,15.54,46.62
OI08881,ORD05955,M020,2,13.97,27.94
OI08882,ORD05955,M018,3,6.4,19.2
OI08883,ORD05956,M006,2,5.76,11.52
OI08884,ORD05957,M012,1,11.68,11.68
OI08885,ORD05958,M007,1,15.72,15.72
OI08886,ORD05958,M022,1,6.86,6.86
OI08887,ORD05959,M036,2,21.19,42.38
OI08888,ORD05960,M041,1,18.7,18.7
OI08889,ORD05960,M001,2,6.05,12.1
OI08890,ORD05961,M004,2,7.15,14.3
OI08891,ORD05961,M014,3,5.03,15.09
OI08892,ORD05962,M014,1,5.03,5.03
OI08893,ORD05963,M018,1,6.4,6.4
OI08894,ORD05963,M030,2,20.38,40.76
OI08895,ORD05964,M018,2,6.4,12.8
OI08896,ORD05964,M029,3,21.76,65.28
OI08897,ORD05965,M020,1,13.97,13.97
OI08898,ORD05965,M048,2,5.64,11.28
OI08899,ORD05966,M016,2,6.75,13.5
OI08900,ORD05967,M030,1,20.38,20.38
OI08901,ORD05967,M012,3,11.68,35.04
OI08902,ORD05968,M028,2,10.31,20.62
OI08903,ORD05968,M040,1,15.26,15.26
OI08904,ORD05969,M049,3,20.08,60.24
OI08905,ORD05970,M027,2,16.47,32.94
OI08906,ORD05970,M003,3,13.14,39.42
OI08907,ORD05971,M016,3,6.75,20.25
OI08908,ORD05971,M016,3,6.75,20.25
OI08909,ORD05972,M011,3,11.74,35.22
OI08910,ORD05973,M004,1,7.15,7.15
OI08911,ORD05973,M017,3,16.95,50.85
OI08912,ORD05974,M040,1,15.26,15.26
OI08913,ORD05974,M004,1,7.15,7.15
OI08914,ORD05975,M040,2,15.26,30.52
OI08915,ORD05976,M015,1,13.73,13.73
OI08916,ORD05976,M002,3,6.74,20.22
OI08917,ORD05977,M035,3,15.54,46.62
OI08918,ORD05977,M014,3,5.03,15.09
OI08919,ORD05978,M033,2,9.14,18.28
OI08920,ORD05978,M015,3,13.73,41.19
OI08921,ORD05979,M016,2,6.75,13.5
OI08922,ORD05980,M044,3,22.8,68.4
OI08923,ORD05980,M023,3,7.84,23.52
OI08924,ORD05981,M019,1,11.31,11.31
OI08925,ORD05982,M002,3,6.74,20.22
OI08926,ORD05982,M032,2,21.03,42.06
OI08927,ORD05983,M047,3,12.49,37.47
OI08928,ORD05984,M049,2,20.08,40.16
OI08929,ORD05985,M026,3,23.22,69.66
OI08930,ORD05986,M002,2,6.74,13.48
OI08931,ORD05986,M044,3,22.8,68.4
OI08932,ORD05987,M003,1,13.14,13.14
OI08933,ORD05987,M012,2,11.68,23.36
OI08934,ORD05988,M048,3,5.64,16.92
OI08935,ORD05989,M050,3,8.63,25.89
OI08936,ORD05990,M005,2,23.02,46.04
OI08937,ORD05991,M011,1,11.74,11.74
OI08938,ORD05991,M005,1,23.02,23.02
OI08939,ORD05992,M023,2,7.84,15.68
OI08940,ORD05993,M024,2,20.8,41.6
OI08941,ORD05993,M026,3,23.22,69.66
OI08942,ORD05994,M035,2,15.54,31.08
OI08943,ORD05994,M011,2,11.74,23.48
OI08944,ORD05995,M045,1,14.72,14.72
OI08945,ORD05995,M025,2,5.42,10.84
OI08946,ORD05996,M046,1,18.37,18.37
OI08947,ORD05997,M008,1,11.64,11.64
OI08948,ORD05997,M038,2,12.96,25.92
OI08949,ORD05998,M030,3,20.38,61.14
OI08950,ORD05998,M039,3,20.39,61.17
OI08951,ORD05999,M033,2,9.14,18.28
OI08952,ORD05999,M005,3,23.02,69.06
OI08953,ORD06000,M034,1,17.18,17.18
OI08954,ORD06000,M031,2,11.87,23.74
OI08955,ORD06001,M029,2,21.76,43.52
OI08956,ORD06001,M035,1,15.54,15.54
OI08957,ORD06002,M008,1,11.64,11.64
OI08958,ORD06003,M044,3,22.8,68.4
OI08959,ORD06003,M036,3,21.19,63.57
OI08960,ORD06004,M030,1,20.38,20.38
OI08961,ORD06005,M032,2,21.03,42.06
OI08962,ORD06005,M038,1,12.96,12.96
OI08963,ORD06006,M046,2,18.37,36.74
OI08964,ORD06006,M046,1,18.37,18.37
OI08965,ORD06007,M025,3,5.42,16.26
OI08966,ORD06007,M026,1,23.22,23.22
OI08967,ORD06008,M045,2,14.72,29.44
OI08968,ORD06008,M031,3,11.87,35.61
OI08969,ORD06009,M032,2,21.03,42.06
OI08970,ORD06010,M004,2,7.15,14.3
OI08971,ORD06010,M048,1,5.64,5.64
OI08972,ORD06011,M027,3,16.47,49.41
OI08973,ORD06012,M010,1,8.19,8.19
OI08974,ORD06012,M022,1,6.86,6.86
OI08975,ORD06013,M007,1,15.72,15.72
OI08976,ORD06013,M018,3,6.4,19.2
OI08977,ORD06014,M035,2,15.54,31.08
OI08978,ORD06015,M044,1,22.8,22.8
OI08979,ORD06016,M039,2,20.39,40.78
OI08980,ORD06016,M016,1,6.75,6.75
OI08981,ORD06017,M015,3,13.73,41.19
OI08982,ORD06018,M011,2,11.74,23.48
OI08983,ORD06018,M035,1,15.54,15.54
OI08984,ORD06019,M019,1,11.31,11.31
OI08985,ORD06019,M047,2,12.49,24.98
OI08986,ORD06020,M032,3,21.03,63.09
OI08987,ORD06020,M009,1,22.04,22.04
OI08988,ORD06021,M015,1,13.73,13.73
OI08989,ORD06021,M005,2,23.02,46.04
OI08990,ORD06022,M025,3,5.42,16.26
OI08991,ORD06022,M007,1,15.72,15.72
OI08992,ORD06023,M040,3,15.26,45.78
OI08993,ORD06023,M047,1,12.49,12.49
OI08994,ORD06024,M007,3,15.72,47.16
OI08995,ORD06025,M013,1,9.9,9.9
OI08996,ORD06025,M030,3,20.38,61.14
OI08997,ORD06026,M016,1,6.75,6.75
OI08998,ORD06027,M015,2,13.73,27.46
OI08999,ORD06027,M033,2,9.14,18.28
OI09000,ORD06028,M036,1,21.19,21.19
OI09001,ORD06029,M011,2,11.74,23.48
OI09002,ORD06030,M004,1,7.15,7.15
OI09003,ORD06031,M049,1,20.08,20.08
OI09004,ORD06031,M003,1,13.14,13.14
OI09005,ORD06032,M047,3,12.49,37.47
OI09006,ORD06032,M012,2,11.68,23.36
OI09007,ORD06033,M019,3,11.31,33.93
OI09008,ORD06033,M006,1,5.76,5.76
OI09009,ORD06034,M009,1,22.04,22.04
OI09010,ORD06035,M015,3,13.73,41.19
OI09011,ORD06035,M024,2,20.8,41.6
OI09012,ORD06036,M013,3,9.9,29.7
OI09013,ORD06036,M047,1,12.49,12.49
OI09014,ORD06037,M030,1,20.38,20.38
OI09015,ORD06037,M045,1,14.72,14.72
OI09016,ORD06038,M032,2,21.03,42.06
OI09017,ORD06038,M040,2,15.26,30.52
OI09018,ORD06039,M031,1,11.87,11.87
OI09019,ORD06039,M014,2,5.03,10.06
OI09020,ORD06040,M012,2,11.68,23.36
OI09021,ORD06040,M001,3,6.05,18.15
OI09022,ORD06041,M027,1,16.47,16.47
OI09023,ORD06041,M042,1,17.77,17.77
OI09024,ORD06042,M045,2,14.72,29.44
OI09025,ORD06042,M050,2,8.63,17.26
OI09026,ORD06043,M034,3,17.18,51.54
OI09027,ORD06044,M046,3,18.37,55.11
OI09028,ORD06044,M029,3,21.76,65.28
OI09029,ORD06045,M024,1,20.8,20.8
OI09030,ORD06046,M002,2,6.74,13.48
OI09031,ORD06046,M044,2,22.8,45.6
OI09032,ORD06047,M004,2,7.15,14.3
OI09033,ORD06047,M006,1,5.76,5.76
OI09034,ORD06048,M023,3,7.84,23.52
OI09035,ORD06048,M009,2,22.04,44.08
OI09036,ORD06049,M046,2,18.37,36.74
OI09037,ORD06049,M034,2,17.18,34.36
OI09038,ORD06050,M015,1,13.73,13.73
OI09039,ORD06051,M046,2,18.37,36.74
OI09040,ORD06051,M018,1,6.4,6.4
OI09041,ORD06052,M025,3,5.42,16.26
OI09042,ORD06053,M028,2,10.31,20.62
OI09043,ORD06053,M021,2,23.11,46.22
OI09044,ORD06054,M016,2,6.75,13.5
OI09045,ORD06055,M001,2,6.05,12.1
OI09046,ORD06055,M003,3,13.14,39.42
OI09047,ORD06056,M043,2,18.33,36.66
OI09048,ORD06057,M013,2,9.9,19.8
OI09049,ORD06057,M038,3,12.96,38.88
OI09050,ORD06058,M020,3,13.97,41.91
OI09051,ORD06059,M023,2,7.84,15.68
OI09052,ORD06059,M028,3,10.31,30.93
OI09053,ORD06060,M034,3,17.18,51.54
OI09054,ORD06061,M006,3,5.76,17.28
OI09055,ORD06062,M046,1,18.37,18.37
OI09056,ORD06062,M032,1,21.03,21.03
OI09057,ORD06063,M006,1,5.76,5.76
OI09058,ORD06064,M016,3,6.75,20.25
OI09059,ORD06064,M041,1,18.7,18.7
OI09060,ORD06065,M027,2,16.47,32.94
OI09061,ORD06066,M036,1,21.19,21.19
OI09062,ORD06066,M030,1,20.38,20.38
OI09063,ORD06067,M049,1,20.08,20.08
OI09064,ORD06068,M004,2,7.15,14.3
OI09065,ORD06069,M043,3,18.33,54.99
OI09066,ORD06070,M037,1,11.31,11.31
OI09067,ORD06071,M050,1,8.63,8.63
OI09068,ORD06071,M034,2,17.18,34.36
OI09069,ORD06072,M020,1,13.97,13.97
OI09070,ORD06073,M028,1,10.31,10.31
OI09071,ORD06073,M014,1,5.03,5.03
OI09072,ORD06074,M039,1,20.39,20.39
OI09073,ORD06074,M021,1,23.11,23.11
OI09074,ORD06075,M018,3,6.4,19.2
OI09075,ORD06076,M041,2,18.7,37.4
OI09076,ORD06076,M005,1,23.02,23.02
OI09077,ORD06077,M022,1,6.86,6.86
OI09078,ORD06078,M020,2,13.97,27.94
OI09079,ORD06079,M013,1,9.9,9.9
OI09080,ORD06080,M012,3,11.68,35.04
OI09081,ORD06081,M033,2,9.14,18.28
OI09082,ORD06082,M021,1,23.11,23.11
OI09083,ORD06082,M018,2,6.4,12.8
OI09084,ORD06083,M002,1,6.74,6.74
OI09085,ORD06083,M036,2,21.19,42.38
OI09086,ORD06084,M012,3,11.68,35.04
OI09087,ORD06085,M032,3,21.03,63.09
OI09088,ORD06085,M049,2,20.08,40.16
OI09089,ORD06086,M022,3,6.86,20.58
OI09090,ORD06087,M050,3,8.63,25.89
OI09091,ORD06088,M029,3,21.76,65.28
OI09092,ORD06089,M012,1,11.68,11.68
OI09093,ORD06089,M006,1,5.76,5.76
OI09094,ORD06090,M041,2,18.7,37.4
OI09095,ORD06091,M010,2,8.19,16.38
OI09096,ORD06092,M012,1,11.68,11.68
OI09097,ORD06092,M035,3,15.54,46.62
OI09098,ORD06093,M004,2,7.15,14.3
OI09099,ORD06094,M028,1,10.31,10.31
OI09100,ORD06095,M028,3,10.31,30.93
OI09101,ORD06095,M029,1,21.76,21.76
OI09102,ORD06096,M027,1,16.47,16.47
OI09103,ORD06096,M032,2,21.03,42.06
OI09104,ORD06097,M018,2,6.4,12.8
OI09105,ORD06097,M033,2,9.14,18.28
OI09106,ORD06098,M046,3,18.37,55.11
OI09107,ORD06099,M042,2,17.77,35.54
OI09108,ORD06100,M001,2,6.05,12.1
OI09109,ORD06100,M013,1,9.9,9.9
OI09110,ORD06101,M050,1,8.63,8.63
OI09111,ORD06101,M041,3,18.7,56.1
OI09112,ORD06102,M017,1,16.95,16.95
OI09113,ORD06103,M022,3,6.86,20.58
OI09114,ORD06103,M016,1,6.75,6.75
OI09115,ORD06104,M013,3,9.9,29.7
OI09116,ORD06104,M010,3,8.19,24.57
OI09117,ORD06105,M006,3,5.76,17.28
OI09118,ORD06105,M003,2,13.14,26.28
OI09119,ORD06106,M039,1,20.39,20.39
OI09120,ORD06107,M023,1,7.84,7.84
OI09121,ORD06108,M015,3,13.73,41.19
OI09122,ORD06108,M024,2,20.8,41.6
OI09123,ORD06109,M027,3,16.47,49.41
OI09124,ORD06110,M015,1,13.73,13.73
OI09125,ORD06110,M048,3,5.64,16.92
OI09126,ORD06111,M012,1,11.68,11.68
OI09127,ORD06111,M041,1,18.7,18.7
OI09128,ORD06112,M020,3,13.97,41.91
OI09129,ORD06113,M011,3,11.74,35.22
OI09130,ORD06113,M011,2,11.74,23.48
OI09131,ORD06114,M020,3,13.97,41.91
OI09132,ORD06114,M042,2,17.77,35.54
OI09133,ORD06115,M016,2,6.75,13.5
OI09134,ORD06116,M026,3,23.22,69.66
OI09135,ORD06116,M026,3,23.22,69.66
OI09136,ORD06117,M022,3,6.86,20.58
OI09137,ORD06117,M029,1,21.76,21.76
OI09138,ORD06118,M015,1,13.73,13.73
OI09139,ORD06119,M036,2,21.19,42.38
OI09140,ORD06119,M001,2,6.05,12.1
OI09141,ORD06120,M048,3,5.64,16.92
OI09142,ORD06121,M002,1,6.74,6.74
OI09143,ORD06121,M048,3,5.64,16.92
OI09144,ORD06122,M035,3,15.54,46.62
OI09145,ORD06123,M002,2,6.74,13.48
OI09146,ORD06124,M030,2,20.38,40.76
OI09147,ORD06125,M036,3,21.19,63.57
OI09148,ORD06126,M009,2,22.04,44.08
OI09149,ORD06126,M022,2,6.86,13.72
OI09150,ORD06127,M027,3,16.47,49.41
OI09151,ORD06127,M023,1,7.84,7.84
OI09152,ORD06128,M007,1,15.72,15.72
OI09153,ORD06128,M030,2,20.38,40.76
OI09154,ORD06129,M028,1,10.31,10.31
OI09155,ORD06130,M005,2,23.02,46.04
OI09156,ORD06130,M013,3,9.9,29.7
OI09157,ORD06131,M042,1,17.77,17.77
OI09158,ORD06131,M014,1,5.03,5.03
OI09159,ORD06132,M045,3,14.72,44.16
OI09160,ORD06132,M049,1,20.08,20.08
OI09161,ORD06133,M050,3,8.63,25.89
OI09162,ORD06133,M010,3,8.19,24.57
OI09163,ORD06134,M001,1,6.05,6.05
OI09164,ORD06134,M008,2,11.64,23.28
OI09165,ORD06135,M037,2,11.31,22.62
OI09166,ORD06135,M048,1,5.64,5.64
OI09167,ORD06136,M043,1,18.33,18.33
OI09168,ORD06136,M031,2,11.87,23.74
OI09169,ORD06137,M001,2,6.05,12.1
OI09170,ORD06138,M015,1,13.73,13.73
OI09171,ORD06139,M009,2,22.04,44.08
OI09172,ORD06139,M008,2,11.64,23.28
OI09173,ORD06140,M038,2,12.96,25.92
OI09174,ORD06140,M024,3,20.8,62.4
OI09175,ORD06141,M033,3,9.14,27.42
OI09176,ORD06141,M010,3,8.19,24.57
OI09177,ORD06142,M032,1,21.03,21.03
OI09178,ORD06142,M038,3,12.96,38.88
OI09179,ORD06143,M022,1,6.86,6.86
OI09180,ORD06143,M042,3,17.77,53.31
OI09181,ORD06144,M041,1,18.7,18.7
OI09182,ORD06144,M013,3,9.9,29.7
OI09183,ORD06145,M020,2,13.97,27.94
OI09184,ORD06145,M021,2,23.11,46.22
OI09185,ORD06146,M027,2,16.47,32.94
OI09186,ORD06147,M023,3,7.84,23.52
OI09187,ORD06147,M005,2,23.02,46.04
OI09188,ORD06148,M005,3,23.02,69.06
OI09189,ORD06149,M015,1,13.73,13.73
OI09190,ORD06150,M007,2,15.72,31.44
OI09191,ORD06151,M044,2,22.8,45.6
OI09192,ORD06152,M002,2,6.74,13.48
OI09193,ORD06153,M034,1,17.18,17.18
OI09194,ORD06153,M019,1,11.31,11.31
OI09195,ORD06154,M015,3,13.73,41.19
OI09196,ORD06154,M014,3,5.03,15.09
OI09197,ORD06155,M005,3,23.02,69.06
OI09198,ORD06155,M009,2,22.04,44.08
OI09199,ORD06156,M034,3,17.18,51.54
OI09200,ORD06156,M037,3,11.31,33.93
OI09201,ORD06157,M035,1,15.54,15.54
OI09202,ORD06158,M049,2,20.08,40.16
OI09203,ORD06158,M038,1,12.96,12.96
OI09204,ORD06159,M030,2,20.38,40.76
OI09205,ORD06159,M024,2,20.8,41.6
OI09206,ORD06160,M007,3,15.72,47.16
OI09207,ORD06160,M032,2,21.03,42.06
OI09208,ORD06161,M034,1,17.18,17.18
OI09209,ORD06161,M040,3,15.26,45.78
OI09210,ORD06162,M015,3,13.73,41.19
OI09211,ORD06162,M039,2,20.39,40.78
OI09212,ORD06163,M020,1,13.97,13.97
OI09213,ORD06164,M031,1,11.87,11.87
OI09214,ORD06165,M029,3,21.76,65.28
OI09215,ORD06165,M027,2,16.47,32.94
OI09216,ORD06166,M005,3,23.02,69.06
OI09217,ORD06167,M043,2,18.33,36.66
OI09218,ORD06167,M049,2,20.08,40.16
OI09219,ORD06168,M038,2,12.96,25.92
OI09220,ORD06168,M013,1,9.9,9.9
OI09221,ORD06169,M034,3,17.18,51.54
OI09222,ORD06170,M040,3,15.26,45.78
OI09223,ORD06171,M016,1,6.75,6.75
OI09224,ORD06172,M006,3,5.76,17.28
OI09225,ORD06173,M012,3,11.68,35.04
OI09226,ORD06174,M050,2,8.63,17.26
OI09227,ORD06175,M047,3,12.49,37.47
OI09228,ORD06176,M008,2,11.64,23.28
OI09229,ORD06176,M050,1,8.63,8.63
OI09230,ORD06177,M031,3,11.87,35.61
OI09231,ORD06177,M015,3,13.73,41.19
OI09232,ORD06178,M033,1,9.14,9.14
OI09233,ORD06179,M024,2,20.8,41.6
OI09234,ORD06179,M047,3,12.49,37.47
OI09235,ORD06180,M030,3,20.38,61.14
OI09236,ORD06181,M017,3,16.95,50.85
OI09237,ORD06182,M037,2,11.31,22.62
OI09238,ORD06182,M015,3,13.73,41.19
OI09239,ORD06183,M026,1,23.22,23.22
OI09240,ORD06183,M004,2,7.15,14.3
OI09241,ORD06184,M037,2,11.31,22.62
OI09242,ORD06185,M039,1,20.39,20.39
OI09243,ORD06185,M017,1,16.95,16.95
OI09244,ORD06186,M033,2,9.14,18.28
OI09245,ORD06186,M047,2,12.49,24.98
OI09246,ORD06187,M003,3,13.14,39.42
OI09247,ORD06187,M006,3,5.76,17.28
OI09248,ORD06188,M003,1,13.14,13.14
OI09249,ORD06188,M033,3,9.14,27.42
OI09250,ORD06189,M014,2,5.03,10.06
OI09251,ORD06190,M025,3,5.42,16.26
OI09252,ORD06190,M022,2,6.86,13.72
OI09253,ORD06191,M024,3,20.8,62.4
OI09254,ORD06192,M009,1,22.04,22.04
OI09255,ORD06192,M008,2,11.64,23.28
OI09256,ORD06193,M015,2,13.73,27.46
OI09257,ORD06194,M040,1,15.26,15.26
OI09258,ORD06195,M027,3,16.47,49.41
OI09259,ORD06196,M004,2,7.15,14.3
OI09260,ORD06196,M050,2,8.63,17.26
OI09261,ORD06197,M043,2,18.33,36.66
OI09262,ORD06198,M013,3,9.9,29.7
OI09263,ORD06198,M050,2,8.63,17.26
OI09264,ORD06199,M048,2,5.64,11.28
OI09265,ORD06200,M033,2,9.14,18.28
OI09266,ORD06201,M005,2,23.02,46.04
OI09267,ORD06201,M014,3,5.03,15.09
OI09268,ORD06202,M038,2,12.96,25.92
OI09269,ORD06203,M014,1,5.03,5.03
OI09270,ORD06203,M033,2,9.14,18.28
OI09271,ORD06204,M044,1,22.8,22.8
OI09272,ORD06204,M028,3,10.31,30.93
OI09273,ORD06205,M017,2,16.95,33.9
OI09274,ORD06206,M026,1,23.22,23.22
OI09275,ORD06206,M028,1,10.31,10.31
OI09276,ORD06207,M013,2,9.9,19.8
OI09277,ORD06208,M005,3,23.02,69.06
OI09278,ORD06208,M040,2,15.26,30.52
OI09279,ORD06209,M046,1,18.37,18.37
OI09280,ORD06210,M041,2,18.7,37.4
OI09281,ORD06211,M005,3,23.02,69.06
OI09282,ORD06211,M018,2,6.4,12.8
OI09283,ORD06212,M022,1,6.86,6.86
OI09284,ORD06212,M035,1,15.54,15.54
OI09285,ORD06213,M032,2,21.03,42.06
OI09286,ORD06214,M023,2,7.84,15.68
OI09287,ORD06215,M005,2,23.02,46.04
OI09288,ORD06216,M019,1,11.31,11.31
OI09289,ORD06216,M044,1,22.8,22.8
OI09290,ORD06217,M031,3,11.87,35.61
OI09291,ORD06217,M044,3,22.8,68.4
OI09292,ORD06218,M018,2,6.4,12.8
OI09293,ORD06218,M023,3,7.84,23.52
OI09294,ORD06219,M002,2,6.74,13.48
OI09295,ORD06219,M009,1,22.04,22.04
OI09296,ORD06220,M011,1,11.74,11.74
OI09297,ORD06221,M017,1,16.95,16.95
OI09298,ORD06222,M022,2,6.86,13.72
OI09299,ORD06223,M025,3,5.42,16.26
OI09300,ORD06223,M002,3,6.74,20.22
OI09301,ORD06224,M033,1,9.14,9.14
OI09302,ORD06225,M021,1,23.11,23.11
OI09303,ORD06225,M039,3,20.39,61.17
OI09304,ORD06226,M047,2,12.49,24.98
OI09305,ORD06226,M027,3,16.47,49.41
OI09306,ORD06227,M050,1,8.63,8.63
OI09307,ORD06227,M029,3,21.76,65.28
OI09308,ORD06228,M015,1,13.73,13.73
OI09309,ORD06229,M026,3,23.22,69.66
OI09310,ORD06229,M043,2,18.33,36.66
OI09311,ORD06230,M047,3,12.49,37.47
OI09312,ORD06230,M015,2,13.73,27.46
OI09313,ORD06231,M043,2,18.33,36.66
OI09314,ORD06232,M027,1,16.47,16.47
OI09315,ORD06232,M008,1,11.64,11.64
OI09316,ORD06233,M049,3,20.08,60.24
OI09317,ORD06234,M005,1,23.02,23.02
OI09318,ORD06235,M034,2,17.18,34.36
OI09319,ORD06236,M010,3,8.19,24.57
OI09320,ORD06236,M042,1,17.77,17.77
OI09321,ORD06237,M049,3,20.08,60.24
OI09322,ORD06238,M038,1,12.96,12.96
OI09323,ORD06239,M025,2,5.42,10.84
OI09324,ORD06240,M046,1,18.37,18.37
OI09325,ORD06240,M007,1,15.72,15.72
OI09326,ORD06241,M023,2,7.84,15.68
OI09327,ORD06242,M036,1,21.19,21.19
OI09328,ORD06242,M042,2,17.77,35.54
OI09329,ORD06243,M030,2,20.38,40.76
OI09330,ORD06243,M020,1,13.97,13.97
OI09331,ORD06244,M018,1,6.4,6.4
OI09332,ORD06245,M006,1,5.76,5.76
OI09333,ORD06246,M033,1,9.14,9.14
OI09334,ORD06247,M028,3,10.31,30.93
OI09335,ORD06248,M049,1,20.08,20.08
OI09336,ORD06249,M022,3,6.86,20.58
OI09337,ORD06249,M018,3,6.4,19.2
OI09338,ORD06250,M038,1,12.96,12.96
OI09339,ORD06251,M019,1,11.31,11.31
OI09340,ORD06251,M017,3,16.95,50.85
OI09341,ORD06252,M039,3,20.39,61.17
OI09342,ORD06253,M037,1,11.31,11.31
OI09343,ORD06253,M015,2,13.73,27.46
OI09344,ORD06254,M027,3,16.47,49.41
OI09345,ORD06254,M011,1,11.74,11.74
OI09346,ORD06255,M012,1,11.68,11.68
OI09347,ORD06256,M036,1,21.19,21.19
OI09348,ORD06257,M022,1,6.86,6.86
OI09349,ORD06257,M001,2,6.05,12.1
OI09350,ORD06258,M047,3,12.49,37.47
OI09351,ORD06258,M017,2,16.95,33.9
OI09352,ORD06259,M009,1,22.04,22.04
OI09353,ORD06259,M009,1,22.04,22.04
OI09354,ORD06260,M028,1,10.31,10.31
OI09355,ORD06261,M032,3,21.03,63.09
OI09356,ORD06262,M042,3,17.77,53.31
OI09357,ORD06263,M019,2,11.31,22.62
OI09358,ORD06264,M007,3,15.72,47.16
OI09359,ORD06264,M020,3,13.97,41.91
OI09360,ORD06265,M016,2,6.75,13.5
OI09361,ORD06265,M047,3,12.49,37.47
OI09362,ORD06266,M018,2,6.4,12.8
OI09363,ORD06267,M022,3,6.86,20.58
OI09364,ORD06267,M020,3,13.97,41.91
OI09365,ORD06268,M037,3,11.31,33.93
OI09366,ORD06269,M017,3,16.95,50.85
OI09367,ORD06270,M027,2,16.47,32.94
OI09368,ORD06271,M032,1,21.03,21.03
OI09369,ORD06271,M034,3,17.18,51.54
OI09370,ORD06272,M022,1,6.86,6.86
OI09371,ORD06273,M024,3,20.8,62.4
OI09372,ORD06273,M034,3,17.18,51.54
OI09373,ORD06274,M014,3,5.03,15.09
OI09374,ORD06274,M044,2,22.8,45.6
OI09375,ORD06275,M022,2,6.86,13.72
OI09376,ORD06276,M045,2,14.72,29.44
OI09377,ORD06276,M028,1,10.31,10.31
OI09378,ORD06277,M043,3,18.33,54.99
OI09379,ORD06277,M020,3,13.97,41.91
OI09380,ORD06278,M002,2,6.74,13.48
OI09381,ORD06279,M010,3,8.19,24.57
OI09382,ORD06279,M039,3,20.39,61.17
OI09383,ORD06280,M020,3,13.97,41.91
OI09384,ORD06280,M004,3,7.15,21.45
OI09385,ORD06281,M037,1,11.31,11.31
OI09386,ORD06281,M014,1,5.03,5.03
OI09387,ORD06282,M025,3,5.42,16.26
OI09388,ORD06282,M016,2,6.75,13.5
OI09389,ORD06283,M033,2,9.14,18.28
OI09390,ORD06284,M010,3,8.19,24.57
OI09391,ORD06284,M004,1,7.15,7.15
OI09392,ORD06285,M003,2,13.14,26.28
OI09393,ORD06286,M032,2,21.03,42.06
OI09394,ORD06286,M019,3,11.31,33.93
OI09395,ORD06287,M034,2,17.18,34.36
OI09396,ORD06288,M020,1,13.97,13.97
OI09397,ORD06289,M007,2,15.72,31.44
OI09398,ORD06289,M043,2,18.33,36.66
OI09399,ORD06290,M047,3,12.49,37.47
OI09400,ORD06290,M006,2,5.76,11.52
OI09401,ORD06291,M043,2,18.33,36.66
OI09402,ORD06291,M031,1,11.87,11.87
OI09403,ORD06292,M036,3,21.19,63.57
OI09404,ORD06293,M038,2,12.96,25.92
OI09405,ORD06293,M040,2,15.26,30.52
OI09406,ORD06294,M013,3,9.9,29.7
OI09407,ORD06294,M015,1,13.73,13.73
OI09408,ORD06295,M007,2,15.72,31.44
OI09409,ORD06295,M009,2,22.04,44.08
OI09410,ORD06296,M005,2,23.02,46.04
OI09411,ORD06297,M026,3,23.22,69.66
OI09412,ORD06297,M042,1,17.77,17.77
OI09413,ORD06298,M007,3,15.72,47.16
OI09414,ORD06298,M015,1,13.73,13.73
OI09415,ORD06299,M041,1,18.7,18.7
OI09416,ORD06299,M020,1,13.97,13.97
OI09417,ORD06300,M013,3,9.9,29.7
OI09418,ORD06300,M030,1,20.38,20.38
OI09419,ORD06301,M025,1,5.42,5.42
OI09420,ORD06301,M034,1,17.18,17.18
OI09421,ORD06302,M009,3,22.04,66.12
OI09422,ORD06303,M009,3,22.04,66.12
OI09423,ORD06303,M033,2,9.14,18.28
OI09424,ORD06304,M013,3,9.9,29.7
OI09425,ORD06304,M027,1,16.47,16.47
OI09426,ORD06305,M005,1,23.02,23.02
OI09427,ORD06306,M035,2,15.54,31.08
OI09428,ORD06306,M019,3,11.31,33.93
OI09429,ORD06307,M011,2,11.74,23.48
OI09430,ORD06308,M022,1,6.86,6.86
OI09431,ORD06308,M030,3,20.38,61.14
OI09432,ORD06309,M037,1,11.31,11.31
OI09433,ORD06309,M008,3,11.64,34.92
OI09434,ORD06310,M004,2,7.15,14.3
OI09435,ORD06311,M004,1,7.15,7.15
OI09436,ORD06311,M016,3,6.75,20.25
OI09437,ORD06312,M010,1,8.19,8.19
OI09438,ORD06313,M038,2,12.96,25.92
OI09439,ORD06313,M002,1,6.74,6.74
OI09440,ORD06314,M028,1,10.31,10.31
OI09441,ORD06314,M033,2,9.14,18.28
OI09442,ORD06315,M035,3,15.54,46.62
OI09443,ORD06316,M049,1,20.08,20.08
OI09444,ORD06316,M049,1,20.08,20.08
OI09445,ORD06317,M014,3,5.03,15.09
OI09446,ORD06317,M046,1,18.37,18.37
OI09447,ORD06318,M026,2,23.22,46.44
OI09448,ORD06319,M013,2,9.9,19.8
OI09449,ORD06319,M050,1,8.63,8.63
OI09450,ORD06320,M011,3,11.74,35.22
OI09451,ORD06321,M026,2,23.22,46.44
OI09452,ORD06322,M036,2,21.19,42.38
OI09453,ORD06323,M047,1,12.49,12.49
OI09454,ORD06324,M043,1,18.33,18.33
OI09455,ORD06325,M024,3,20.8,62.4
OI09456,ORD06325,M039,1,20.39,20.39
OI09457,ORD06326,M016,2,6.75,13.5
OI09458,ORD06327,M013,1,9.9,9.9
OI09459,ORD06328,M042,2,17.77,35.54
OI09460,ORD06328,M031,2,11.87,23.74
OI09461,ORD06329,M026,2,23.22,46.44
OI09462,ORD06330,M042,3,17.77,53.31
OI09463,ORD06330,M031,1,11.87,11.87
OI09464,ORD06331,M027,1,16.47,16.47
OI09465,ORD06331,M007,2,15.72,31.44
OI09466,ORD06332,M003,1,13.14,13.14
OI09467,ORD06333,M022,2,6.86,13.72
OI09468,ORD06333,M014,3,5.03,15.09
OI09469,ORD06334,M035,1,15.54,15.54
OI09470,ORD06334,M026,2,23.22,46.44
OI09471,ORD06335,M026,3,23.22,69.66
OI09472,ORD06335,M039,1,20.39,20.39
OI09473,ORD06336,M014,3,5.03,15.09
OI09474,ORD06336,M001,2,6.05,12.1
OI09475,ORD06337,M022,2,6.86,13.72
OI09476,ORD06338,M022,3,6.86,20.58
OI09477,ORD06338,M031,1,11.87,11.87
OI09478,ORD06339,M028,2,10.31,20.62
OI09479,ORD06340,M044,2,22.8,45.6
OI09480,ORD06341,M031,3,11.87,35.61
OI09481,ORD06341,M011,3,11.74,35.22
OI09482,ORD06342,M020,1,13.97,13.97
OI09483,ORD06343,M032,3,21.03,63.09
OI09484,ORD06343,M001,1,6.05,6.05
OI09485,ORD06344,M013,2,9.9,19.8
OI09486,ORD06345,M046,1,18.37,18.37
OI09487,ORD06346,M040,3,15.26,45.78
OI09488,ORD06347,M042,1,17.77,17.77
OI09489,ORD06348,M016,1,6.75,6.75
OI09490,ORD06348,M043,3,18.33,54.99
OI09491,ORD06349,M031,2,11.87,23.74
OI09492,ORD06350,M014,1,5.03,5.03
OI09493,ORD06350,M048,3,5.64,16.92
OI09494,ORD06351,M041,3,18.7,56.1
OI09495,ORD06352,M020,3,13.97,41.91
OI09496,ORD06352,M018,3,6.4,19.2
OI09497,ORD06353,M035,3,15.54,46.62
OI09498,ORD06354,M009,3,22.04,66.12
OI09499,ORD06354,M050,3,8.63,25.89
OI09500,ORD06355,M011,1,11.74,11.74
OI09501,ORD06355,M041,2,18.7,37.4
OI09502,ORD06356,M027,3,16.47,49.41
OI09503,ORD06357,M043,3,18.33,54.99
OI09504,ORD06358,M031,3,11.87,35.61
OI09505,ORD06358,M034,2,17.18,34.36
OI09506,ORD06359,M013,2,9.9,19.8
OI09507,ORD06360,M002,2,6.74,13.48
OI09508,ORD06360,M035,3,15.54,46.62
OI09509,ORD06361,M020,2,13.97,27.94
OI09510,ORD06361,M002,3,6.74,20.22
OI09511,ORD06362,M008,1,11.64,11.64
OI09512,ORD06362,M033,3,9.14,27.42
OI09513,ORD06363,M002,1,6.74,6.74
OI09514,ORD06364,M013,2,9.9,19.8
OI09515,ORD06364,M027,3,16.47,49.41
OI09516,ORD06365,M044,2,22.8,45.6
OI09517,ORD06365,M028,1,10.31,10.31
OI09518,ORD06366,M049,1,20.08,20.08
OI09519,ORD06367,M050,3,8.63,25.89
OI09520,ORD06368,M049,2,20.08,40.16
OI09521,ORD06369,M021,2,23.11,46.22
OI09522,ORD06370,M014,3,5.03,15.09
OI09523,ORD06371,M042,3,17.77,53.31
OI09524,ORD06372,M003,1,13.14,13.14
OI09525,ORD06372,M025,3,5.42,16.26
OI09526,ORD06373,M030,3,20.38,61.14
OI09527,ORD06374,M019,3,11.31,33.93
OI09528,ORD06375,M046,2,18.37,36.74
OI09529,ORD06376,M036,2,21.19,42.38
OI09530,ORD06377,M011,2,11.74,23.48
OI09531,ORD06378,M027,2,16.47,32.94
OI09532,ORD06378,M025,1,5.42,5.42
OI09533,ORD06379,M020,3,13.97,41.91
OI09534,ORD06379,M028,1,10.31,10.31
OI09535,ORD06380,M016,2,6.75,13.5
OI09536,ORD06381,M045,2,14.72,29.44
OI09537,ORD06381,M015,1,13.73,13.73
OI09538,ORD06382,M032,1,21.03,21.03
OI09539,ORD06382,M038,2,12.96,25.92
OI09540,ORD06383,M030,2,20.38,40.76
OI09541,ORD06384,M001,1,6.05,6.05
OI09542,ORD06385,M006,1,5.76,5.76
OI09543,ORD06385,M026,2,23.22,46.44
OI09544,ORD06386,M012,1,11.68,11.68
OI09545,ORD06386,M014,2,5.03,10.06
OI09546,ORD06387,M028,3,10.31,30.93
OI09547,ORD06388,M047,1,12.49,12.49
OI09548,ORD06389,M003,1,13.14,13.14
OI09549,ORD06389,M025,3,5.42,16.26
OI09550,ORD06390,M040,3,15.26,45.78
OI09551,ORD06390,M023,2,7.84,15.68
OI09552,ORD06391,M019,1,11.31,11.31
OI09553,ORD06391,M005,3,23.02,69.06
OI09554,ORD06392,M039,2,20.39,40.78
OI09555,ORD06392,M033,2,9.14,18.28
OI09556,ORD06393,M034,1,17.18,17.18
OI09557,ORD06393,M034,3,17.18,51.54
OI09558,ORD06394,M019,1,11.31,11.31
OI09559,ORD06394,M013,3,9.9,29.7
OI09560,ORD06395,M017,3,16.95,50.85
OI09561,ORD06396,M039,1,20.39,20.39
OI09562,ORD06397,M044,1,22.8,22.8
OI09563,ORD06398,M019,3,11.31,33.93
OI09564,ORD06398,M031,2,11.87,23.74
OI09565,ORD06399,M012,1,11.68,11.68
OI09566,ORD06400,M040,1,15.26,15.26
OI09567,ORD06401,M009,1,22.04,22.04
OI09568,ORD06401,M045,1,14.72,14.72
OI09569,ORD06402,M049,3,20.08,60.24
OI09570,ORD06403,M002,2,6.74,13.48
OI09571,ORD06403,M026,2,23.22,46.44
OI09572,ORD06404,M041,1,18.7,18.7
OI09573,ORD06404,M030,1,20.38,20.38
OI09574,ORD06405,M005,2,23.02,46.04
OI09575,ORD06405,M031,2,11.87,23.74
OI09576,ORD06406,M020,2,13.97,27.94
OI09577,ORD06406,M012,2,11.68,23.36
OI09578,ORD06407,M050,2,8.63,17.26
OI09579,ORD06408,M027,2,16.47,32.94
OI09580,ORD06409,M033,2,9.14,18.28
OI09581,ORD06410,M020,3,13.97,41.91
OI09582,ORD06411,M029,1,21.76,21.76
OI09583,ORD06411,M033,2,9.14,18.28
OI09584,ORD06412,M002,1,6.74,6.74
OI09585,ORD06412,M010,1,8.19,8.19
OI09586,ORD06413,M007,3,15.72,47.16
OI09587,ORD06413,M032,3,21.03,63.09
OI09588,ORD06414,M011,2,11.74,23.48
OI09589,ORD06415,M032,3,21.03,63.09
OI09590,ORD06416,M010,2,8.19,16.38
OI09591,ORD06416,M043,2,18.33,36.66
OI09592,ORD06417,M006,3,5.76,17.28
OI09593,ORD06417,M032,1,21.03,21.03
OI09594,ORD06418,M015,2,13.73,27.46
OI09595,ORD06419,M047,3,12.49,37.47
OI09596,ORD06419,M003,1,13.14,13.14
OI09597,ORD06420,M013,1,9.9,9.9
OI09598,ORD06420,M029,1,21.76,21.76
OI09599,ORD06421,M044,3,22.8,68.4
OI09600,ORD06421,M050,1,8.63,8.63
OI09601,ORD06422,M037,2,11.31,22.62
OI09602,ORD06423,M011,2,11.74,23.48
OI09603,ORD06423,M001,1,6.05,6.05
OI09604,ORD06424,M018,2,6.4,12.8
OI09605,ORD06424,M021,1,23.11,23.11
OI09606,ORD06425,M038,3,12.96,38.88
OI09607,ORD06425,M009,3,22.04,66.12
OI09608,ORD06426,M020,2,13.97,27.94
OI09609,ORD06427,M036,1,21.19,21.19
OI09610,ORD06427,M037,1,11.31,11.31
OI09611,ORD06428,M032,1,21.03,21.03
OI09612,ORD06429,M005,3,23.02,69.06
OI09613,ORD06429,M017,2,16.95,33.9
OI09614,ORD06430,M022,2,6.86,13.72
OI09615,ORD06431,M040,1,15.26,15.26
OI09616,ORD06431,M027,2,16.47,32.94
OI09617,ORD06432,M044,2,22.8,45.6
OI09618,ORD06432,M012,3,11.68,35.04
OI09619,ORD06433,M027,2,16.47,32.94
OI09620,ORD06434,M004,2,7.15,14.3
OI09621,ORD06434,M003,3,13.14,39.42
OI09622,ORD06435,M049,3,20.08,60.24
OI09623,ORD06436,M030,3,20.38,61.14
OI09624,ORD06436,M042,2,17.77,35.54
OI09625,ORD06437,M012,1,11.68,11.68
OI09626,ORD06438,M034,3,17.18,51.54
OI09627,ORD06439,M030,1,20.38,20.38
OI09628,ORD06440,M044,3,22.8,68.4
OI09629,ORD06441,M036,3,21.19,63.57
OI09630,ORD06442,M035,2,15.54,31.08
OI09631,ORD06443,M005,2,23.02,46.04
OI09632,ORD06444,M007,1,15.72,15.72
OI09633,ORD06445,M045,1,14.72,14.72
OI09634,ORD06445,M029,2,21.76,43.52
OI09635,ORD06446,M033,2,9.14,18.28
OI09636,ORD06447,M047,1,12.49,12.49
OI09637,ORD06447,M015,2,13.73,27.46
OI09638,ORD06448,M017,3,16.95,50.85
OI09639,ORD06449,M002,2,6.74,13.48
OI09640,ORD06450,M009,3,22.04,66.12
OI09641,ORD06450,M022,3,6.86,20.58
OI09642,ORD06451,M024,1,20.8,20.8
OI09643,ORD06452,M041,3,18.7,56.1
OI09644,ORD06453,M037,3,11.31,33.93
OI09645,ORD06454,M021,3,23.11,69.33
OI09646,ORD06454,M016,3,6.75,20.25
OI09647,ORD06455,M034,1,17.18,17.18
OI09648,ORD06455,M010,1,8.19,8.19
OI09649,ORD06456,M020,1,13.97,13.97
OI09650,ORD06456,M039,1,20.39,20.39
OI09651,ORD06457,M025,3,5.42,16.26
OI09652,ORD06458,M029,3,21.76,65.28
OI09653,ORD06458,M040,2,15.26,30.52
OI09654,ORD06459,M042,2,17.77,35.54
OI09655,ORD06460,M014,1,5.03,5.03
OI09656,ORD06461,M025,1,5.42,5.42
OI09657,ORD06461,M001,3,6.05,18.15
OI09658,ORD06462,M016,1,6.75,6.75
OI09659,ORD06463,M037,3,11.31,33.93
OI09660,ORD06464,M005,2,23.02,46.04
OI09661,ORD06464,M034,2,17.18,34.36
OI09662,ORD06465,M032,1,21.03,21.03
OI09663,ORD06466,M004,1,7.15,7.15
OI09664,ORD06466,M031,1,11.87,11.87
OI09665,ORD06467,M018,1,6.4,6.4
OI09666,ORD06467,M023,1,7.84,7.84
OI09667,ORD06468,M004,1,7.15,7.15
OI09668,ORD06468,M005,3,23.02,69.06
OI09669,ORD06469,M021,3,23.11,69.33
OI09670,ORD06470,M040,3,15.26,45.78
OI09671,ORD06471,M036,2,21.19,42.38
OI09672,ORD06472,M026,2,23.22,46.44
OI09673,ORD06472,M041,3,18.7,56.1
OI09674,ORD06473,M003,2,13.14,26.28
OI09675,ORD06473,M037,3,11.31,33.93
OI09676,ORD06474,M014,3,5.03,15.09
OI09677,ORD06475,M024,3,20.8,62.4
OI09678,ORD06476,M018,1,6.4,6.4
OI09679,ORD06476,M038,1,12.96,12.96
OI09680,ORD06477,M015,1,13.73,13.73
OI09681,ORD06477,M004,1,7.15,7.15
OI09682,ORD06478,M007,1,15.72,15.72
OI09683,ORD06479,M032,3,21.03,63.09
OI09684,ORD06479,M048,2,5.64,11.28
OI09685,ORD06480,M018,2,6.4,12.8
OI09686,ORD06480,M034,3,17.18,51.54
OI09687,ORD06481,M042,1,17.77,17.77
OI09688,ORD06481,M037,3,11.31,33.93
OI09689,ORD06482,M025,1,5.42,5.42
OI09690,ORD06482,M036,2,21.19,42.38
OI09691,ORD06483,M048,2,5.64,11.28
OI09692,ORD06484,M015,2,13.73,27.46
OI09693,ORD06484,M007,2,15.72,31.44
OI09694,ORD06485,M008,3,11.64,34.92
OI09695,ORD06485,M002,2,6.74,13.48
OI09696,ORD06486,M001,3,6.05,18.15
OI09697,ORD06487,M036,2,21.19,42.38
OI09698,ORD06488,M011,3,11.74,35.22
OI09699,ORD06489,M021,3,23.11,69.33
OI09700,ORD06489,M024,3,20.8,62.4
OI09701,ORD06490,M046,3,18.37,55.11
OI09702,ORD06491,M048,2,5.64,11.28
OI09703,ORD06492,M045,2,14.72,29.44
OI09704,ORD06492,M001,2,6.05,12.1
OI09705,ORD06493,M033,3,9.14,27.42
OI09706,ORD06493,M028,1,10.31,10.31
OI09707,ORD06494,M014,3,5.03,15.09
OI09708,ORD06495,M011,3,11.74,35.22
OI09709,ORD06495,M002,1,6.74,6.74
OI09710,ORD06496,M038,2,12.96,25.92
OI09711,ORD06497,M037,3,11.31,33.93
OI09712,ORD06497,M034,3,17.18,51.54
OI09713,ORD06498,M032,2,21.03,42.06
OI09714,ORD06499,M026,2,23.22,46.44
OI09715,ORD06500,M005,3,23.02,69.06
OI09716,ORD06500,M004,1,7.15,7.15
OI09717,ORD06501,M004,2,7.15,14.3
OI09718,ORD06502,M009,3,22.04,66.12
OI09719,ORD06502,M042,1,17.77,17.77
OI09720,ORD06503,M010,2,8.19,16.38
OI09721,ORD06503,M022,1,6.86,6.86
OI09722,ORD06504,M042,2,17.77,35.54
OI09723,ORD06504,M038,2,12.96,25.92
OI09724,ORD06505,M045,3,14.72,44.16
OI09725,ORD06505,M042,2,17.77,35.54
OI09726,ORD06506,M031,3,11.87,35.61
OI09727,ORD06506,M017,2,16.95,33.9
OI09728,ORD06507,M048,1,5.64,5.64
OI09729,ORD06508,M046,3,18.37,55.11
OI09730,ORD06508,M009,3,22.04,66.12
OI09731,ORD06509,M031,1,11.87,11.87
OI09732,ORD06510,M045,1,14.72,14.72
OI09733,ORD06511,M018,1,6.4,6.4
OI09734,ORD06511,M042,2,17.77,35.54
OI09735,ORD06512,M011,3,11.74,35.22
OI09736,ORD06512,M047,1,12.49,12.49
OI09737,ORD06513,M004,3,7.15,21.45
OI09738,ORD06513,M050,2,8.63,17.26
OI09739,ORD06514,M040,2,15.26,30.52
OI09740,ORD06515,M007,2,15.72,31.44
OI09741,ORD06515,M044,2,22.8,45.6
OI09742,ORD06516,M016,2,6.75,13.5
OI09743,ORD06517,M023,1,7.84,7.84
OI09744,ORD06518,M016,3,6.75,20.25
OI09745,ORD06519,M028,2,10.31,20.62
OI09746,ORD06519,M001,2,6.05,12.1
OI09747,ORD06520,M004,2,7.15,14.3
OI09748,ORD06520,M018,1,6.4,6.4
OI09749,ORD06521,M040,2,15.26,30.52
OI09750,ORD06521,M044,1,22.8,22.8
OI09751,ORD06522,M032,1,21.03,21.03
OI09752,ORD06523,M045,3,14.72,44.16
OI09753,ORD06523,M011,2,11.74,23.48
OI09754,ORD06524,M015,3,13.73,41.19
OI09755,ORD06525,M020,1,13.97,13.97
OI09756,ORD06526,M036,2,21.19,42.38
OI09757,ORD06526,M004,2,7.15,14.3
OI09758,ORD06527,M022,3,6.86,20.58
OI09759,ORD06527,M045,1,14.72,14.72
OI09760,ORD06528,M047,2,12.49,24.98
OI09761,ORD06529,M005,2,23.02,46.04
OI09762,ORD06529,M001,1,6.05,6.05
OI09763,ORD06530,M024,1,20.8,20.8
OI09764,ORD06530,M021,2,23.11,46.22
OI09765,ORD06531,M013,1,9.9,9.9
OI09766,ORD06531,M015,3,13.73,41.19
OI09767,ORD06532,M020,1,13.97,13.97
OI09768,ORD06533,M024,3,20.8,62.4
OI09769,ORD06534,M016,3,6.75,20.25
OI09770,ORD06535,M009,1,22.04,22.04
OI09771,ORD06536,M031,3,11.87,35.61
OI09772,ORD06537,M010,2,8.19,16.38
OI09773,ORD06538,M012,2,11.68,23.36
OI09774,ORD06538,M046,3,18.37,55.11
OI09775,ORD06539,M047,2,12.49,24.98
OI09776,ORD06539,M012,1,11.68,11.68
OI09777,ORD06540,M043,1,18.33,18.33
OI09778,ORD06541,M048,2,5.64,11.28
OI09779,ORD06541,M016,1,6.75,6.75
OI09780,ORD06542,M023,3,7.84,23.52
OI09781,ORD06543,M031,2,11.87,23.74
OI09782,ORD06544,M005,3,23.02,69.06
OI09783,ORD06544,M043,3,18.33,54.99
OI09784,ORD06545,M040,1,15.26,15.26
OI09785,ORD06546,M035,1,15.54,15.54
OI09786,ORD06547,M031,1,11.87,11.87
OI09787,ORD06547,M028,2,10.31,20.62
OI09788,ORD06548,M041,1,18.7,18.7
OI09789,ORD06549,M031,3,11.87,35.61
OI09790,ORD06550,M019,3,11.31,33.93
OI09791,ORD06550,M001,1,6.05,6.05
OI09792,ORD06551,M002,1,6.74,6.74
OI09793,ORD06552,M013,3,9.9,29.7
OI09794,ORD06553,M040,1,15.26,15.26
OI09795,ORD06554,M001,2,6.05,12.1
OI09796,ORD06555,M026,3,23.22,69.66
OI09797,ORD06556,M014,2,5.03,10.06
OI09798,ORD06556,M006,3,5.76,17.28
OI09799,ORD06557,M035,1,15.54,15.54
OI09800,ORD06558,M015,3,13.73,41.19
OI09801,ORD06558,M003,1,13.14,13.14
OI09802,ORD06559,M039,2,20.39,40.78
OI09803,ORD06560,M034,3,17.18,51.54
OI09804,ORD06561,M045,2,14.72,29.44
OI09805,ORD06561,M019,2,11.31,22.62
OI09806,ORD06562,M007,3,15.72,47.16
OI09807,ORD06563,M042,3,17.77,53.31
OI09808,ORD06564,M023,3,7.84,23.52
OI09809,ORD06565,M029,1,21.76,21.76
OI09810,ORD06566,M019,1,11.31,11.31
OI09811,ORD06567,M041,2,18.7,37.4
OI09812,ORD06567,M046,1,18.37,18.37
OI09813,ORD06568,M031,1,11.87,11.87
OI09814,ORD06568,M028,3,10.31,30.93
OI09815,ORD06569,M046,3,18.37,55.11
OI09816,ORD06569,M008,1,11.64,11.64
OI09817,ORD06570,M016,2,6.75,13.5
OI09818,ORD06570,M048,2,5.64,11.28
OI09819,ORD06571,M030,3,20.38,61.14
OI09820,ORD06571,M041,3,18.7,56.1
OI09821,ORD06572,M028,1,10.31,10.31
OI09822,ORD06573,M035,2,15.54,31.08
OI09823,ORD06573,M034,1,17.18,17.18
OI09824,ORD06574,M027,3,16.47,49.41
OI09825,ORD06574,M031,2,11.87,23.74
OI09826,ORD06575,M035,1,15.54,15.54
OI09827,ORD06575,M036,3,21.19,63.57
OI09828,ORD06576,M010,2,8.19,16.38
OI09829,ORD06577,M013,2,9.9,19.8
OI09830,ORD06578,M029,1,21.76,21.76
OI09831,ORD06579,M002,2,6.74,13.48
OI09832,ORD06579,M009,3,22.04,66.12
OI09833,ORD06580,M016,1,6.75,6.75
OI09834,ORD06580,M037,2,11.31,22.62
OI09835,ORD06581,M014,2,5.03,10.06
OI09836,ORD06582,M004,3,7.15,21.45
OI09837,ORD06583,M030,1,20.38,20.38
OI09838,ORD06583,M042,1,17.77,17.77
OI09839,ORD06584,M014,3,5.03,15.09
OI09840,ORD06585,M035,1,15.54,15.54
OI09841,ORD06585,M032,2,21.03,42.06
OI09842,ORD06586,M018,2,6.4,12.8
OI09843,ORD06586,M025,3,5.42,16.26
OI09844,ORD06587,M045,3,14.72,44.16
OI09845,ORD06588,M035,2,15.54,31.08
OI09846,ORD06589,M012,2,11.68,23.36
OI09847,ORD06589,M038,3,12.96,38.88
OI09848,ORD06590,M010,2,8.19,16.38
OI09849,ORD06591,M007,1,15.72,15.72
OI09850,ORD06592,M025,1,5.42,5.42
OI09851,ORD06592,M011,2,11.74,23.48
OI09852,ORD06593,M050,1,8.63,8.63
OI09853,ORD06594,M021,1,23.11,23.11
OI09854,ORD06594,M043,2,18.33,36.66
OI09855,ORD06595,M025,1,5.42,5.42
OI09856,ORD06595,M021,3,23.11,69.33
OI09857,ORD06596,M007,1,15.72,15.72
OI09858,ORD06597,M041,1,18.7,18.7
OI09859,ORD06598,M046,1,18.37,18.37
OI09860,ORD06598,M002,2,6.74,13.48
OI09861,ORD06599,M050,2,8.63,17.26
OI09862,ORD06600,M041,2,18.7,37.4
OI09863,ORD06601,M021,3,23.11,69.33
OI09864,ORD06601,M018,1,6.4,6.4
OI09865,ORD06602,M013,1,9.9,9.9
OI09866,ORD06603,M011,1,11.74,11.74
OI09867,ORD06603,M048,3,5.64,16.92
OI09868,ORD06604,M038,2,12.96,25.92
OI09869,ORD06604,M020,1,13.97,13.97
OI09870,ORD06605,M049,2,20.08,40.16
OI09871,ORD06605,M027,1,16.47,16.47
OI09872,ORD06606,M009,1,22.04,22.04
OI09873,ORD06607,M014,3,5.03,15.09
OI09874,ORD06607,M003,3,13.14,39.42
OI09875,ORD06608,M007,1,15.72,15.72
OI09876,ORD06608,M035,3,15.54,46.62
OI09877,ORD06609,M046,1,18.37,18.37
OI09878,ORD06609,M005,2,23.02,46.04
OI09879,ORD06610,M003,1,13.14,13.14
OI09880,ORD06611,M004,2,7.15,14.3
OI09881,ORD06611,M013,3,9.9,29.7
OI09882,ORD06612,M011,2,11.74,23.48
OI09883,ORD06612,M019,2,11.31,22.62
OI09884,ORD06613,M037,2,11.31,22.62
OI09885,ORD06613,M001,2,6.05,12.1
OI09886,ORD06614,M047,1,12.49,12.49
OI09887,ORD06615,M005,1,23.02,23.02
OI09888,ORD06616,M014,3,5.03,15.09
OI09889,ORD06616,M047,1,12.49,12.49
OI09890,ORD06617,M026,1,23.22,23.22
OI09891,ORD06618,M020,2,13.97,27.94
OI09892,ORD06618,M037,1,11.31,11.31
OI09893,ORD06619,M048,3,5.64,16.92
OI09894,ORD06620,M001,1,6.05,6.05
OI09895,ORD06621,M014,3,5.03,15.09
OI09896,ORD06622,M011,1,11.74,11.74
OI09897,ORD06623,M020,2,13.97,27.94
OI09898,ORD06624,M009,2,22.04,44.08
OI09899,ORD06625,M050,3,8.63,25.89
OI09900,ORD06626,M043,2,18.33,36.66
OI09901,ORD06626,M031,2,11.87,23.74
OI09902,ORD06627,M026,2,23.22,46.44
OI09903,ORD06628,M004,1,7.15,7.15
OI09904,ORD06628,M004,2,7.15,14.3
OI09905,ORD06629,M042,3,17.77,53.31
OI09906,ORD06630,M048,2,5.64,11.28
OI09907,ORD06630,M029,2,21.76,43.52
OI09908,ORD06631,M040,1,15.26,15.26
OI09909,ORD06632,M023,1,7.84,7.84
OI09910,ORD06633,M048,3,5.64,16.92
OI09911,ORD06633,M003,1,13.14,13.14
OI09912,ORD06634,M015,1,13.73,13.73
OI09913,ORD06635,M031,3,11.87,35.61
OI09914,ORD06636,M042,2,17.77,35.54
OI09915,ORD06637,M049,1,20.08,20.08
OI09916,ORD06638,M024,3,20.8,62.4
OI09917,ORD06638,M050,1,8.63,8.63
OI09918,ORD06639,M022,2,6.86,13.72
OI09919,ORD06640,M019,1,11.31,11.31
OI09920,ORD06641,M027,3,16.47,49.41
OI09921,ORD06641,M012,3,11.68,35.04
OI09922,ORD06642,M037,1,11.31,11.31
OI09923,ORD06643,M033,3,9.14,27.42
OI09924,ORD06643,M027,1,16.47,16.47
OI09925,ORD06644,M014,1,5.03,5.03
OI09926,ORD06645,M034,1,17.18,17.18
OI09927,ORD06646,M036,1,21.19,21.19
OI09928,ORD06646,M021,1,23.11,23.11
OI09929,ORD06647,M005,2,23.02,46.04
OI09930,ORD06648,M009,2,22.04,44.08
OI09931,ORD06648,M030,3,20.38,61.14
OI09932,ORD06649,M035,2,15.54,31.08
OI09933,ORD06650,M031,1,11.87,11.87
OI09934,ORD06650,M046,3,18.37,55.11
OI09935,ORD06651,M033,2,9.14,18.28
OI09936,ORD06651,M007,3,15.72,47.16
OI09937,ORD06652,M022,1,6.86,6.86
OI09938,ORD06653,M032,2,21.03,42.06
OI09939,ORD06654,M020,3,13.97,41.91
OI09940,ORD06655,M027,1,16.47,16.47
OI09941,ORD06656,M011,3,11.74,35.22
OI09942,ORD06656,M016,2,6.75,13.5
OI09943,ORD06657,M013,1,9.9,9.9
OI09944,ORD06657,M031,3,11.87,35.61
OI09945,ORD06658,M033,2,9.14,18.28
OI09946,ORD06659,M006,2,5.76,11.52
OI09947,ORD06659,M009,2,22.04,44.08
OI09948,ORD06660,M044,3,22.8,68.4
OI09949,ORD06660,M031,1,11.87,11.87
OI09950,ORD06661,M050,2,8.63,17.26
OI09951,ORD06662,M018,1,6.4,6.4
OI09952,ORD06663,M035,1,15.54,15.54
OI09953,ORD06664,M042,1,17.77,17.77
OI09954,ORD06665,M001,1,6.05,6.05
OI09955,ORD06666,M032,1,21.03,21.03
OI09956,ORD06666,M006,1,5.76,5.76
OI09957,ORD06667,M001,2,6.05,12.1
OI09958,ORD06668,M031,2,11.87,23.74
OI09959,ORD06669,M036,1,21.19,21.19
OI09960,ORD06670,M014,2,5.03,10.06
OI09961,ORD06670,M006,2,5.76,11.52
OI09962,ORD06671,M009,1,22.04,22.04
OI09963,ORD06671,M011,2,11.74,23.48
OI09964,ORD06672,M005,1,23.02,23.02
OI09965,ORD06672,M026,3,23.22,69.66
OI09966,ORD06673,M001,3,6.05,18.15
OI09967,ORD06673,M049,1,20.08,20.08
OI09968,ORD06674,M007,3,15.72,47.16
OI09969,ORD06675,M009,3,22.04,66.12
OI09970,ORD06676,M031,3,11.87,35.61
OI09971,ORD06676,M029,1,21.76,21.76
OI09972,ORD06677,M007,1,15.72,15.72
OI09973,ORD06677,M008,3,11.64,34.92
OI09974,ORD06678,M027,3,16.47,49.41
OI09975,ORD06679,M049,1,20.08,20.08
OI09976,ORD06679,M018,3,6.4,19.2
OI09977,ORD06680,M045,1,14.72,14.72
OI09978,ORD06681,M005,3,23.02,69.06
OI09979,ORD06681,M012,3,11.68,35.04
OI09980,ORD06682,M004,3,7.15,21.45
OI09981,ORD06682,M044,2,22.8,45.6
OI09982,ORD06683,M039,1,20.39,20.39
OI09983,ORD06684,M042,1,17.77,17.77
OI09984,ORD06685,M047,1,12.49,12.49
OI09985,ORD06685,M022,1,6.86,6.86
OI09986,ORD06686,M020,3,13.97,41.91
OI09987,ORD06687,M025,2,5.42,10.84
OI09988,ORD06687,M041,3,18.7,56.1
OI09989,ORD06688,M016,1,6.75,6.75
OI09990,ORD06689,M025,2,5.42,10.84
OI09991,ORD06689,M021,1,23.11,23.11
OI09992,ORD06690,M022,3,6.86,20.58
OI09993,ORD06690,M030,2,20.38,40.76
OI09994,ORD06691,M025,3,5.42,16.26
OI09995,ORD06691,M028,1,10.31,10.31
OI09996,ORD06692,M031,2,11.87,23.74
OI09997,ORD06692,M048,2,5.64,11.28
OI09998,ORD06693,M022,1,6.86,6.86
OI09999,ORD06693,M042,2,17.77,35.54
OI10000,ORD06694,M011,3,11.74,35.22
OI10001,ORD06695,M050,2,8.63,17.26
OI10002,ORD06695,M021,3,23.11,69.33
OI10003,ORD06696,M009,2,22.04,44.08
OI10004,ORD06696,M009,1,22.04,22.04
OI10005,ORD06697,M011,3,11.74,35.22
OI10006,ORD06698,M018,3,6.4,19.2
OI10007,ORD06699,M018,2,6.4,12.8
OI10008,ORD06699,M048,3,5.64,16.92
OI10009,ORD06700,M014,1,5.03,5.03
OI10010,ORD06701,M049,3,20.08,60.24
OI10011,ORD06702,M037,2,11.31,22.62
OI10012,ORD06703,M007,1,15.72,15.72
OI10013,ORD06703,M013,3,9.9,29.7
OI10014,ORD06704,M042,1,17.77,17.77
OI10015,ORD06705,M012,3,11.68,35.04
OI10016,ORD06705,M049,1,20.08,20.08
OI10017,ORD06706,M026,2,23.22,46.44
OI10018,ORD06706,M011,3,11.74,35.22
OI10019,ORD06707,M006,2,5.76,11.52
OI10020,ORD06707,M001,1,6.05,6.05
OI10021,ORD06708,M002,2,6.74,13.48
OI10022,ORD06709,M013,3,9.9,29.7
OI10023,ORD06709,M007,1,15.72,15.72
OI10024,ORD06710,M031,2,11.87,23.74
OI10025,ORD06710,M034,2,17.18,34.36
OI10026,ORD06711,M025,1,5.42,5.42
OI10027,ORD06712,M006,1,5.76,5.76
OI10028,ORD06713,M038,3,12.96,38.88
OI10029,ORD06714,M004,3,7.15,21.45
OI10030,ORD06714,M035,3,15.54,46.62
OI10031,ORD06715,M013,1,9.9,9.9
OI10032,ORD06715,M016,1,6.75,6.75
OI10033,ORD06716,M036,2,21.19,42.38
OI10034,ORD06716,M034,3,17.18,51.54
OI10035,ORD06717,M021,1,23.11,23.11
OI10036,ORD06718,M037,3,11.31,33.93
OI10037,ORD06719,M019,1,11.31,11.31
OI10038,ORD06719,M035,1,15.54,15.54
OI10039,ORD06720,M028,2,10.31,20.62
OI10040,ORD06720,M016,3,6.75,20.25
OI10041,ORD06721,M022,1,6.86,6.86
OI10042,ORD06721,M025,2,5.42,10.84
OI10043,ORD06722,M045,3,14.72,44.16
OI10044,ORD06722,M036,1,21.19,21.19
OI10045,ORD06723,M005,3,23.02,69.06
OI10046,ORD06723,M033,2,9.14,18.28
OI10047,ORD06724,M043,2,18.33,36.66
OI10048,ORD06725,M009,2,22.04,44.08
OI10049,ORD06726,M007,3,15.72,47.16
OI10050,ORD06726,M039,3,20.39,61.17
OI10051,ORD06727,M026,2,23.22,46.44
OI10052,ORD06728,M036,3,21.19,63.57
OI10053,ORD06729,M049,2,20.08,40.16
OI10054,ORD06729,M044,3,22.8,68.4
OI10055,ORD06730,M009,1,22.04,22.04
OI10056,ORD06731,M004,3,7.15,21.45
OI10057,ORD06732,M031,3,11.87,35.61
OI10058,ORD06733,M001,2,6.05,12.1
OI10059,ORD06733,M016,1,6.75,6.75
OI10060,ORD06734,M038,3,12.96,38.88
OI10061,ORD06734,M023,3,7.84,23.52
OI10062,ORD06735,M004,1,7.15,7.15
OI10063,ORD06736,M030,1,20.38,20.38
OI10064,ORD06736,M040,1,15.26,15.26
OI10065,ORD06737,M003,1,13.14,13.14
OI10066,ORD06737,M036,1,21.19,21.19
OI10067,ORD06738,M033,3,9.14,27.42
OI10068,ORD06739,M021,1,23.11,23.11
OI10069,ORD06740,M021,1,23.11,23.11
OI10070,ORD06740,M015,1,13.73,13.73
OI10071,ORD06741,M029,1,21.76,21.76
OI10072,ORD06742,M042,1,17.77,17.77
OI10073,ORD06743,M036,2,21.19,42.38
OI10074,ORD06744,M043,1,18.33,18.33
OI10075,ORD06744,M029,3,21.76,65.28
OI10076,ORD06745,M045,3,14.72,44.16
OI10077,ORD06745,M050,2,8.63,17.26
OI10078,ORD06746,M009,1,22.04,22.04
OI10079,ORD06747,M010,1,8.19,8.19
OI10080,ORD06748,M029,2,21.76,43.52
OI10081,ORD06748,M044,3,22.8,68.4
OI10082,ORD06749,M036,1,21.19,21.19
OI10083,ORD06749,M030,2,20.38,40.76
OI10084,ORD06750,M029,1,21.76,21.76
OI10085,ORD06750,M003,1,13.14,13.14
OI10086,ORD06751,M029,3,21.76,65.28
OI10087,ORD06752,M036,1,21.19,21.19
OI10088,ORD06752,M022,2,6.86,13.72
OI10089,ORD06753,M033,1,9.14,9.14
OI10090,ORD06753,M009,2,22.04,44.08
OI10091,ORD06754,M023,1,7.84,7.84
OI10092,ORD06755,M025,2,5.42,10.84
OI10093,ORD06755,M006,2,5.76,11.52
OI10094,ORD06756,M043,2,18.33,36.66
OI10095,ORD06756,M036,3,21.19,63.57
OI10096,ORD06757,M009,3,22.04,66.12
OI10097,ORD06758,M011,1,11.74,11.74
OI10098,ORD06758,M020,1,13.97,13.97
OI10099,ORD06759,M016,3,6.75,20.25
OI10100,ORD06759,M024,3,20.8,62.4
OI10101,ORD06760,M007,1,15.72,15.72
OI10102,ORD06761,M039,1,20.39,20.39
OI10103,ORD06762,M010,2,8.19,16.38
OI10104,ORD06763,M036,1,21.19,21.19
OI10105,ORD06764,M030,3,20.38,61.14
OI10106,ORD06764,M030,1,20.38,20.38
OI10107,ORD06765,M049,1,20.08,20.08
OI10108,ORD06766,M030,1,20.38,20.38
OI10109,ORD06766,M036,1,21.19,21.19
OI10110,ORD06767,M046,3,18.37,55.11
OI10111,ORD06768,M019,1,11.31,11.31
OI10112,ORD06768,M043,1,18.33,18.33
OI10113,ORD06769,M001,3,6.05,18.15
OI10114,ORD06770,M024,2,20.8,41.6
OI10115,ORD06771,M006,2,5.76,11.52
OI10116,ORD06772,M046,1,18.37,18.37
OI10117,ORD06773,M002,3,6.74,20.22
OI10118,ORD06774,M004,2,7.15,14.3
OI10119,ORD06775,M012,1,11.68,11.68
OI10120,ORD06776,M015,1,13.73,13.73
OI10121,ORD06776,M015,1,13.73,13.73
OI10122,ORD06777,M024,2,20.8,41.6
OI10123,ORD06777,M030,1,20.38,20.38
OI10124,ORD06778,M034,3,17.18,51.54
OI10125,ORD06779,M002,2,6.74,13.48
OI10126,ORD06779,M040,1,15.26,15.26
OI10127,ORD06780,M023,3,7.84,23.52
OI10128,ORD06781,M006,3,5.76,17.28
OI10129,ORD06781,M045,2,14.72,29.44
OI10130,ORD06782,M019,1,11.31,11.31
OI10131,ORD06783,M023,2,7.84,15.68
OI10132,ORD06783,M025,1,5.42,5.42
OI10133,ORD06784,M041,3,18.7,56.1
OI10134,ORD06784,M010,3,8.19,24.57
OI10135,ORD06785,M047,2,12.49,24.98
OI10136,ORD06786,M030,2,20.38,40.76
OI10137,ORD06787,M030,3,20.38,61.14
OI10138,ORD06788,M046,1,18.37,18.37
OI10139,ORD06789,M041,3,18.7,56.1
OI10140,ORD06789,M042,2,17.77,35.54
OI10141,ORD06790,M015,2,13.73,27.46
OI10142,ORD06791,M034,1,17.18,17.18
OI10143,ORD06791,M039,3,20.39,61.17
OI10144,ORD06792,M020,2,13.97,27.94
OI10145,ORD06792,M031,1,11.87,11.87
OI10146,ORD06793,M020,2,13.97,27.94
OI10147,ORD06794,M012,3,11.68,35.04
OI10148,ORD06794,M048,2,5.64,11.28
OI10149,ORD06795,M005,2,23.02,46.04
OI10150,ORD06796,M020,3,13.97,41.91
OI10151,ORD06796,M001,1,6.05,6.05
OI10152,ORD06797,M001,1,6.05,6.05
OI10153,ORD06798,M050,1,8.63,8.63
OI10154,ORD06799,M006,2,5.76,11.52
OI10155,ORD06799,M032,3,21.03,63.09
OI10156,ORD06800,M029,3,21.76,65.28
OI10157,ORD06800,M038,3,12.96,38.88
OI10158,ORD06801,M021,2,23.11,46.22
OI10159,ORD06802,M034,2,17.18,34.36
OI10160,ORD06803,M029,1,21.76,21.76
OI10161,ORD06804,M035,2,15.54,31.08
OI10162,ORD06804,M021,1,23.11,23.11
OI10163,ORD06805,M033,2,9.14,18.28
OI10164,ORD06805,M016,1,6.75,6.75
OI10165,ORD06806,M019,1,11.31,11.31
OI10166,ORD06807,M040,1,15.26,15.26
OI10167,ORD06807,M003,1,13.14,13.14
OI10168,ORD06808,M042,3,17.77,53.31
OI10169,ORD06808,M049,2,20.08,40.16
OI10170,ORD06809,M005,2,23.02,46.04
OI10171,ORD06809,M021,1,23.11,23.11
OI10172,ORD06810,M022,1,6.86,6.86
OI10173,ORD06810,M030,1,20.38,20.38
OI10174,ORD06811,M026,3,23.22,69.66
OI10175,ORD06812,M029,1,21.76,21.76
OI10176,ORD06812,M033,1,9.14,9.14
OI10177,ORD06813,M020,2,13.97,27.94
OI10178,ORD06814,M001,1,6.05,6.05
OI10179,ORD06815,M030,2,20.38,40.76
OI10180,ORD06816,M008,3,11.64,34.92
OI10181,ORD06816,M010,3,8.19,24.57
OI10182,ORD06817,M047,3,12.49,37.47
OI10183,ORD06817,M005,2,23.02,46.04
OI10184,ORD06818,M008,3,11.64,34.92
OI10185,ORD06818,M014,2,5.03,10.06
OI10186,ORD06819,M015,3,13.73,41.19
OI10187,ORD06819,M026,2,23.22,46.44
OI10188,ORD06820,M011,1,11.74,11.74
OI10189,ORD06820,M001,3,6.05,18.15
OI10190,ORD06821,M050,3,8.63,25.89
OI10191,ORD06821,M023,3,7.84,23.52
OI10192,ORD06822,M040,1,15.26,15.26
OI10193,ORD06822,M048,3,5.64,16.92
OI10194,ORD06823,M038,1,12.96,12.96
OI10195,ORD06824,M011,3,11.74,35.22
OI10196,ORD06825,M015,3,13.73,41.19
OI10197,ORD06825,M021,2,23.11,46.22
OI10198,ORD06826,M046,2,18.37,36.74
OI10199,ORD06827,M010,2,8.19,16.38
OI10200,ORD06828,M028,3,10.31,30.93
OI10201,ORD06828,M034,3,17.18,51.54
OI10202,ORD06829,M044,3,22.8,68.4
OI10203,ORD06829,M018,1,6.4,6.4
OI10204,ORD06830,M021,3,23.11,69.33
OI10205,ORD06830,M039,3,20.39,61.17
OI10206,ORD06831,M021,3,23.11,69.33
OI10207,ORD06831,M025,3,5.42,16.26
OI10208,ORD06832,M022,2,6.86,13.72
OI10209,ORD06833,M038,3,12.96,38.88
OI10210,ORD06834,M012,1,11.68,11.68
OI10211,ORD06835,M003,2,13.14,26.28
OI10212,ORD06835,M027,2,16.47,32.94
OI10213,ORD06836,M045,3,14.72,44.16
OI10214,ORD06837,M005,2,23.02,46.04
OI10215,ORD06838,M028,3,10.31,30.93
OI10216,ORD06839,M047,1,12.49,12.49
OI10217,ORD06839,M032,1,21.03,21.03
OI10218,ORD06840,M035,2,15.54,31.08
OI10219,ORD06841,M044,2,22.8,45.6
OI10220,ORD06841,M042,3,17.77,53.31
OI10221,ORD06842,M035,2,15.54,31.08
OI10222,ORD06842,M027,3,16.47,49.41
OI10223,ORD06843,M006,3,5.76,17.28
OI10224,ORD06844,M022,2,6.86,13.72
OI10225,ORD06845,M042,3,17.77,53.31
OI10226,ORD06845,M048,3,5.64,16.92
OI10227,ORD06846,M020,3,13.97,41.91
OI10228,ORD06847,M048,3,5.64,16.92
OI10229,ORD06848,M049,1,20.08,20.08
OI10230,ORD06849,M018,1,6.4,6.4
OI10231,ORD06849,M002,3,6.74,20.22
OI10232,ORD06850,M037,2,11.31,22.62
OI10233,ORD06850,M016,3,6.75,20.25
OI10234,ORD06851,M030,2,20.38,40.76
OI10235,ORD06852,M014,2,5.03,10.06
OI10236,ORD06852,M023,3,7.84,23.52
OI10237,ORD06853,M046,3,18.37,55.11
OI10238,ORD06854,M048,1,5.64,5.64
OI10239,ORD06855,M039,3,20.39,61.17
OI10240,ORD06856,M022,3,6.86,20.58
OI10241,ORD06857,M005,2,23.02,46.04
OI10242,ORD06858,M028,3,10.31,30.93
OI10243,ORD06858,M023,1,7.84,7.84
OI10244,ORD06859,M005,1,23.02,23.02
OI10245,ORD06860,M046,1,18.37,18.37
OI10246,ORD06860,M031,3,11.87,35.61
OI10247,ORD06861,M015,1,13.73,13.73
OI10248,ORD06862,M022,1,6.86,6.86
OI10249,ORD06863,M009,3,22.04,66.12
OI10250,ORD06864,M050,3,8.63,25.89
OI10251,ORD06864,M020,1,13.97,13.97
OI10252,ORD06865,M004,2,7.15,14.3
OI10253,ORD06865,M039,2,20.39,40.78
OI10254,ORD06866,M010,3,8.19,24.57
OI10255,ORD06866,M010,2,8.19,16.38
OI10256,ORD06867,M018,3,6.4,19.2
OI10257,ORD06867,M003,3,13.14,39.42
OI10258,ORD06868,M042,3,17.77,53.31
OI10259,ORD06868,M010,2,8.19,16.38
OI10260,ORD06869,M002,1,6.74,6.74
OI10261,ORD06869,M046,3,18.37,55.11
OI10262,ORD06870,M044,1,22.8,22.8
OI10263,ORD06871,M044,2,22.8,45.6
OI10264,ORD06872,M032,3,21.03,63.09
OI10265,ORD06872,M019,1,11.31,11.31
OI10266,ORD06873,M047,2,12.49,24.98
OI10267,ORD06873,M049,1,20.08,20.08
OI10268,ORD06874,M031,1,11.87,11.87
OI10269,ORD06874,M049,1,20.08,20.08
OI10270,ORD06875,M031,3,11.87,35.61
OI10271,ORD06876,M025,3,5.42,16.26
OI10272,ORD06877,M022,3,6.86,20.58
OI10273,ORD06877,M005,1,23.02,23.02
OI10274,ORD06878,M003,2,13.14,26.28
OI10275,ORD06879,M023,1,7.84,7.84
OI10276,ORD06879,M010,2,8.19,16.38
OI10277,ORD06880,M020,2,13.97,27.94
OI10278,ORD06881,M045,1,14.72,14.72
OI10279,ORD06881,M021,3,23.11,69.33
OI10280,ORD06882,M045,1,14.72,14.72
OI10281,ORD06883,M016,2,6.75,13.5
OI10282,ORD06884,M038,1,12.96,12.96
OI10283,ORD06885,M012,1,11.68,11.68
OI10284,ORD06886,M044,1,22.8,22.8
OI10285,ORD06886,M024,1,20.8,20.8
OI10286,ORD06887,M025,1,5.42,5.42
OI10287,ORD06887,M041,3,18.7,56.1
OI10288,ORD06888,M010,2,8.19,16.38
OI10289,ORD06888,M041,1,18.7,18.7
OI10290,ORD06889,M024,2,20.8,41.6
OI10291,ORD06890,M048,1,5.64,5.64
OI10292,ORD06891,M010,1,8.19,8.19
OI10293,ORD06892,M021,3,23.11,69.33
OI10294,ORD06892,M033,1,9.14,9.14
OI10295,ORD06893,M032,2,21.03,42.06
OI10296,ORD06894,M031,1,11.87,11.87
OI10297,ORD06895,M030,2,20.38,40.76
OI10298,ORD06896,M031,2,11.87,23.74
OI10299,ORD06896,M036,3,21.19,63.57
OI10300,ORD06897,M005,3,23.02,69.06
OI10301,ORD06897,M014,2,5.03,10.06
OI10302,ORD06898,M043,2,18.33,36.66
OI10303,ORD06898,M026,1,23.22,23.22
OI10304,ORD06899,M012,3,11.68,35.04
OI10305,ORD06900,M001,2,6.05,12.1
OI10306,ORD06900,M003,2,13.14,26.28
OI10307,ORD06901,M015,3,13.73,41.19
OI10308,ORD06901,M022,2,6.86,13.72
OI10309,ORD06902,M046,1,18.37,18.37
OI10310,ORD06902,M043,3,18.33,54.99
OI10311,ORD06903,M040,2,15.26,30.52
OI10312,ORD06904,M045,2,14.72,29.44
OI10313,ORD06905,M017,2,16.95,33.9
OI10314,ORD06906,M025,1,5.42,5.42
OI10315,ORD06906,M033,2,9.14,18.28
OI10316,ORD06907,M045,2,14.72,29.44
OI10317,ORD06908,M019,2,11.31,22.62
OI10318,ORD06909,M040,1,15.26,15.26
OI10319,ORD06910,M014,3,5.03,15.09
OI10320,ORD06911,M039,1,20.39,20.39
OI10321,ORD06912,M045,3,14.72,44.16
OI10322,ORD06912,M012,1,11.68,11.68
OI10323,ORD06913,M028,2,10.31,20.62
OI10324,ORD06913,M050,2,8.63,17.26
OI10325,ORD06914,M034,3,17.18,51.54
OI10326,ORD06915,M033,3,9.14,27.42
OI10327,ORD06916,M002,2,6.74,13.48
OI10328,ORD06916,M035,3,15.54,46.62
OI10329,ORD06917,M006,2,5.76,11.52
OI10330,ORD06917,M049,1,20.08,20.08
OI10331,ORD06918,M043,2,18.33,36.66
OI10332,ORD06918,M043,1,18.33,18.33
OI10333,ORD06919,M009,1,22.04,22.04
OI10334,ORD06919,M047,1,12.49,12.49
OI10335,ORD06920,M015,3,13.73,41.19
OI10336,ORD06920,M001,2,6.05,12.1
OI10337,ORD06921,M016,3,6.75,20.25
OI10338,ORD06922,M002,3,6.74,20.22
OI10339,ORD06923,M041,1,18.7,18.7
OI10340,ORD06923,M026,3,23.22,69.66
OI10341,ORD06924,M006,2,5.76,11.52
OI10342,ORD06925,M046,2,18.37,36.74
OI10343,ORD06926,M046,3,18.37,55.11
OI10344,ORD06927,M046,3,18.37,55.11
OI10345,ORD06927,M024,3,20.8,62.4
OI10346,ORD06928,M045,3,14.72,44.16
OI10347,ORD06929,M015,1,13.73,13.73
OI10348,ORD06929,M049,2,20.08,40.16
OI10349,ORD06930,M046,2,18.37,36.74
OI10350,ORD06930,M023,1,7.84,7.84
OI10351,ORD06931,M047,3,12.49,37.47
OI10352,ORD06931,M019,1,11.31,11.31
OI10353,ORD06932,M006,2,5.76,11.52
OI10354,ORD06932,M032,2,21.03,42.06
OI10355,ORD06933,M041,3,18.7,56.1
OI10356,ORD06934,M043,2,18.33,36.66
OI10357,ORD06935,M027,1,16.47,16.47
OI10358,ORD06935,M050,2,8.63,17.26
OI10359,ORD06936,M031,3,11.87,35.61
OI10360,ORD06936,M017,2,16.95,33.9
OI10361,ORD06937,M032,2,21.03,42.06
OI10362,ORD06937,M016,1,6.75,6.75
OI10363,ORD06938,M026,3,23.22,69.66
OI10364,ORD06939,M015,3,13.73,41.19
OI10365,ORD06940,M014,2,5.03,10.06
OI10366,ORD06941,M024,3,20.8,62.4
OI10367,ORD06941,M007,3,15.72,47.16
OI10368,ORD06942,M013,2,9.9,19.8
OI10369,ORD06943,M016,1,6.75,6.75
OI10370,ORD06943,M026,1,23.22,23.22
OI10371,ORD06944,M011,2,11.74,23.48
OI10372,ORD06945,M024,2,20.8,41.6
OI10373,ORD06946,M003,1,13.14,13.14
OI10374,ORD06947,M049,3,20.08,60.24
OI10375,ORD06947,M038,2,12.96,25.92
OI10376,ORD06948,M011,3,11.74,35.22
OI10377,ORD06948,M014,1,5.03,5.03
OI10378,ORD06949,M003,2,13.14,26.28
OI10379,ORD06949,M036,1,21.19,21.19
OI10380,ORD06950,M026,1,23.22,23.22
OI10381,ORD06950,M019,2,11.31,22.62
OI10382,ORD06951,M019,3,11.31,33.93
OI10383,ORD06952,M020,3,13.97,41.91
OI10384,ORD06952,M014,1,5.03,5.03
OI10385,ORD06953,M021,1,23.11,23.11
OI10386,ORD06954,M006,2,5.76,11.52
OI10387,ORD06954,M035,1,15.54,15.54
OI10388,ORD06955,M028,1,10.31,10.31
OI10389,ORD06955,M006,3,5.76,17.28
OI10390,ORD06956,M023,3,7.84,23.52
OI10391,ORD06956,M039,2,20.39,40.78
OI10392,ORD06957,M006,1,5.76,5.76
OI10393,ORD06957,M045,2,14.72,29.44
OI10394,ORD06958,M033,2,9.14,18.28
OI10395,ORD06958,M046,2,18.37,36.74
OI10396,ORD06959,M048,3,5.64,16.92
OI10397,ORD06960,M033,3,9.14,27.42
OI10398,ORD06961,M004,2,7.15,14.3
OI10399,ORD06962,M042,1,17.77,17.77
OI10400,ORD06962,M009,1,22.04,22.04
OI10401,ORD06963,M005,2,23.02,46.04
OI10402,ORD06964,M018,1,6.4,6.4
OI10403,ORD06964,M039,3,20.39,61.17
OI10404,ORD06965,M015,2,13.73,27.46
OI10405,ORD06966,M018,3,6.4,19.2
OI10406,ORD06967,M041,1,18.7,18.7
OI10407,ORD06968,M045,1,14.72,14.72
OI10408,ORD06969,M042,3,17.77,53.31
OI10409,ORD06970,M021,3,23.11,69.33
OI10410,ORD06970,M005,2,23.02,46.04
OI10411,ORD06971,M026,1,23.22,23.22
OI10412,ORD06972,M027,1,16.47,16.47
OI10413,ORD06972,M043,3,18.33,54.99
OI10414,ORD06973,M018,1,6.4,6.4
OI10415,ORD06973,M010,1,8.19,8.19
OI10416,ORD06974,M049,2,20.08,40.16
OI10417,ORD06974,M003,3,13.14,39.42
OI10418,ORD06975,M032,3,21.03,63.09
OI10419,ORD06976,M038,1,12.96,12.96
OI10420,ORD06976,M044,3,22.8,68.4
OI10421,ORD06977,M006,1,5.76,5.76
OI10422,ORD06978,M048,1,5.64,5.64
OI10423,ORD06978,M033,3,9.14,27.42
OI10424,ORD06979,M007,1,15.72,15.72
OI10425,ORD06980,M023,1,7.84,7.84
OI10426,ORD06981,M023,2,7.84,15.68
OI10427,ORD06982,M029,3,21.76,65.28
OI10428,ORD06982,M013,1,9.9,9.9
OI10429,ORD06983,M013,1,9.9,9.9
OI10430,ORD06984,M022,1,6.86,6.86
OI10431,ORD06984,M001,2,6.05,12.1
OI10432,ORD06985,M014,2,5.03,10.06
OI10433,ORD06985,M004,2,7.15,14.3
OI10434,ORD06986,M017,3,16.95,50.85
OI10435,ORD06987,M005,3,23.02,69.06
OI10436,ORD06988,M018,2,6.4,12.8
OI10437,ORD06989,M012,1,11.68,11.68
OI10438,ORD06989,M027,2,16.47,32.94
OI10439,ORD06990,M038,2,12.96,25.92
OI10440,ORD06990,M020,2,13.97,27.94
OI10441,ORD06991,M039,1,20.39,20.39
OI10442,ORD06992,M029,3,21.76,65.28
OI10443,ORD06993,M035,3,15.54,46.62
OI10444,ORD06993,M037,3,11.31,33.93
OI10445,ORD06994,M032,2,21.03,42.06
OI10446,ORD06994,M022,3,6.86,20.58
OI10447,ORD06995,M020,3,13.97,41.91
OI10448,ORD06995,M021,1,23.11,23.11
OI10449,ORD06996,M008,2,11.64,23.28
OI10450,ORD06997,M008,2,11.64,23.28
OI10451,ORD06998,M001,1,6.05,6.05
OI10452,ORD06999,M036,3,21.19,63.57
OI10453,ORD07000,M042,3,17.77,53.31
OI10454,ORD07000,M045,1,14.72,14.72
