order_id,branch_id,order_date,total_amount,status
ORD00494,BR003,2025-01-01,25.03,Completed
ORD00520,BR003,2025-01-01,64.15,Completed
ORD00692,BR003,2025-01-01,31.12,Completed
ORD00818,BR004,2025-01-01,44.08,Completed
ORD02166,BR003,2025-01-01,22.8,Completed
ORD02517,BR003,2025-01-01,49.21,Completed
ORD02922,BR003,2025-01-01,37.47,Completed
ORD03001,BR003,2025-01-01,68.4,Completed
ORD03127,BR003,2025-01-01,54.82,Completed
ORD03648,BR002,2025-01-01,78.71,Completed
ORD03979,BR001,2025-01-01,17.77,Completed
ORD04050,BR004,2025-01-01,11.64,Completed
ORD04353,BR004,2025-01-01,21.19,Completed
ORD04622,BR002,2025-01-01,23.11,Completed
ORD04922,BR001,2025-01-01,8.63,Completed
ORD05760,BR002,2025-01-01,123.54,Completed
ORD00643,BR002,2025-01-02,68.58,Completed
ORD02037,BR003,2025-01-02,41.19,Completed
ORD02235,BR004,2025-01-02,18.7,Completed
ORD02755,BR001,2025-01-02,61.17,Completed
ORD04442,BR001,2025-01-02,43.52,Completed
ORD04443,BR003,2025-01-02,22.04,Completed
ORD04843,BR003,2025-01-02,21.45,Completed
ORD05121,BR002,2025-01-02,22.04,Completed
ORD05611,BR003,2025-01-02,46.62,Completed
ORD06045,BR004,2025-01-02,20.8,Completed
ORD06689,BR002,2025-01-02,33.95,Completed
ORD06977,BR003,2025-01-02,5.76,Completed
ORD00197,BR001,2025-01-03,93.61,Completed
ORD00377,BR001,2025-01-03,46.62,Completed
ORD01718,BR003,2025-01-03,16.95,Completed
ORD01720,BR001,2025-01-03,6.05,Completed
ORD04105,BR001,2025-01-03,20.08,Completed
ORD04609,BR003,2025-01-03,36.74,Completed
ORD04758,BR001,2025-01-03,40.16,Completed
ORD06513,BR004,2025-01-03,38.71,Completed
ORD00157,BR002,2025-01-04,37.8,Completed
ORD00530,BR002,2025-01-04,17.28,Completed
ORD01240,BR001,2025-01-04,132.06,Completed
ORD01803,BR003,2025-01-04,7.84,Completed
ORD01812,BR001,2025-01-04,66.63,Completed
ORD02441,BR001,2025-01-04,58.73,Completed
ORD03007,BR004,2025-01-04,13.48,Completed
ORD03117,BR003,2025-01-04,87.15,Completed
ORD03640,BR001,2025-01-04,75.1,Completed
ORD04213,BR004,2025-01-04,13.73,Completed
ORD05920,BR004,2025-01-04,20.8,Completed
ORD06671,BR001,2025-01-04,45.52,Completed
ORD00400,BR001,2025-01-05,26.28,Completed
ORD00975,BR002,2025-01-05,70.64,Completed
ORD01061,BR004,2025-01-05,36.98,Completed
ORD01846,BR004,2025-01-05,42.06,Completed
ORD02215,BR003,2025-01-05,5.64,Completed
ORD02311,BR002,2025-01-05,20.5,Completed
ORD02868,BR004,2025-01-05,15.68,Completed
ORD03210,BR003,2025-01-05,29.44,Completed
ORD04708,BR004,2025-01-05,57.72,Completed
ORD04831,BR003,2025-01-05,51.54,Completed
ORD05208,BR002,2025-01-05,69.33,Completed
ORD00498,BR004,2025-01-06,52.58,Completed
ORD00927,BR002,2025-01-06,6.75,Completed
ORD02303,BR003,2025-01-06,33.93,Completed
ORD02640,BR003,2025-01-06,50.83,Completed
ORD03363,BR001,2025-01-06,65.28,Completed
ORD04274,BR001,2025-01-06,28.23,Completed
ORD04281,BR001,2025-01-06,83.65,Completed
ORD04305,BR003,2025-01-06,45.15,Completed
ORD04348,BR004,2025-01-06,65.82,Completed
ORD04722,BR001,2025-01-06,16.38,Completed
ORD04836,BR001,2025-01-06,6.4,Completed
ORD05191,BR003,2025-01-06,38.08,Completed
ORD06214,BR002,2025-01-06,15.68,Completed
ORD01069,BR001,2025-01-07,33.72,Completed
ORD01092,BR001,2025-01-07,13.73,Completed
ORD01101,BR002,2025-01-07,30.52,Completed
ORD01509,BR003,2025-01-07,46.39,Completed
ORD02316,BR004,2025-01-07,46.44,Completed
ORD02864,BR002,2025-01-07,18.5,Completed
ORD03066,BR004,2025-01-07,17.26,Completed
ORD03379,BR004,2025-01-07,31.72,Completed
ORD05145,BR003,2025-01-07,12.8,Completed
ORD05491,BR003,2025-01-07,17.18,Completed
ORD05878,BR001,2025-01-07,61.57,Completed
ORD05911,BR001,2025-01-07,111.44,Completed
ORD06012,BR001,2025-01-07,15.05,Completed
ORD06732,BR002,2025-01-07,35.61,Completed
ORD00089,BR002,2025-01-08,45.57,Completed
ORD00567,BR004,2025-01-08,55.11,Completed
ORD00812,BR002,2025-01-08,103.59,Completed
ORD00828,BR004,2025-01-08,22.62,Completed
ORD00835,BR003,2025-01-08,77.96,Completed
ORD01780,BR004,2025-01-08,54.75,Completed
ORD02638,BR001,2025-01-08,63.88,Completed
ORD03703,BR003,2025-01-08,86.25,Completed
ORD03851,BR004,2025-01-08,38.88,Completed
ORD04233,BR002,2025-01-08,110.88,Completed
ORD04903,BR004,2025-01-08,29.44,Completed
ORD06125,BR004,2025-01-08,63.57,Completed
ORD06434,BR002,2025-01-08,53.72,Completed
ORD06721,BR004,2025-01-08,17.7,Completed
ORD00711,BR002,2025-01-09,11.31,Completed
ORD01420,BR004,2025-01-09,60.24,Completed
ORD01525,BR001,2025-01-09,44.08,Completed
ORD01565,BR001,2025-01-09,44.21,Completed
ORD01590,BR003,2025-01-09,86.19,Completed
ORD01937,BR004,2025-01-09,51.54,Completed
ORD02152,BR002,2025-01-09,44.42,Completed
ORD02182,BR004,2025-01-09,45.6,Completed
ORD02440,BR001,2025-01-09,17.77,Completed
ORD02809,BR003,2025-01-09,39.42,Completed
ORD03238,BR004,2025-01-09,41.76,Completed
ORD03253,BR003,2025-01-09,23.52,Completed
ORD03398,BR002,2025-01-09,85.71,Completed
ORD03497,BR004,2025-01-09,27.47,Completed
ORD04505,BR002,2025-01-09,105.63,Completed
ORD04776,BR003,2025-01-09,11.68,Completed
ORD05089,BR003,2025-01-09,47.35,Completed
ORD05520,BR002,2025-01-09,48.89,Completed
ORD05578,BR002,2025-01-09,55.88,Completed
ORD05675,BR001,2025-01-09,96.79,Completed
ORD06322,BR004,2025-01-09,42.38,Completed
ORD01548,BR001,2025-01-10,16.38,Completed
ORD02015,BR002,2025-01-10,56.99,Completed
ORD02153,BR003,2025-01-10,20.39,Completed
ORD02369,BR003,2025-01-10,23.22,Completed
ORD02961,BR001,2025-01-10,37.77,Completed
ORD03536,BR003,2025-01-10,41.29,Completed
ORD04402,BR002,2025-01-10,39.9,Completed
ORD06706,BR003,2025-01-10,81.66,Completed
ORD00515,BR003,2025-01-11,20.8,Completed
ORD02738,BR001,2025-01-11,14.72,Completed
ORD03263,BR004,2025-01-11,129.54,Completed
ORD03458,BR001,2025-01-11,16.26,Completed
ORD03599,BR004,2025-01-11,18.37,Completed
ORD03608,BR003,2025-01-11,79.71,Completed
ORD04692,BR004,2025-01-11,39.32,Completed
ORD05105,BR004,2025-01-11,66.16,Completed
ORD05333,BR004,2025-01-11,25.37,Completed
ORD05370,BR001,2025-01-11,21.76,Completed
ORD06975,BR001,2025-01-11,63.09,Completed
ORD06997,BR001,2025-01-11,23.28,Completed
ORD00820,BR003,2025-01-12,63.55,Completed
ORD00894,BR001,2025-01-12,11.52,Completed
ORD01073,BR001,2025-01-12,29.59,Completed
ORD01080,BR003,2025-01-12,16.92,Completed
ORD01266,BR001,2025-01-12,39.25,Completed
ORD03747,BR003,2025-01-12,68.4,Completed
ORD03903,BR004,2025-01-12,72.71,Completed
ORD04533,BR004,2025-01-12,58.3,Completed
ORD04871,BR003,2025-01-12,39.42,Completed
ORD05798,BR001,2025-01-12,15.19,Completed
ORD06042,BR001,2025-01-12,46.7,Completed
ORD06923,BR004,2025-01-12,88.36,Completed
ORD01091,BR001,2025-01-13,50.47,Completed
ORD02831,BR003,2025-01-13,72.69,Completed
ORD04995,BR001,2025-01-13,62.4,Completed
ORD06238,BR002,2025-01-13,12.96,Completed
ORD00635,BR002,2025-01-14,86.13,Completed
ORD01043,BR001,2025-01-14,46.22,Completed
ORD01158,BR004,2025-01-14,78.44,Completed
ORD01540,BR004,2025-01-14,43.96,Completed
ORD01680,BR002,2025-01-14,51.54,Completed
ORD02443,BR002,2025-01-14,10.84,Completed
ORD03667,BR001,2025-01-14,69.33,Completed
ORD04097,BR003,2025-01-14,60.83,Completed
ORD04509,BR001,2025-01-14,23.48,Completed
ORD04521,BR001,2025-01-14,22.62,Completed
ORD06433,BR001,2025-01-14,32.94,Completed
ORD00241,BR002,2025-01-15,68.4,Completed
ORD00653,BR001,2025-01-15,102.0,Completed
ORD02376,BR001,2025-01-15,24.66,Completed
ORD02386,BR003,2025-01-15,15.68,Completed
ORD04352,BR001,2025-01-15,19.8,Completed
ORD04423,BR004,2025-01-15,6.86,Completed
ORD05180,BR002,2025-01-15,20.39,Completed
ORD05687,BR002,2025-01-15,11.52,Completed
ORD05884,BR002,2025-01-15,11.74,Completed
ORD06458,BR002,2025-01-15,95.8,Completed
ORD00176,BR001,2025-01-16,35.22,Completed
ORD01117,BR004,2025-01-16,78.18,Completed
ORD01616,BR002,2025-01-16,35.04,Completed
ORD02184,BR004,2025-01-16,66.63,Completed
ORD02937,BR003,2025-01-16,23.36,Completed
ORD03418,BR001,2025-01-16,31.44,Completed
ORD04422,BR003,2025-01-16,40.78,Completed
ORD04784,BR004,2025-01-16,11.28,Completed
ORD05230,BR003,2025-01-16,29.44,Completed
ORD05341,BR003,2025-01-16,6.4,Completed
ORD05740,BR004,2025-01-16,20.38,Completed
ORD05801,BR001,2025-01-16,53.78,Completed
ORD06615,BR003,2025-01-16,23.02,Completed
ORD00398,BR002,2025-01-17,21.76,Completed
ORD01221,BR001,2025-01-17,42.01,Completed
ORD02273,BR001,2025-01-17,11.28,Completed
ORD02617,BR001,2025-01-17,50.85,Completed
ORD02948,BR002,2025-01-17,16.47,Completed
ORD03215,BR003,2025-01-17,47.16,Completed
ORD03366,BR002,2025-01-17,14.3,Completed
ORD03606,BR002,2025-01-17,92.58,Completed
ORD04151,BR001,2025-01-17,45.37,Completed
ORD04406,BR001,2025-01-17,102.99,Completed
ORD06006,BR004,2025-01-17,55.11,Completed
ORD06557,BR004,2025-01-17,15.54,Completed
ORD00765,BR002,2025-01-18,18.37,Completed
ORD01642,BR003,2025-01-18,88.92,Completed
ORD02679,BR004,2025-01-18,40.32,Completed
ORD03208,BR003,2025-01-18,6.05,Completed
ORD04126,BR003,2025-01-18,35.61,Completed
ORD04398,BR001,2025-01-18,33.93,Completed
ORD04719,BR001,2025-01-18,10.31,Completed
ORD04801,BR002,2025-01-18,18.37,Completed
ORD04876,BR003,2025-01-18,39.42,Completed
ORD05152,BR004,2025-01-18,50.85,Completed
ORD05630,BR003,2025-01-18,90.87,Completed
ORD06368,BR003,2025-01-18,40.16,Completed
ORD06816,BR002,2025-01-18,59.49,Completed
ORD00053,BR004,2025-01-19,34.94,Completed
ORD00168,BR003,2025-01-19,41.01,Completed
ORD00183,BR003,2025-01-19,64.32,Completed
ORD01260,BR002,2025-01-19,24.04,Completed
ORD02135,BR001,2025-01-19,32.94,Completed
ORD02690,BR002,2025-01-19,44.92,Completed
ORD02838,BR001,2025-01-19,66.7,Completed
ORD02876,BR004,2025-01-19,41.6,Completed
ORD04633,BR004,2025-01-19,23.28,Completed
ORD04812,BR003,2025-01-19,69.33,Completed
ORD05062,BR004,2025-01-19,38.83,Completed
ORD05966,BR003,2025-01-19,13.5,Completed
ORD07000,BR001,2025-01-19,68.03,Completed
ORD00888,BR003,2025-01-20,11.68,Completed
ORD01296,BR003,2025-01-20,26.85,Completed
ORD02344,BR001,2025-01-20,76.18,Completed
ORD02380,BR004,2025-01-20,49.63,Completed
ORD02874,BR004,2025-01-20,20.58,Completed
ORD02928,BR003,2025-01-20,64.71,Completed
ORD03143,BR002,2025-01-20,65.13,Completed
ORD03845,BR003,2025-01-20,42.06,Completed
ORD03959,BR003,2025-01-20,19.8,Completed
ORD05689,BR003,2025-01-20,74.39,Completed
ORD05918,BR003,2025-01-20,54.15,Completed
ORD06549,BR003,2025-01-20,35.61,Completed
ORD06853,BR002,2025-01-20,55.11,Completed
ORD00560,BR003,2025-01-21,50.88,Completed
ORD00750,BR001,2025-01-21,40.16,Completed
ORD03338,BR004,2025-01-21,47.8,Completed
ORD03556,BR002,2025-01-21,51.18,Completed
ORD03790,BR002,2025-01-21,35.22,Completed
ORD04150,BR004,2025-01-21,39.42,Completed
ORD04815,BR004,2025-01-21,43.18,Completed
ORD05510,BR002,2025-01-21,38.78,Completed
ORD05833,BR003,2025-01-21,69.06,Completed
ORD05928,BR001,2025-01-21,86.13,Completed
ORD06132,BR004,2025-01-21,64.24,Completed
ORD06523,BR003,2025-01-21,67.64,Completed
ORD06688,BR004,2025-01-21,6.75,Completed
ORD06892,BR004,2025-01-21,78.47,Completed
ORD06941,BR001,2025-01-21,109.56,Completed
ORD00552,BR001,2025-01-22,23.79,Completed
ORD00688,BR002,2025-01-22,35.94,Completed
ORD00816,BR003,2025-01-22,15.54,Completed
ORD01100,BR001,2025-01-22,14.3,Completed
ORD01332,BR002,2025-01-22,25.25,Completed
ORD01491,BR001,2025-01-22,18.15,Completed
ORD01613,BR003,2025-01-22,11.74,Completed
ORD02066,BR002,2025-01-22,61.4,Completed
ORD02525,BR003,2025-01-22,66.12,Completed
ORD02658,BR003,2025-01-22,23.28,Completed
ORD03160,BR001,2025-01-22,107.31,Completed
ORD03468,BR002,2025-01-22,23.22,Completed
ORD04478,BR003,2025-01-22,16.95,Completed
ORD04997,BR004,2025-01-22,80.34,Completed
ORD05207,BR004,2025-01-22,20.22,Completed
ORD06090,BR004,2025-01-22,37.4,Completed
ORD06746,BR003,2025-01-22,22.04,Completed
ORD00258,BR001,2025-01-23,57.22,Completed
ORD00736,BR002,2025-01-23,61.98,Completed
ORD01198,BR004,2025-01-23,16.92,Completed
ORD02200,BR003,2025-01-23,41.6,Completed
ORD02717,BR003,2025-01-23,57.33,Completed
ORD03542,BR002,2025-01-23,48.23,Completed
ORD03928,BR002,2025-01-23,59.04,Completed
ORD04003,BR001,2025-01-23,6.4,Completed
ORD04253,BR002,2025-01-23,63.81,Completed
ORD04808,BR001,2025-01-23,31.01,Completed
ORD05102,BR004,2025-01-23,29.51,Completed
ORD05155,BR001,2025-01-23,40.76,Completed
ORD05703,BR002,2025-01-23,37.66,Completed
ORD05790,BR001,2025-01-23,69.06,Completed
ORD06279,BR003,2025-01-23,85.74,Completed
ORD01824,BR003,2025-01-24,23.11,Completed
ORD02146,BR004,2025-01-24,77.07,Completed
ORD02695,BR003,2025-01-24,36.29,Completed
ORD03718,BR004,2025-01-24,15.09,Completed
ORD03741,BR001,2025-01-24,20.39,Completed
ORD04585,BR003,2025-01-24,11.31,Completed
ORD05961,BR001,2025-01-24,29.39,Completed
ORD06767,BR001,2025-01-24,55.11,Completed
ORD00341,BR003,2025-01-25,46.3,Completed
ORD00618,BR004,2025-01-25,73.01,Completed
ORD01713,BR003,2025-01-25,38.71,Completed
ORD02716,BR003,2025-01-25,18.37,Completed
ORD04665,BR001,2025-01-25,60.24,Completed
ORD04868,BR001,2025-01-25,42.67,Completed
ORD04918,BR001,2025-01-25,20.62,Completed
ORD05860,BR003,2025-01-25,60.24,Completed
ORD06155,BR004,2025-01-25,113.14,Completed
ORD06656,BR002,2025-01-25,48.72,Completed
ORD00097,BR003,2025-01-26,31.35,Completed
ORD00303,BR002,2025-01-26,14.3,Completed
ORD00717,BR001,2025-01-26,46.16,Completed
ORD01414,BR004,2025-01-26,53.7,Completed
ORD02055,BR004,2025-01-26,45.57,Completed
ORD02313,BR003,2025-01-26,42.42,Completed
ORD03113,BR003,2025-01-26,29.44,Completed
ORD04982,BR003,2025-01-26,80.82,Completed
ORD05456,BR004,2025-01-26,71.76,Completed
ORD05662,BR002,2025-01-26,30.33,Completed
ORD05876,BR001,2025-01-26,102.39,Completed
ORD01164,BR004,2025-01-27,10.84,Completed
ORD02431,BR002,2025-01-27,15.26,Completed
ORD03021,BR001,2025-01-27,18.7,Completed
ORD03292,BR003,2025-01-27,28.81,Completed
ORD03902,BR004,2025-01-27,19.01,Completed
ORD04066,BR002,2025-01-27,8.19,Completed
ORD04379,BR003,2025-01-27,29.7,Completed
ORD04600,BR004,2025-01-27,36.74,Completed
ORD04996,BR002,2025-01-27,11.87,Completed
ORD05134,BR002,2025-01-27,42.8,Completed
ORD05294,BR004,2025-01-27,51.46,Completed
ORD05372,BR004,2025-01-27,48.21,Completed
ORD05621,BR003,2025-01-27,50.85,Completed
ORD06605,BR003,2025-01-27,56.63,Completed
ORD00497,BR002,2025-01-28,54.25,Completed
ORD01915,BR001,2025-01-28,57.64,Completed
ORD02723,BR001,2025-01-28,69.66,Completed
ORD02931,BR003,2025-01-28,16.26,Completed
ORD03035,BR001,2025-01-28,132.06,Completed
ORD03427,BR002,2025-01-28,12.49,Completed
ORD04439,BR002,2025-01-28,75.33,Completed
ORD04809,BR001,2025-01-28,11.52,Completed
ORD05633,BR001,2025-01-28,48.03,Completed
ORD05693,BR001,2025-01-28,46.62,Completed
ORD06793,BR001,2025-01-28,27.94,Completed
ORD00259,BR002,2025-01-29,44.67,Completed
ORD00328,BR001,2025-01-29,14.3,Completed
ORD00450,BR003,2025-01-29,33.92,Completed
ORD00784,BR001,2025-01-29,36.63,Completed
ORD00966,BR004,2025-01-29,63.57,Completed
ORD01267,BR002,2025-01-29,88.25,Completed
ORD01997,BR001,2025-01-29,50.85,Completed
ORD03081,BR001,2025-01-29,52.71,Completed
ORD03482,BR003,2025-01-29,41.6,Completed
ORD03519,BR003,2025-01-29,26.28,Completed
ORD03976,BR002,2025-01-29,22.14,Completed
ORD04546,BR001,2025-01-29,52.35,Completed
ORD04625,BR004,2025-01-29,85.32,Completed
ORD05261,BR003,2025-01-29,33.93,Completed
ORD05716,BR002,2025-01-29,20.39,Completed
ORD06291,BR004,2025-01-29,48.53,Completed
ORD06768,BR001,2025-01-29,29.64,Completed
ORD06843,BR004,2025-01-29,17.28,Completed
ORD06974,BR001,2025-01-29,79.58,Completed
ORD00607,BR002,2025-01-30,19.2,Completed
ORD00702,BR001,2025-01-30,20.08,Completed
ORD02436,BR004,2025-01-30,86.58,Completed
ORD02829,BR002,2025-01-30,23.22,Completed
ORD03876,BR003,2025-01-30,66.12,Completed
ORD04051,BR001,2025-01-30,45.78,Completed
ORD04737,BR002,2025-01-30,17.26,Completed
ORD05265,BR002,2025-01-30,25.6,Completed
ORD06261,BR004,2025-01-30,63.09,Completed
ORD06405,BR002,2025-01-30,69.78,Completed
ORD06979,BR002,2025-01-30,15.72,Completed
ORD00946,BR003,2025-01-31,46.72,Completed
ORD01731,BR004,2025-01-31,46.27,Completed
ORD01783,BR004,2025-01-31,80.97,Completed
ORD01864,BR002,2025-01-31,17.83,Completed
ORD02026,BR004,2025-01-31,35.48,Completed
ORD02568,BR001,2025-01-31,30.93,Completed
ORD03600,BR004,2025-01-31,57.25,Completed
ORD04004,BR001,2025-01-31,16.38,Completed
ORD04199,BR004,2025-01-31,13.97,Completed
ORD04789,BR001,2025-01-31,19.94,Completed
ORD04958,BR002,2025-01-31,25.24,Completed
ORD04963,BR004,2025-01-31,27.42,Completed
ORD05350,BR002,2025-01-31,56.34,Completed
ORD05359,BR001,2025-01-31,41.61,Completed
ORD05680,BR003,2025-01-31,55.2,Completed
ORD06207,BR002,2025-01-31,19.8,Completed
ORD06354,BR003,2025-01-31,92.01,Completed
ORD06453,BR001,2025-01-31,33.93,Completed
ORD00311,BR004,2025-02-01,68.08,Completed
ORD00523,BR002,2025-02-01,90.87,Completed
ORD00943,BR004,2025-02-01,52.28,Completed
ORD01133,BR001,2025-02-01,45.78,Completed
ORD03078,BR001,2025-02-01,62.52,Completed
ORD04008,BR002,2025-02-01,21.62,Completed
ORD04319,BR003,2025-02-01,11.64,Completed
ORD04778,BR001,2025-02-01,11.64,Completed
ORD05768,BR003,2025-02-01,41.6,Completed
ORD05832,BR001,2025-02-01,66.88,Completed
ORD06855,BR002,2025-02-01,61.17,Completed
ORD00642,BR003,2025-02-02,54.82,Completed
ORD00877,BR003,2025-02-02,42.24,Completed
ORD02000,BR004,2025-02-02,48.49,Completed
ORD03084,BR002,2025-02-02,13.72,Completed
ORD04669,BR004,2025-02-02,94.08,Completed
ORD05480,BR002,2025-02-02,6.75,Completed
ORD05940,BR004,2025-02-02,23.52,Completed
ORD06521,BR004,2025-02-02,53.32,Completed
ORD06895,BR001,2025-02-02,40.76,Completed
ORD01051,BR004,2025-02-03,16.92,Completed
ORD01656,BR002,2025-02-03,43.52,Completed
ORD01699,BR002,2025-02-03,84.28,Completed
ORD02748,BR004,2025-02-03,54.74,Completed
ORD03440,BR004,2025-02-03,37.4,Completed
ORD04211,BR003,2025-02-03,48.07,Completed
ORD04240,BR004,2025-02-03,38.11,Completed
ORD04822,BR004,2025-02-03,41.84,Completed
ORD06040,BR002,2025-02-03,41.51,Completed
ORD00292,BR001,2025-02-04,11.31,Completed
ORD00501,BR003,2025-02-04,47.34,Completed
ORD03123,BR001,2025-02-04,43.52,Completed
ORD03591,BR002,2025-02-04,83.9,Completed
ORD03863,BR003,2025-02-04,83.69,Completed
ORD04070,BR004,2025-02-04,45.97,Completed
ORD04370,BR001,2025-02-04,46.81,Completed
ORD04515,BR003,2025-02-04,10.06,Completed
ORD06589,BR002,2025-02-04,62.24,Completed
ORD00182,BR004,2025-02-05,75.24,Completed
ORD01228,BR001,2025-02-05,44.08,Completed
ORD01458,BR001,2025-02-05,48.77,Completed
ORD03302,BR001,2025-02-05,62.82,Completed
ORD03728,BR004,2025-02-05,15.68,Completed
ORD04649,BR003,2025-02-05,23.36,Completed
ORD05138,BR002,2025-02-05,46.44,Completed
ORD05170,BR001,2025-02-05,39.73,Completed
ORD05269,BR001,2025-02-05,48.2,Completed
ORD05424,BR003,2025-02-05,21.76,Completed
ORD06350,BR002,2025-02-05,21.95,Completed
ORD06657,BR003,2025-02-05,45.51,Completed
ORD06803,BR004,2025-02-05,21.76,Completed
ORD00423,BR001,2025-02-06,34.25,Completed
ORD00646,BR003,2025-02-06,30.52,Completed
ORD01159,BR002,2025-02-06,54.0,Completed
ORD01191,BR001,2025-02-06,81.08,Completed
ORD01684,BR004,2025-02-06,9.14,Completed
ORD02218,BR003,2025-02-06,42.19,Completed
ORD02610,BR001,2025-02-06,15.09,Completed
ORD02927,BR002,2025-02-06,101.04,Completed
ORD04523,BR002,2025-02-06,96.63,Completed
ORD05699,BR002,2025-02-06,16.71,Completed
ORD06529,BR004,2025-02-06,52.09,Completed
ORD00555,BR004,2025-02-07,15.26,Completed
ORD01667,BR001,2025-02-07,41.77,Completed
ORD01851,BR001,2025-02-07,5.76,Completed
ORD04591,BR004,2025-02-07,8.19,Completed
ORD04660,BR004,2025-02-07,81.8,Completed
ORD04909,BR001,2025-02-07,55.11,Completed
ORD05435,BR002,2025-02-07,20.22,Completed
ORD06187,BR003,2025-02-07,56.7,Completed
ORD06548,BR002,2025-02-07,18.7,Completed
ORD06625,BR001,2025-02-07,25.89,Completed
ORD00380,BR004,2025-02-08,39.75,Completed
ORD01109,BR004,2025-02-08,19.8,Completed
ORD01118,BR004,2025-02-08,45.6,Completed
ORD01487,BR004,2025-02-08,61.14,Completed
ORD02250,BR004,2025-02-08,8.63,Completed
ORD02442,BR001,2025-02-08,99.75,Completed
ORD03176,BR001,2025-02-08,52.12,Completed
ORD03386,BR001,2025-02-08,45.52,Completed
ORD03394,BR004,2025-02-08,34.92,Completed
ORD03521,BR002,2025-02-08,19.39,Completed
ORD03531,BR004,2025-02-08,16.26,Completed
ORD03669,BR001,2025-02-08,11.74,Completed
ORD03864,BR003,2025-02-08,29.7,Completed
ORD04620,BR001,2025-02-08,32.93,Completed
ORD05852,BR002,2025-02-08,20.22,Completed
ORD06391,BR003,2025-02-08,80.37,Completed
ORD06471,BR003,2025-02-08,42.38,Completed
ORD00490,BR001,2025-02-09,9.9,Completed
ORD01625,BR002,2025-02-09,49.19,Completed
ORD01825,BR001,2025-02-09,61.13,Completed
ORD04187,BR002,2025-02-09,40.78,Completed
ORD04760,BR003,2025-02-09,20.22,Completed
ORD06174,BR004,2025-02-09,17.26,Completed
ORD00301,BR003,2025-02-10,75.0,Completed
ORD00352,BR001,2025-02-10,41.19,Completed
ORD00532,BR001,2025-02-10,76.87,Completed
ORD01009,BR002,2025-02-10,60.24,Completed
ORD01148,BR002,2025-02-10,35.48,Completed
ORD01644,BR004,2025-02-10,110.55,Completed
ORD01705,BR004,2025-02-10,32.16,Completed
ORD02468,BR003,2025-02-10,21.03,Completed
ORD03472,BR001,2025-02-10,39.86,Completed
ORD03870,BR001,2025-02-10,28.76,Completed
ORD04416,BR004,2025-02-10,20.22,Completed
ORD05006,BR002,2025-02-10,88.08,Completed
ORD05147,BR002,2025-02-10,31.5,Completed
ORD00028,BR004,2025-02-11,6.75,Completed
ORD00030,BR001,2025-02-11,35.77,Completed
ORD00916,BR002,2025-02-11,21.45,Completed
ORD01193,BR003,2025-02-11,48.26,Completed
ORD01522,BR004,2025-02-11,31.58,Completed
ORD01591,BR001,2025-02-11,27.13,Completed
ORD01778,BR004,2025-02-11,57.36,Completed
ORD01786,BR004,2025-02-11,46.04,Completed
ORD01826,BR002,2025-02-11,21.45,Completed
ORD01859,BR004,2025-02-11,21.76,Completed
ORD02057,BR003,2025-02-11,56.86,Completed
ORD02596,BR004,2025-02-11,69.06,Completed
ORD03138,BR001,2025-02-11,77.52,Completed
ORD03570,BR001,2025-02-11,25.6,Completed
ORD03581,BR004,2025-02-11,75.02,Completed
ORD05071,BR004,2025-02-11,22.62,Completed
ORD05244,BR001,2025-02-11,20.62,Completed
ORD05643,BR001,2025-02-11,60.63,Completed
ORD05830,BR001,2025-02-11,35.22,Completed
ORD06840,BR003,2025-02-11,31.08,Completed
ORD00592,BR003,2025-02-12,26.83,Completed
ORD01498,BR001,2025-02-12,85.68,Completed
ORD01862,BR004,2025-02-12,30.14,Completed
ORD03788,BR002,2025-02-12,51.16,Completed
ORD04925,BR004,2025-02-12,38.85,Completed
ORD05283,BR004,2025-02-12,47.16,Completed
ORD05867,BR003,2025-02-12,11.64,Completed
ORD05998,BR003,2025-02-12,122.31,Completed
ORD06711,BR001,2025-02-12,5.42,Completed
ORD01621,BR002,2025-02-13,21.19,Completed
ORD01761,BR003,2025-02-13,22.04,Completed
ORD02145,BR002,2025-02-13,46.66,Completed
ORD02994,BR002,2025-02-13,69.78,Completed
ORD03483,BR001,2025-02-13,23.74,Completed
ORD04715,BR003,2025-02-13,39.78,Completed
ORD05080,BR003,2025-02-13,35.22,Completed
ORD05384,BR003,2025-02-13,22.62,Completed
ORD05761,BR002,2025-02-13,44.46,Completed
ORD06400,BR003,2025-02-13,15.26,Completed
ORD06404,BR002,2025-02-13,39.08,Completed
ORD06573,BR004,2025-02-13,48.26,Completed
ORD06965,BR003,2025-02-13,27.46,Completed
ORD00254,BR002,2025-02-14,55.95,Completed
ORD00934,BR004,2025-02-14,24.57,Completed
ORD05159,BR004,2025-02-14,34.92,Completed
ORD05923,BR001,2025-02-14,61.17,Completed
ORD06188,BR002,2025-02-14,40.56,Completed
ORD06274,BR001,2025-02-14,60.69,Completed
ORD06780,BR002,2025-02-14,23.52,Completed
ORD00106,BR002,2025-02-15,51.54,Completed
ORD00464,BR004,2025-02-15,73.88,Completed
ORD00576,BR003,2025-02-15,14.3,Completed
ORD01149,BR001,2025-02-15,5.03,Completed
ORD01272,BR002,2025-02-15,17.74,Completed
ORD01402,BR001,2025-02-15,67.54,Completed
ORD01611,BR001,2025-02-15,17.28,Completed
ORD01678,BR003,2025-02-15,112.56,Completed
ORD02042,BR001,2025-02-15,6.86,Completed
ORD02284,BR002,2025-02-15,68.4,Completed
ORD02399,BR001,2025-02-15,30.2,Completed
ORD04186,BR004,2025-02-15,8.19,Completed
ORD04826,BR004,2025-02-15,31.08,Completed
ORD04867,BR004,2025-02-15,43.41,Completed
ORD05922,BR001,2025-02-15,6.4,Completed
ORD06023,BR002,2025-02-15,58.27,Completed
ORD06996,BR004,2025-02-15,23.28,Completed
ORD02161,BR002,2025-02-16,31.44,Completed
ORD02790,BR002,2025-02-16,35.22,Completed
ORD02914,BR002,2025-02-16,20.25,Completed
ORD03219,BR001,2025-02-16,60.49,Completed
ORD03953,BR002,2025-02-16,42.26,Completed
ORD04061,BR003,2025-02-16,55.91,Completed
ORD04175,BR004,2025-02-16,46.72,Completed
ORD04368,BR003,2025-02-16,59.22,Completed
ORD05077,BR003,2025-02-16,69.33,Completed
ORD05199,BR004,2025-02-16,20.8,Completed
ORD05416,BR004,2025-02-16,18.28,Completed
ORD05915,BR003,2025-02-16,11.68,Completed
ORD06571,BR002,2025-02-16,117.24,Completed
ORD00885,BR003,2025-02-17,27.46,Completed
ORD01530,BR004,2025-02-17,41.19,Completed
ORD01695,BR003,2025-02-17,18.28,Completed
ORD01739,BR003,2025-02-17,80.73,Completed
ORD02025,BR003,2025-02-17,65.13,Completed
ORD02106,BR002,2025-02-17,60.59,Completed
ORD02199,BR001,2025-02-17,24.57,Completed
ORD02446,BR004,2025-02-17,41.91,Completed
ORD02566,BR004,2025-02-17,38.88,Completed
ORD03393,BR001,2025-02-17,15.68,Completed
ORD04232,BR002,2025-02-17,96.3,Completed
ORD04606,BR001,2025-02-17,43.42,Completed
ORD04703,BR002,2025-02-17,15.95,Completed
ORD06148,BR003,2025-02-17,69.06,Completed
ORD01501,BR001,2025-02-18,66.12,Completed
ORD02349,BR003,2025-02-18,12.96,Completed
ORD04065,BR004,2025-02-18,58.83,Completed
ORD04121,BR003,2025-02-18,42.38,Completed
ORD04381,BR004,2025-02-18,18.28,Completed
ORD04549,BR002,2025-02-18,29.7,Completed
ORD04618,BR004,2025-02-18,47.16,Completed
ORD04757,BR004,2025-02-18,6.05,Completed
ORD05389,BR002,2025-02-18,23.69,Completed
ORD06285,BR003,2025-02-18,26.28,Completed
ORD06910,BR002,2025-02-18,15.09,Completed
ORD06936,BR004,2025-02-18,69.51,Completed
ORD00792,BR004,2025-02-19,27.46,Completed
ORD00956,BR003,2025-02-19,16.95,Completed
ORD03388,BR004,2025-02-19,18.7,Completed
ORD03450,BR003,2025-02-19,36.74,Completed
ORD04861,BR004,2025-02-19,12.96,Completed
ORD04985,BR004,2025-02-19,55.62,Completed
ORD05174,BR003,2025-02-19,16.95,Completed
ORD05715,BR001,2025-02-19,65.97,Completed
ORD06789,BR001,2025-02-19,91.64,Completed
ORD00890,BR004,2025-02-20,29.5,Completed
ORD02540,BR001,2025-02-20,11.28,Completed
ORD02752,BR001,2025-02-20,47.84,Completed
ORD02862,BR001,2025-02-20,59.44,Completed
ORD03108,BR001,2025-02-20,10.31,Completed
ORD05213,BR003,2025-02-20,38.88,Completed
ORD05335,BR002,2025-02-20,66.64,Completed
ORD05478,BR003,2025-02-20,48.72,Completed
ORD05839,BR001,2025-02-20,59.79,Completed
ORD00264,BR001,2025-02-21,10.06,Completed
ORD00392,BR001,2025-02-21,42.06,Completed
ORD01122,BR003,2025-02-21,9.9,Completed
ORD01255,BR001,2025-02-21,85.63,Completed
ORD02183,BR002,2025-02-21,13.72,Completed
ORD02747,BR001,2025-02-21,7.84,Completed
ORD03289,BR001,2025-02-21,25.92,Completed
ORD03451,BR003,2025-02-21,11.68,Completed
ORD03906,BR003,2025-02-21,31.03,Completed
ORD04208,BR003,2025-02-21,78.57,Completed
ORD04441,BR003,2025-02-21,46.04,Completed
ORD04675,BR001,2025-02-21,12.8,Completed
ORD04790,BR001,2025-02-21,23.48,Completed
ORD04908,BR003,2025-02-21,63.67,Completed
ORD06592,BR004,2025-02-21,28.9,Completed
ORD00304,BR003,2025-02-22,56.68,Completed
ORD00851,BR003,2025-02-22,72.42,Completed
ORD02228,BR003,2025-02-22,36.29,Completed
ORD02534,BR003,2025-02-22,32.94,Completed
ORD02889,BR002,2025-02-22,61.14,Completed
ORD03060,BR004,2025-02-22,24.98,Completed
ORD03794,BR003,2025-02-22,15.09,Completed
ORD04104,BR001,2025-02-22,9.9,Completed
ORD05608,BR001,2025-02-22,42.08,Completed
ORD06532,BR004,2025-02-22,13.97,Completed
ORD06704,BR002,2025-02-22,17.77,Completed
ORD00173,BR001,2025-02-23,46.16,Completed
ORD01800,BR002,2025-02-23,44.08,Completed
ORD02126,BR001,2025-02-23,21.76,Completed
ORD02151,BR001,2025-02-23,68.9,Completed
ORD03093,BR003,2025-02-23,38.77,Completed
ORD03288,BR001,2025-02-23,6.05,Completed
ORD03520,BR003,2025-02-23,55.79,Completed
ORD04138,BR001,2025-02-23,21.19,Completed
ORD05522,BR001,2025-02-23,11.31,Completed
ORD06072,BR002,2025-02-23,13.97,Completed
ORD06342,BR003,2025-02-23,13.97,Completed
ORD06679,BR003,2025-02-23,39.28,Completed
ORD00869,BR003,2025-02-24,50.85,Completed
ORD00904,BR004,2025-02-24,95.28,Completed
ORD01020,BR003,2025-02-24,46.44,Completed
ORD01496,BR004,2025-02-24,21.76,Completed
ORD01543,BR003,2025-02-24,34.91,Completed
ORD01639,BR003,2025-02-24,27.46,Completed
ORD02096,BR002,2025-02-24,35.04,Completed
ORD02949,BR002,2025-02-24,27.66,Completed
ORD03003,BR003,2025-02-24,29.44,Completed
ORD04273,BR001,2025-02-24,66.84,Completed
ORD04526,BR002,2025-02-24,20.74,Completed
ORD04565,BR002,2025-02-24,13.48,Completed
ORD00134,BR001,2025-02-25,23.86,Completed
ORD01626,BR001,2025-02-25,73.3,Completed
ORD02818,BR002,2025-02-25,69.06,Completed
ORD03047,BR002,2025-02-25,132.9,Completed
ORD04269,BR004,2025-02-25,14.72,Completed
ORD04329,BR001,2025-02-25,41.91,Completed
ORD04453,BR002,2025-02-25,19.15,Completed
ORD05243,BR004,2025-02-25,74.58,Completed
ORD05917,BR004,2025-02-25,33.31,Completed
ORD00807,BR002,2025-02-26,36.74,Completed
ORD01242,BR003,2025-02-26,34.01,Completed
ORD01889,BR004,2025-02-26,16.38,Completed
ORD02822,BR002,2025-02-26,41.75,Completed
ORD03163,BR001,2025-02-26,20.62,Completed
ORD05342,BR004,2025-02-26,23.36,Completed
ORD06189,BR002,2025-02-26,10.06,Completed
ORD06219,BR002,2025-02-26,35.52,Completed
ORD06590,BR001,2025-02-26,16.38,Completed
ORD00037,BR001,2025-02-27,62.4,Completed
ORD00129,BR002,2025-02-27,16.26,Completed
ORD00336,BR001,2025-02-27,40.56,Completed
ORD01063,BR001,2025-02-27,51.22,Completed
ORD01662,BR002,2025-02-27,39.69,Completed
ORD01878,BR004,2025-02-27,51.38,Completed
ORD02817,BR002,2025-02-27,36.1,Completed
ORD03898,BR001,2025-02-27,81.9,Completed
ORD03995,BR003,2025-02-27,23.79,Completed
ORD05095,BR001,2025-02-27,81.79,Completed
ORD05237,BR003,2025-02-27,91.68,Completed
ORD05248,BR002,2025-02-27,50.23,Completed
ORD05410,BR003,2025-02-27,13.14,Completed
ORD06737,BR002,2025-02-27,34.33,Completed
ORD06826,BR001,2025-02-27,36.74,Completed
ORD00623,BR002,2025-02-28,42.38,Completed
ORD01408,BR004,2025-02-28,64.93,Completed
ORD01485,BR003,2025-02-28,45.78,Completed
ORD03783,BR003,2025-02-28,45.78,Completed
ORD03832,BR004,2025-02-28,44.16,Completed
ORD03833,BR003,2025-02-28,40.64,Completed
ORD03930,BR003,2025-02-28,82.34,Completed
ORD05595,BR004,2025-02-28,56.1,Completed
ORD05844,BR003,2025-02-28,54.92,Completed
ORD01359,BR002,2025-03-01,26.32,Completed
ORD01580,BR001,2025-03-01,51.64,Completed
ORD02574,BR001,2025-03-01,46.96,Completed
ORD02651,BR003,2025-03-01,23.52,Completed
ORD02972,BR002,2025-03-01,11.31,Completed
ORD03150,BR001,2025-03-01,69.83,Completed
ORD03949,BR003,2025-03-01,30.52,Completed
ORD06016,BR003,2025-03-01,47.53,Completed
ORD06108,BR002,2025-03-01,82.79,Completed
ORD06463,BR004,2025-03-01,33.93,Completed
ORD06648,BR002,2025-03-01,105.22,Completed
ORD00095,BR004,2025-03-02,13.5,Completed
ORD00277,BR001,2025-03-02,23.28,Completed
ORD00363,BR003,2025-03-02,60.45,Completed
ORD00446,BR004,2025-03-02,56.55,Completed
ORD01928,BR003,2025-03-02,5.76,Completed
ORD02546,BR004,2025-03-02,77.3,Completed
ORD03609,BR003,2025-03-02,40.74,Completed
ORD03760,BR001,2025-03-02,15.68,Completed
ORD04358,BR001,2025-03-02,30.95,Completed
ORD04879,BR002,2025-03-02,29.44,Completed
ORD05369,BR001,2025-03-02,27.78,Completed
ORD05813,BR004,2025-03-02,36.76,Completed
ORD06094,BR004,2025-03-02,10.31,Completed
ORD06905,BR002,2025-03-02,33.9,Completed
ORD06917,BR002,2025-03-02,31.6,Completed
ORD06992,BR003,2025-03-02,65.28,Completed
ORD00249,BR002,2025-03-03,66.42,Completed
ORD00383,BR002,2025-03-03,20.39,Completed
ORD01813,BR002,2025-03-03,61.34,Completed
ORD01814,BR004,2025-03-03,53.38,Completed
ORD02490,BR004,2025-03-03,10.84,Completed
ORD03190,BR002,2025-03-03,8.19,Completed
ORD03702,BR001,2025-03-03,20.08,Completed
ORD04676,BR001,2025-03-03,26.93,Completed
ORD04898,BR004,2025-03-03,23.48,Completed
ORD05613,BR003,2025-03-03,48.62,Completed
ORD06773,BR004,2025-03-03,20.22,Completed
ORD00246,BR001,2025-03-04,69.0,Completed
ORD01279,BR002,2025-03-04,37.47,Completed
ORD01627,BR003,2025-03-04,36.98,Completed
ORD01729,BR003,2025-03-04,27.44,Completed
ORD02032,BR003,2025-03-04,48.0,Completed
ORD03125,BR003,2025-03-04,25.65,Completed
ORD04730,BR001,2025-03-04,41.91,Completed
ORD04832,BR001,2025-03-04,11.28,Completed
ORD05694,BR004,2025-03-04,8.63,Completed
ORD00694,BR004,2025-03-05,56.5,Completed
ORD01018,BR001,2025-03-05,23.11,Completed
ORD02628,BR001,2025-03-05,61.35,Completed
ORD02758,BR004,2025-03-05,44.42,Completed
ORD02907,BR003,2025-03-05,13.14,Completed
ORD03233,BR001,2025-03-05,47.59,Completed
ORD03416,BR003,2025-03-05,53.5,Completed
ORD03517,BR004,2025-03-05,21.45,Completed
ORD04085,BR004,2025-03-05,13.73,Completed
ORD04371,BR003,2025-03-05,29.7,Completed
ORD04637,BR001,2025-03-05,75.1,Completed
ORD04912,BR004,2025-03-05,76.52,Completed
ORD05542,BR003,2025-03-05,61.14,Completed
ORD05746,BR002,2025-03-05,29.44,Completed
ORD06901,BR004,2025-03-05,54.91,Completed
ORD00054,BR002,2025-03-06,18.37,Completed
ORD00065,BR004,2025-03-06,61.44,Completed
ORD01130,BR001,2025-03-06,31.44,Completed
ORD03023,BR003,2025-03-06,92.46,Completed
ORD03615,BR004,2025-03-06,46.44,Completed
ORD04262,BR003,2025-03-06,95.07,Completed
ORD06230,BR003,2025-03-06,64.93,Completed
ORD06407,BR004,2025-03-06,17.26,Completed
ORD00843,BR003,2025-03-07,11.28,Completed
ORD01261,BR003,2025-03-07,16.26,Completed
ORD01636,BR004,2025-03-07,97.29,Completed
ORD03603,BR004,2025-03-07,69.66,Completed
ORD04566,BR001,2025-03-07,72.71,Completed
ORD05631,BR002,2025-03-07,20.38,Completed
ORD06185,BR002,2025-03-07,37.34,Completed
ORD06280,BR002,2025-03-07,63.36,Completed
ORD00140,BR001,2025-03-08,20.22,Completed
ORD00468,BR002,2025-03-08,20.62,Completed
ORD01400,BR004,2025-03-08,60.12,Completed
ORD02013,BR002,2025-03-08,53.42,Completed
ORD02394,BR003,2025-03-08,32.94,Completed
ORD02427,BR002,2025-03-08,127.68,Completed
ORD02542,BR002,2025-03-08,26.28,Completed
ORD02791,BR003,2025-03-08,30.88,Completed
ORD03475,BR002,2025-03-08,13.73,Completed
ORD04558,BR004,2025-03-08,60.63,Completed
ORD05960,BR003,2025-03-08,30.8,Completed
ORD06075,BR003,2025-03-08,19.2,Completed
ORD00951,BR002,2025-03-09,41.91,Completed
ORD01951,BR004,2025-03-09,102.0,Completed
ORD02077,BR002,2025-03-09,11.28,Completed
ORD03234,BR002,2025-03-09,38.11,Completed
ORD03300,BR004,2025-03-09,24.98,Completed
ORD03305,BR004,2025-03-09,37.4,Completed
ORD03360,BR002,2025-03-09,14.3,Completed
ORD04171,BR002,2025-03-09,25.98,Completed
ORD05357,BR004,2025-03-09,51.54,Completed
ORD06651,BR001,2025-03-09,65.44,Completed
ORD06792,BR003,2025-03-09,39.81,Completed
ORD06900,BR004,2025-03-09,38.38,Completed
ORD01250,BR003,2025-03-10,22.0,Completed
ORD01271,BR003,2025-03-10,45.23,Completed
ORD01967,BR004,2025-03-10,23.28,Completed
ORD02350,BR002,2025-03-10,19.8,Completed
ORD03355,BR003,2025-03-10,6.74,Completed
ORD03634,BR002,2025-03-10,23.36,Completed
ORD04315,BR003,2025-03-10,47.16,Completed
ORD04544,BR004,2025-03-10,34.71,Completed
ORD04739,BR001,2025-03-10,69.14,Completed
ORD04887,BR001,2025-03-10,55.81,Completed
ORD06392,BR002,2025-03-10,59.06,Completed
ORD06949,BR003,2025-03-10,47.47,Completed
ORD00326,BR004,2025-03-11,36.66,Completed
ORD00767,BR001,2025-03-11,55.47,Completed
ORD00871,BR001,2025-03-11,23.11,Completed
ORD02016,BR003,2025-03-11,49.41,Completed
ORD03488,BR001,2025-03-11,60.24,Completed
ORD03744,BR002,2025-03-11,37.09,Completed
ORD04648,BR003,2025-03-11,23.22,Completed
ORD05246,BR004,2025-03-11,20.22,Completed
ORD05932,BR001,2025-03-11,46.22,Completed
ORD06535,BR001,2025-03-11,22.04,Completed
ORD01489,BR002,2025-03-12,42.38,Completed
ORD01513,BR001,2025-03-12,33.9,Completed
ORD01754,BR004,2025-03-12,18.43,Completed
ORD01857,BR003,2025-03-12,17.77,Completed
ORD02280,BR004,2025-03-12,40.25,Completed
ORD02689,BR003,2025-03-12,109.16,Completed
ORD04451,BR004,2025-03-12,35.61,Completed
ORD05287,BR004,2025-03-12,56.1,Completed
ORD06240,BR001,2025-03-12,34.09,Completed
ORD00509,BR001,2025-03-13,43.52,Completed
ORD01388,BR001,2025-03-13,36.66,Completed
ORD01581,BR004,2025-03-13,32.63,Completed
ORD02699,BR001,2025-03-13,116.97,Completed
ORD02731,BR001,2025-03-13,10.84,Completed
ORD03342,BR001,2025-03-13,84.92,Completed
ORD03777,BR002,2025-03-13,30.93,Completed
ORD03957,BR003,2025-03-13,40.78,Completed
ORD04045,BR001,2025-03-13,23.28,Completed
ORD04987,BR001,2025-03-13,84.82,Completed
ORD05451,BR002,2025-03-13,11.87,Completed
ORD05453,BR003,2025-03-13,23.48,Completed
ORD06099,BR003,2025-03-13,35.54,Completed
ORD00388,BR003,2025-03-14,86.16,Completed
ORD01280,BR002,2025-03-14,24.42,Completed
ORD01887,BR001,2025-03-14,50.13,Completed
ORD03164,BR003,2025-03-14,52.56,Completed
ORD03617,BR003,2025-03-14,20.39,Completed
ORD04264,BR003,2025-03-14,33.93,Completed
ORD06522,BR004,2025-03-14,21.03,Completed
ORD06906,BR001,2025-03-14,23.7,Completed
ORD00368,BR003,2025-03-15,46.85,Completed
ORD00531,BR001,2025-03-15,65.58,Completed
ORD01291,BR001,2025-03-15,25.29,Completed
ORD01438,BR004,2025-03-15,46.62,Completed
ORD01460,BR002,2025-03-15,23.36,Completed
ORD02536,BR001,2025-03-15,41.6,Completed
ORD03183,BR001,2025-03-15,23.52,Completed
ORD04049,BR002,2025-03-15,116.13,Completed
ORD05787,BR003,2025-03-15,43.4,Completed
ORD00031,BR002,2025-03-16,88.68,Completed
ORD00060,BR002,2025-03-16,65.28,Completed
ORD00519,BR004,2025-03-16,27.46,Completed
ORD00751,BR003,2025-03-16,92.22,Completed
ORD00953,BR004,2025-03-16,31.44,Completed
ORD01232,BR004,2025-03-16,80.32,Completed
ORD02243,BR001,2025-03-16,105.33,Completed
ORD02249,BR001,2025-03-16,7.84,Completed
ORD02830,BR004,2025-03-16,86.22,Completed
ORD03296,BR002,2025-03-16,32.18,Completed
ORD03397,BR002,2025-03-16,22.8,Completed
ORD03445,BR002,2025-03-16,33.9,Completed
ORD04154,BR003,2025-03-16,51.42,Completed
ORD05577,BR002,2025-03-16,62.4,Completed
ORD06183,BR003,2025-03-16,37.52,Completed
ORD06349,BR002,2025-03-16,23.74,Completed
ORD06801,BR003,2025-03-16,46.22,Completed
ORD00369,BR003,2025-03-17,13.97,Completed
ORD01038,BR001,2025-03-17,60.76,Completed
ORD02867,BR001,2025-03-17,20.58,Completed
ORD04141,BR003,2025-03-17,9.9,Completed
ORD05020,BR001,2025-03-17,39.57,Completed
ORD05352,BR002,2025-03-17,45.78,Completed
ORD05640,BR003,2025-03-17,86.04,Completed
ORD05748,BR004,2025-03-17,24.57,Completed
ORD06728,BR004,2025-03-17,63.57,Completed
ORD06769,BR001,2025-03-17,18.15,Completed
ORD06983,BR001,2025-03-17,9.9,Completed
ORD00026,BR003,2025-03-18,11.28,Completed
ORD00222,BR004,2025-03-18,18.7,Completed
ORD00912,BR001,2025-03-18,56.86,Completed
ORD01269,BR001,2025-03-18,58.69,Completed
ORD01452,BR004,2025-03-18,23.22,Completed
ORD01853,BR002,2025-03-18,15.68,Completed
ORD02662,BR003,2025-03-18,13.5,Completed
ORD02891,BR003,2025-03-18,30.93,Completed
ORD03597,BR002,2025-03-18,48.03,Completed
ORD03861,BR004,2025-03-18,27.94,Completed
ORD03967,BR002,2025-03-18,124.26,Completed
ORD04137,BR003,2025-03-18,37.0,Completed
ORD04594,BR004,2025-03-18,105.0,Completed
ORD05770,BR001,2025-03-18,51.8,Completed
ORD06957,BR003,2025-03-18,35.2,Completed
ORD00102,BR001,2025-03-19,62.4,Completed
ORD00243,BR003,2025-03-19,110.28,Completed
ORD00286,BR002,2025-03-19,44.55,Completed
ORD00548,BR001,2025-03-19,62.4,Completed
ORD03548,BR003,2025-03-19,90.72,Completed
ORD05586,BR003,2025-03-19,13.73,Completed
ORD06907,BR004,2025-03-19,29.44,Completed
ORD00955,BR002,2025-03-20,52.05,Completed
ORD01098,BR002,2025-03-20,46.62,Completed
ORD01173,BR003,2025-03-20,15.09,Completed
ORD01486,BR003,2025-03-20,8.63,Completed
ORD02162,BR001,2025-03-20,44.08,Completed
ORD02286,BR003,2025-03-20,75.24,Completed
ORD02475,BR003,2025-03-20,73.31,Completed
ORD03024,BR002,2025-03-20,63.57,Completed
ORD03477,BR003,2025-03-20,45.6,Completed
ORD03752,BR004,2025-03-20,7.84,Completed
ORD05053,BR004,2025-03-20,45.6,Completed
ORD00908,BR001,2025-03-21,41.91,Completed
ORD00917,BR004,2025-03-21,17.77,Completed
ORD01013,BR003,2025-03-21,69.06,Completed
ORD01322,BR003,2025-03-21,18.7,Completed
ORD01335,BR002,2025-03-21,21.21,Completed
ORD02111,BR004,2025-03-21,49.41,Completed
ORD02586,BR002,2025-03-21,65.28,Completed
ORD04605,BR003,2025-03-21,46.62,Completed
ORD04783,BR001,2025-03-21,5.03,Completed
ORD05939,BR003,2025-03-21,41.38,Completed
ORD05979,BR004,2025-03-21,13.5,Completed
ORD06394,BR004,2025-03-21,41.01,Completed
ORD06536,BR002,2025-03-21,35.61,Completed
ORD00204,BR002,2025-03-22,84.63,Completed
ORD00948,BR001,2025-03-22,45.6,Completed
ORD01687,BR001,2025-03-22,61.14,Completed
ORD03275,BR001,2025-03-22,62.86,Completed
ORD03374,BR001,2025-03-22,68.4,Completed
ORD03582,BR002,2025-03-22,58.4,Completed
ORD03690,BR002,2025-03-22,47.54,Completed
ORD03755,BR002,2025-03-22,46.22,Completed
ORD04139,BR001,2025-03-22,106.74,Completed
ORD04610,BR001,2025-03-22,13.14,Completed
ORD04640,BR003,2025-03-22,27.46,Completed
ORD05185,BR003,2025-03-22,25.01,Completed
ORD05233,BR001,2025-03-22,28.85,Completed
ORD05987,BR001,2025-03-22,36.5,Completed
ORD06084,BR004,2025-03-22,35.04,Completed
ORD06137,BR004,2025-03-22,12.1,Completed
ORD06352,BR003,2025-03-22,61.11,Completed
ORD00320,BR003,2025-03-23,79.26,Completed
ORD00474,BR001,2025-03-23,69.99,Completed
ORD01245,BR002,2025-03-23,39.82,Completed
ORD01326,BR004,2025-03-23,65.28,Completed
ORD01861,BR002,2025-03-23,26.28,Completed
ORD02327,BR002,2025-03-23,46.27,Completed
ORD02521,BR004,2025-03-23,62.4,Completed
ORD02740,BR002,2025-03-23,43.78,Completed
ORD04537,BR003,2025-03-23,40.48,Completed
ORD04806,BR002,2025-03-23,23.11,Completed
ORD04930,BR004,2025-03-23,56.5,Completed
ORD05850,BR003,2025-03-23,30.52,Completed
ORD06004,BR002,2025-03-23,20.38,Completed
ORD06381,BR004,2025-03-23,43.17,Completed
ORD06423,BR004,2025-03-23,29.53,Completed
ORD00620,BR002,2025-03-24,46.17,Completed
ORD01026,BR004,2025-03-24,52.44,Completed
ORD01078,BR003,2025-03-24,31.08,Completed
ORD01114,BR002,2025-03-24,24.48,Completed
ORD01178,BR004,2025-03-24,30.52,Completed
ORD02367,BR004,2025-03-24,22.04,Completed
ORD02458,BR001,2025-03-24,29.7,Completed
ORD02760,BR003,2025-03-24,64.62,Completed
ORD05091,BR003,2025-03-24,49.9,Completed
ORD05306,BR003,2025-03-24,65.16,Completed
ORD05366,BR004,2025-03-24,17.38,Completed
ORD06713,BR004,2025-03-24,38.88,Completed
ORD00191,BR002,2025-03-25,100.77,Completed
ORD00283,BR002,2025-03-25,14.3,Completed
ORD00327,BR002,2025-03-25,45.6,Completed
ORD01262,BR001,2025-03-25,19.23,Completed
ORD01832,BR004,2025-03-25,18.15,Completed
ORD03155,BR001,2025-03-25,36.86,Completed
ORD03699,BR001,2025-03-25,36.09,Completed
ORD03883,BR003,2025-03-25,122.64,Completed
ORD04459,BR002,2025-03-25,44.08,Completed
ORD05444,BR003,2025-03-25,43.52,Completed
ORD06631,BR004,2025-03-25,15.26,Completed
ORD06676,BR004,2025-03-25,57.37,Completed
ORD06821,BR001,2025-03-25,49.41,Completed
ORD06835,BR002,2025-03-25,59.22,Completed
ORD06966,BR002,2025-03-25,19.2,Completed
ORD00637,BR001,2025-03-26,88.63,Completed
ORD01032,BR002,2025-03-26,62.38,Completed
ORD01632,BR003,2025-03-26,5.42,Completed
ORD02216,BR001,2025-03-26,6.86,Completed
ORD02238,BR001,2025-03-26,58.87,Completed
ORD02992,BR002,2025-03-26,56.55,Completed
ORD03140,BR001,2025-03-26,22.04,Completed
ORD03346,BR003,2025-03-26,34.75,Completed
ORD03720,BR001,2025-03-26,91.51,Completed
ORD04560,BR001,2025-03-26,29.7,Completed
ORD05012,BR004,2025-03-26,30.93,Completed
ORD05412,BR004,2025-03-26,46.62,Completed
ORD05438,BR004,2025-03-26,47.16,Completed
ORD05441,BR002,2025-03-26,23.74,Completed
ORD02308,BR004,2025-03-27,34.36,Completed
ORD03012,BR002,2025-03-27,25.92,Completed
ORD03638,BR002,2025-03-27,19.8,Completed
ORD04396,BR002,2025-03-27,47.78,Completed
ORD04436,BR003,2025-03-27,59.82,Completed
ORD05537,BR004,2025-03-27,81.39,Completed
ORD06317,BR002,2025-03-27,33.46,Completed
ORD00901,BR002,2025-03-28,66.98,Completed
ORD00928,BR003,2025-03-28,38.88,Completed
ORD01406,BR001,2025-03-28,101.97,Completed
ORD01409,BR002,2025-03-28,15.09,Completed
ORD02060,BR003,2025-03-28,54.41,Completed
ORD04238,BR004,2025-03-28,23.11,Completed
ORD04621,BR001,2025-03-28,76.14,Completed
ORD04638,BR004,2025-03-28,33.93,Completed
ORD05249,BR001,2025-03-28,17.18,Completed
ORD05336,BR003,2025-03-28,33.19,Completed
ORD05992,BR003,2025-03-28,15.68,Completed
ORD06440,BR001,2025-03-28,68.4,Completed
ORD06608,BR001,2025-03-28,62.34,Completed
ORD00910,BR003,2025-03-29,103.59,Completed
ORD01747,BR002,2025-03-29,57.41,Completed
ORD01811,BR003,2025-03-29,21.45,Completed
ORD01919,BR001,2025-03-29,46.04,Completed
ORD02064,BR004,2025-03-29,33.93,Completed
ORD03002,BR003,2025-03-29,28.59,Completed
ORD03045,BR001,2025-03-29,49.36,Completed
ORD03142,BR002,2025-03-29,27.79,Completed
ORD03187,BR002,2025-03-29,15.54,Completed
ORD03404,BR004,2025-03-29,22.62,Completed
ORD04164,BR002,2025-03-29,22.62,Completed
ORD04215,BR004,2025-03-29,35.04,Completed
ORD04405,BR003,2025-03-29,59.8,Completed
ORD05073,BR001,2025-03-29,60.24,Completed
ORD05455,BR002,2025-03-29,25.14,Completed
ORD05555,BR001,2025-03-29,12.96,Completed
ORD00215,BR004,2025-03-30,46.39,Completed
ORD00247,BR004,2025-03-30,54.99,Completed
ORD00455,BR004,2025-03-30,22.8,Completed
ORD00860,BR002,2025-03-30,13.72,Completed
ORD00887,BR001,2025-03-30,11.31,Completed
ORD01288,BR004,2025-03-30,70.82,Completed
ORD01392,BR004,2025-03-30,46.39,Completed
ORD01669,BR004,2025-03-30,59.15,Completed
ORD02068,BR003,2025-03-30,24.2,Completed
ORD03064,BR001,2025-03-30,38.36,Completed
ORD04400,BR003,2025-03-30,47.94,Completed
ORD05158,BR002,2025-03-30,23.36,Completed
ORD05171,BR001,2025-03-30,33.7,Completed
ORD05289,BR003,2025-03-30,62.04,Completed
ORD06047,BR003,2025-03-30,20.06,Completed
ORD01123,BR003,2025-03-31,40.16,Completed
ORD02962,BR004,2025-03-31,46.44,Completed
ORD03211,BR003,2025-03-31,23.02,Completed
ORD03271,BR002,2025-03-31,45.78,Completed
ORD03604,BR002,2025-03-31,11.31,Completed
ORD05407,BR002,2025-03-31,63.09,Completed
ORD05805,BR004,2025-03-31,18.28,Completed
ORD06393,BR001,2025-03-31,68.72,Completed
ORD01215,BR003,2025-04-01,91.42,Completed
ORD02131,BR004,2025-04-01,32.94,Completed
ORD02404,BR004,2025-04-01,47.16,Completed
ORD03592,BR003,2025-04-01,25.82,Completed
ORD03743,BR001,2025-04-01,67.6,Completed
ORD04145,BR002,2025-04-01,20.25,Completed
ORD04753,BR003,2025-04-01,11.31,Completed
ORD05013,BR004,2025-04-01,15.26,Completed
ORD05845,BR004,2025-04-01,11.87,Completed
ORD06908,BR003,2025-04-01,22.62,Completed
ORD00275,BR004,2025-04-02,90.69,Completed
ORD01594,BR002,2025-04-02,33.34,Completed
ORD01936,BR003,2025-04-02,12.96,Completed
ORD02050,BR004,2025-04-02,31.54,Completed
ORD02513,BR003,2025-04-02,17.28,Completed
ORD02579,BR003,2025-04-02,35.65,Completed
ORD02649,BR002,2025-04-02,14.72,Completed
ORD03471,BR003,2025-04-02,47.73,Completed
ORD03826,BR002,2025-04-02,69.06,Completed
ORD05400,BR002,2025-04-02,18.6,Completed
ORD05545,BR004,2025-04-02,60.76,Completed
ORD06796,BR004,2025-04-02,47.96,Completed
ORD01685,BR003,2025-04-03,21.62,Completed
ORD01779,BR004,2025-04-03,31.43,Completed
ORD02253,BR002,2025-04-03,36.66,Completed
ORD03247,BR003,2025-04-03,23.02,Completed
ORD03358,BR003,2025-04-03,17.28,Completed
ORD03881,BR002,2025-04-03,62.95,Completed
ORD04998,BR004,2025-04-03,95.53,Completed
ORD05039,BR001,2025-04-03,101.73,Completed
ORD05156,BR003,2025-04-03,80.79,Completed
ORD05397,BR001,2025-04-03,24.27,Completed
ORD06860,BR004,2025-04-03,53.98,Completed
ORD06995,BR002,2025-04-03,65.02,Completed
ORD00427,BR002,2025-04-04,12.1,Completed
ORD01901,BR003,2025-04-04,49.06,Completed
ORD03510,BR004,2025-04-04,51.31,Completed
ORD03813,BR002,2025-04-04,29.44,Completed
ORD03873,BR004,2025-04-04,17.26,Completed
ORD04054,BR003,2025-04-04,68.11,Completed
ORD05649,BR001,2025-04-04,58.74,Completed
ORD00027,BR004,2025-04-05,36.28,Completed
ORD00146,BR002,2025-04-05,32.94,Completed
ORD00973,BR003,2025-04-05,38.73,Completed
ORD01459,BR002,2025-04-05,50.66,Completed
ORD01745,BR003,2025-04-05,14.39,Completed
ORD02143,BR003,2025-04-05,32.94,Completed
ORD02750,BR004,2025-04-05,40.78,Completed
ORD02913,BR001,2025-04-05,16.73,Completed
ORD02997,BR003,2025-04-05,12.49,Completed
ORD04060,BR002,2025-04-05,45.6,Completed
ORD04277,BR004,2025-04-05,68.04,Completed
ORD04435,BR004,2025-04-05,22.62,Completed
ORD05529,BR001,2025-04-05,36.73,Completed
ORD06041,BR002,2025-04-05,34.24,Completed
ORD06442,BR001,2025-04-05,31.08,Completed
ORD06878,BR004,2025-04-05,26.28,Completed
ORD00345,BR001,2025-04-06,39.39,Completed
ORD01908,BR002,2025-04-06,27.46,Completed
ORD02454,BR004,2025-04-06,33.9,Completed
ORD03697,BR004,2025-04-06,58.23,Completed
ORD04346,BR004,2025-04-06,44.08,Completed
ORD04701,BR004,2025-04-06,51.82,Completed
ORD05045,BR001,2025-04-06,97.05,Completed
ORD05519,BR002,2025-04-06,27.36,Completed
ORD05863,BR003,2025-04-06,55.02,Completed
ORD00003,BR004,2025-04-07,33.42,Completed
ORD01174,BR004,2025-04-07,49.5,Completed
ORD01773,BR003,2025-04-07,26.28,Completed
ORD01969,BR004,2025-04-07,46.24,Completed
ORD02860,BR004,2025-04-07,25.89,Completed
ORD04769,BR004,2025-04-07,23.74,Completed
ORD05722,BR002,2025-04-07,81.36,Completed
ORD05965,BR004,2025-04-07,25.25,Completed
ORD06515,BR001,2025-04-07,77.04,Completed
ORD00063,BR003,2025-04-08,6.75,Completed
ORD03189,BR004,2025-04-08,63.57,Completed
ORD03793,BR004,2025-04-08,45.6,Completed
ORD03827,BR003,2025-04-08,37.4,Completed
ORD04391,BR001,2025-04-08,41.8,Completed
ORD04646,BR004,2025-04-08,79.94,Completed
ORD04663,BR001,2025-04-08,36.48,Completed
ORD04756,BR002,2025-04-08,24.02,Completed
ORD05242,BR003,2025-04-08,46.22,Completed
ORD05327,BR002,2025-04-08,32.64,Completed
ORD06252,BR002,2025-04-08,61.17,Completed
ORD06985,BR002,2025-04-08,24.36,Completed
ORD00010,BR003,2025-04-09,35.08,Completed
ORD01036,BR001,2025-04-09,22.62,Completed
ORD01366,BR003,2025-04-09,69.8,Completed
ORD01369,BR003,2025-04-09,112.04,Completed
ORD01512,BR001,2025-04-09,95.63,Completed
ORD01650,BR002,2025-04-09,43.52,Completed
ORD02158,BR001,2025-04-09,40.78,Completed
ORD03626,BR001,2025-04-09,69.06,Completed
ORD04169,BR002,2025-04-09,33.93,Completed
ORD04251,BR004,2025-04-09,13.97,Completed
ORD05485,BR004,2025-04-09,34.12,Completed
ORD05645,BR002,2025-04-09,75.08,Completed
ORD06177,BR001,2025-04-09,76.8,Completed
ORD06382,BR001,2025-04-09,46.95,Completed
ORD06430,BR001,2025-04-09,13.72,Completed
ORD06537,BR002,2025-04-09,16.38,Completed
ORD06745,BR001,2025-04-09,61.42,Completed
ORD06749,BR002,2025-04-09,61.95,Completed
ORD06831,BR002,2025-04-09,85.59,Completed
ORD00598,BR001,2025-04-10,73.24,Completed
ORD01531,BR003,2025-04-10,36.84,Completed
ORD01561,BR003,2025-04-10,45.6,Completed
ORD02279,BR003,2025-04-10,75.19,Completed
ORD02417,BR001,2025-04-10,13.14,Completed
ORD02970,BR002,2025-04-10,40.58,Completed
ORD03185,BR003,2025-04-10,31.41,Completed
ORD03354,BR001,2025-04-10,72.71,Completed
ORD03831,BR004,2025-04-10,49.41,Completed
ORD05467,BR003,2025-04-10,22.62,Completed
ORD05684,BR004,2025-04-10,46.62,Completed
ORD06142,BR001,2025-04-10,59.91,Completed
ORD00754,BR003,2025-04-11,23.81,Completed
ORD01170,BR004,2025-04-11,54.48,Completed
ORD01317,BR003,2025-04-11,11.74,Completed
ORD01379,BR003,2025-04-11,12.49,Completed
ORD01916,BR002,2025-04-11,43.07,Completed
ORD01998,BR004,2025-04-11,25.89,Completed
ORD02347,BR001,2025-04-11,50.94,Completed
ORD02523,BR004,2025-04-11,26.67,Completed
ORD03202,BR001,2025-04-11,30.33,Completed
ORD03607,BR002,2025-04-11,16.38,Completed
ORD05908,BR001,2025-04-11,59.42,Completed
ORD05994,BR002,2025-04-11,54.56,Completed
ORD00289,BR003,2025-04-12,10.84,Completed
ORD00525,BR001,2025-04-12,13.5,Completed
ORD00594,BR003,2025-04-12,25.24,Completed
ORD01102,BR001,2025-04-12,17.26,Completed
ORD01171,BR004,2025-04-12,40.41,Completed
ORD01334,BR004,2025-04-12,33.93,Completed
ORD01422,BR001,2025-04-12,23.28,Completed
ORD01752,BR003,2025-04-12,13.73,Completed
ORD01872,BR004,2025-04-12,63.57,Completed
ORD02824,BR004,2025-04-12,20.39,Completed
ORD02910,BR001,2025-04-12,17.77,Completed
ORD03353,BR001,2025-04-12,68.99,Completed
ORD03746,BR004,2025-04-12,20.58,Completed
ORD05465,BR003,2025-04-12,16.47,Completed
ORD05629,BR002,2025-04-12,35.32,Completed
ORD05637,BR001,2025-04-12,50.85,Completed
ORD00756,BR001,2025-04-13,25.89,Completed
ORD01007,BR002,2025-04-13,23.35,Completed
ORD01278,BR003,2025-04-13,25.92,Completed
ORD02048,BR002,2025-04-13,45.12,Completed
ORD02730,BR004,2025-04-13,7.15,Completed
ORD05334,BR001,2025-04-13,45.78,Completed
ORD00068,BR001,2025-04-14,74.76,Completed
ORD00201,BR003,2025-04-14,37.48,Completed
ORD00297,BR003,2025-04-14,60.24,Completed
ORD00542,BR003,2025-04-14,12.8,Completed
ORD00874,BR001,2025-04-14,26.82,Completed
ORD01053,BR004,2025-04-14,65.54,Completed
ORD01789,BR001,2025-04-14,43.49,Completed
ORD02340,BR003,2025-04-14,22.8,Completed
ORD02833,BR002,2025-04-14,11.64,Completed
ORD03030,BR003,2025-04-14,70.22,Completed
ORD03079,BR003,2025-04-14,5.03,Completed
ORD04087,BR003,2025-04-14,78.78,Completed
ORD05043,BR003,2025-04-14,49.78,Completed
ORD05163,BR001,2025-04-14,10.31,Completed
ORD06019,BR002,2025-04-14,36.29,Completed
ORD00730,BR002,2025-04-15,33.86,Completed
ORD01290,BR003,2025-04-15,10.84,Completed
ORD01964,BR002,2025-04-15,63.75,Completed
ORD03481,BR001,2025-04-15,36.52,Completed
ORD04206,BR002,2025-04-15,40.76,Completed
ORD04227,BR004,2025-04-15,34.08,Completed
ORD04530,BR003,2025-04-15,72.69,Completed
ORD04704,BR004,2025-04-15,20.62,Completed
ORD04928,BR003,2025-04-15,83.51,Completed
ORD06143,BR003,2025-04-15,60.17,Completed
ORD06661,BR001,2025-04-15,17.26,Completed
ORD00636,BR003,2025-04-16,8.19,Completed
ORD01895,BR002,2025-04-16,50.47,Completed
ORD04002,BR003,2025-04-16,27.36,Completed
ORD04189,BR003,2025-04-16,34.69,Completed
ORD04222,BR004,2025-04-16,66.36,Completed
ORD04303,BR001,2025-04-16,54.27,Completed
ORD05914,BR002,2025-04-16,23.52,Completed
ORD06022,BR004,2025-04-16,31.98,Completed
ORD06032,BR002,2025-04-16,60.83,Completed
ORD06390,BR003,2025-04-16,61.46,Completed
ORD06510,BR004,2025-04-16,14.72,Completed
ORD00159,BR003,2025-04-17,11.31,Completed
ORD00803,BR002,2025-04-17,45.6,Completed
ORD01346,BR004,2025-04-17,18.33,Completed
ORD01653,BR001,2025-04-17,29.7,Completed
ORD02123,BR003,2025-04-17,46.22,Completed
ORD03085,BR003,2025-04-17,109.13,Completed
ORD03961,BR004,2025-04-17,69.86,Completed
ORD04460,BR004,2025-04-17,13.14,Completed
ORD06290,BR001,2025-04-17,48.99,Completed
ORD06574,BR001,2025-04-17,73.15,Completed
ORD06819,BR002,2025-04-17,87.63,Completed
ORD00410,BR002,2025-04-18,80.82,Completed
ORD00771,BR002,2025-04-18,50.33,Completed
ORD01688,BR001,2025-04-18,56.1,Completed
ORD01943,BR003,2025-04-18,23.23,Completed
ORD02227,BR003,2025-04-18,62.4,Completed
ORD02314,BR002,2025-04-18,10.84,Completed
ORD03239,BR001,2025-04-18,16.92,Completed
ORD03311,BR002,2025-04-18,11.68,Completed
ORD03714,BR001,2025-04-18,23.74,Completed
ORD03839,BR004,2025-04-18,16.38,Completed
ORD01337,BR003,2025-04-19,46.06,Completed
ORD01845,BR002,2025-04-19,35.22,Completed
ORD01900,BR001,2025-04-19,83.67,Completed
ORD02477,BR001,2025-04-19,13.72,Completed
ORD03484,BR004,2025-04-19,13.5,Completed
ORD03645,BR003,2025-04-19,30.2,Completed
ORD03830,BR002,2025-04-19,22.99,Completed
ORD04463,BR001,2025-04-19,42.06,Completed
ORD04742,BR002,2025-04-19,13.48,Completed
ORD05113,BR004,2025-04-19,61.17,Completed
ORD05313,BR004,2025-04-19,66.36,Completed
ORD05398,BR003,2025-04-19,62.4,Completed
ORD05592,BR003,2025-04-19,53.44,Completed
ORD06386,BR001,2025-04-19,21.74,Completed
ORD00315,BR001,2025-04-20,27.46,Completed
ORD00439,BR004,2025-04-20,20.08,Completed
ORD02924,BR001,2025-04-20,38.08,Completed
ORD03696,BR004,2025-04-20,28.96,Completed
ORD04432,BR003,2025-04-20,9.9,Completed
ORD04607,BR001,2025-04-20,24.02,Completed
ORD04733,BR002,2025-04-20,20.37,Completed
ORD05528,BR002,2025-04-20,37.4,Completed
ORD05820,BR001,2025-04-20,20.8,Completed
ORD05846,BR003,2025-04-20,21.03,Completed
ORD06083,BR001,2025-04-20,49.12,Completed
ORD06567,BR004,2025-04-20,55.77,Completed
ORD01368,BR002,2025-04-21,10.84,Completed
ORD01377,BR003,2025-04-21,61.14,Completed
ORD01516,BR001,2025-04-21,15.26,Completed
ORD02325,BR002,2025-04-21,81.9,Completed
ORD02661,BR001,2025-04-21,43.62,Completed
ORD03017,BR004,2025-04-21,41.91,Completed
ORD03980,BR002,2025-04-21,34.96,Completed
ORD04342,BR002,2025-04-21,54.73,Completed
ORD05252,BR004,2025-04-21,6.74,Completed
ORD05547,BR003,2025-04-21,65.58,Completed
ORD06123,BR002,2025-04-21,13.48,Completed
ORD00898,BR004,2025-04-22,17.18,Completed
ORD01399,BR004,2025-04-22,53.32,Completed
ORD01461,BR001,2025-04-22,19.2,Completed
ORD01701,BR002,2025-04-22,62.4,Completed
ORD02091,BR001,2025-04-22,11.68,Completed
ORD02196,BR001,2025-04-22,54.99,Completed
ORD02364,BR001,2025-04-22,62.4,Completed
ORD02632,BR001,2025-04-22,69.06,Completed
ORD02734,BR001,2025-04-22,22.62,Completed
ORD04090,BR001,2025-04-22,31.08,Completed
ORD04157,BR001,2025-04-22,57.17,Completed
ORD00673,BR004,2025-04-23,37.71,Completed
ORD02202,BR004,2025-04-23,23.11,Completed
ORD02267,BR002,2025-04-23,35.26,Completed
ORD02416,BR003,2025-04-23,23.28,Completed
ORD02556,BR003,2025-04-23,35.04,Completed
ORD04827,BR002,2025-04-23,22.41,Completed
ORD00147,BR003,2025-04-24,43.32,Completed
ORD01356,BR002,2025-04-24,76.3,Completed
ORD03120,BR001,2025-04-24,16.92,Completed
ORD03352,BR002,2025-04-24,63.09,Completed
ORD03885,BR004,2025-04-24,60.5,Completed
ORD06490,BR002,2025-04-24,55.11,Completed
ORD06520,BR004,2025-04-24,20.7,Completed
ORD00101,BR003,2025-04-25,25.92,Completed
ORD01206,BR001,2025-04-25,36.62,Completed
ORD01913,BR001,2025-04-25,78.25,Completed
ORD02385,BR004,2025-04-25,29.33,Completed
ORD02757,BR002,2025-04-25,36.78,Completed
ORD03756,BR004,2025-04-25,44.43,Completed
ORD03921,BR002,2025-04-25,42.38,Completed
ORD03923,BR003,2025-04-25,27.42,Completed
ORD04541,BR003,2025-04-25,21.76,Completed
ORD05840,BR002,2025-04-25,59.51,Completed
ORD05974,BR002,2025-04-25,22.41,Completed
ORD06497,BR001,2025-04-25,85.47,Completed
ORD06670,BR003,2025-04-25,21.58,Completed
ORD01448,BR004,2025-04-26,20.38,Completed
ORD01867,BR001,2025-04-26,25.5,Completed
ORD02118,BR003,2025-04-26,13.97,Completed
ORD02272,BR003,2025-04-26,37.0,Completed
ORD02363,BR004,2025-04-26,38.2,Completed
ORD03341,BR004,2025-04-26,83.59,Completed
ORD03503,BR001,2025-04-26,53.24,Completed
ORD03869,BR004,2025-04-26,12.96,Completed
ORD03962,BR004,2025-04-26,21.89,Completed
ORD04984,BR002,2025-04-26,23.52,Completed
ORD05164,BR001,2025-04-26,18.33,Completed
ORD06410,BR001,2025-04-26,41.91,Completed
ORD06584,BR002,2025-04-26,15.09,Completed
ORD00397,BR001,2025-04-27,62.4,Completed
ORD00662,BR004,2025-04-27,126.18,Completed
ORD01843,BR002,2025-04-27,43.44,Completed
ORD02124,BR004,2025-04-27,66.36,Completed
ORD03029,BR004,2025-04-27,60.74,Completed
ORD04455,BR001,2025-04-27,34.77,Completed
ORD04601,BR002,2025-04-27,35.61,Completed
ORD04705,BR001,2025-04-27,66.69,Completed
ORD05433,BR001,2025-04-27,25.89,Completed
ORD06120,BR001,2025-04-27,16.92,Completed
ORD06672,BR003,2025-04-27,92.68,Completed
ORD06926,BR002,2025-04-27,55.11,Completed
ORD00221,BR003,2025-04-28,15.26,Completed
ORD00785,BR002,2025-04-28,68.4,Completed
ORD02415,BR003,2025-04-28,61.14,Completed
ORD02703,BR002,2025-04-28,27.59,Completed
ORD03240,BR003,2025-04-28,96.98,Completed
ORD04725,BR004,2025-04-28,52.22,Completed
ORD04907,BR001,2025-04-28,45.06,Completed
ORD05036,BR002,2025-04-28,16.67,Completed
ORD05189,BR001,2025-04-28,5.42,Completed
ORD05374,BR003,2025-04-28,20.62,Completed
ORD05782,BR003,2025-04-28,52.12,Completed
ORD00125,BR002,2025-04-29,46.22,Completed
ORD00337,BR004,2025-04-29,19.55,Completed
ORD00883,BR002,2025-04-29,92.44,Completed
ORD01973,BR004,2025-04-29,23.74,Completed
ORD02213,BR004,2025-04-29,46.44,Completed
ORD03384,BR003,2025-04-29,47.16,Completed
ORD03858,BR002,2025-04-29,18.37,Completed
ORD04540,BR003,2025-04-29,12.1,Completed
ORD04773,BR004,2025-04-29,20.8,Completed
ORD04955,BR001,2025-04-29,29.7,Completed
ORD05477,BR004,2025-04-29,30.76,Completed
ORD05990,BR002,2025-04-29,46.04,Completed
ORD06210,BR003,2025-04-29,37.4,Completed
ORD06493,BR002,2025-04-29,37.73,Completed
ORD00218,BR003,2025-04-30,23.11,Completed
ORD00227,BR002,2025-04-30,28.68,Completed
ORD00759,BR003,2025-04-30,78.46,Completed
ORD01538,BR002,2025-04-30,10.84,Completed
ORD01815,BR003,2025-04-30,11.52,Completed
ORD02065,BR004,2025-04-30,34.92,Completed
ORD02403,BR004,2025-04-30,45.6,Completed
ORD02842,BR002,2025-04-30,23.28,Completed
ORD03299,BR001,2025-04-30,78.46,Completed
ORD03675,BR002,2025-04-30,61.96,Completed
ORD04531,BR001,2025-04-30,15.09,Completed
ORD05241,BR001,2025-04-30,21.45,Completed
ORD05735,BR003,2025-04-30,14.72,Completed
ORD05904,BR002,2025-04-30,25.89,Completed
ORD06486,BR003,2025-04-30,18.15,Completed
ORD00343,BR003,2025-05-01,18.7,Completed
ORD02700,BR003,2025-05-01,23.22,Completed
ORD02777,BR003,2025-05-01,46.32,Completed
ORD03128,BR002,2025-05-01,43.54,Completed
ORD03295,BR001,2025-05-01,42.06,Completed
ORD03563,BR002,2025-05-01,34.36,Completed
ORD03678,BR003,2025-05-01,34.48,Completed
ORD03970,BR001,2025-05-01,60.24,Completed
ORD03971,BR004,2025-05-01,64.13,Completed
ORD05017,BR001,2025-05-01,60.24,Completed
ORD05337,BR003,2025-05-01,24.98,Completed
ORD05503,BR004,2025-05-01,56.1,Completed
ORD05704,BR001,2025-05-01,84.88,Completed
ORD05762,BR004,2025-05-01,63.7,Completed
ORD06723,BR001,2025-05-01,87.34,Completed
ORD06890,BR003,2025-05-01,5.64,Completed
ORD00270,BR003,2025-05-02,49.41,Completed
ORD00528,BR004,2025-05-02,27.46,Completed
ORD01507,BR002,2025-05-02,35.46,Completed
ORD02214,BR004,2025-05-02,15.09,Completed
ORD02345,BR001,2025-05-02,51.92,Completed
ORD02551,BR002,2025-05-02,22.8,Completed
ORD03118,BR001,2025-05-02,68.22,Completed
ORD03630,BR001,2025-05-02,16.38,Completed
ORD04013,BR001,2025-05-02,90.16,Completed
ORD04040,BR003,2025-05-02,25.82,Completed
ORD04102,BR001,2025-05-02,86.38,Completed
ORD04207,BR003,2025-05-02,65.0,Completed
ORD04336,BR002,2025-05-02,57.45,Completed
ORD04967,BR001,2025-05-02,19.2,Completed
ORD05257,BR003,2025-05-02,84.04,Completed
ORD05487,BR004,2025-05-02,62.4,Completed
ORD05642,BR003,2025-05-02,21.45,Completed
ORD05823,BR004,2025-05-02,31.99,Completed
ORD06117,BR003,2025-05-02,42.34,Completed
ORD06264,BR004,2025-05-02,89.07,Completed
ORD06578,BR003,2025-05-02,21.76,Completed
ORD00968,BR003,2025-05-03,54.41,Completed
ORD01370,BR004,2025-05-03,77.52,Completed
ORD02988,BR003,2025-05-03,31.08,Completed
ORD06102,BR001,2025-05-03,16.95,Completed
ORD06302,BR001,2025-05-03,66.12,Completed
ORD06750,BR001,2025-05-03,34.9,Completed
ORD00689,BR001,2025-05-04,60.39,Completed
ORD00791,BR004,2025-05-04,6.75,Completed
ORD02211,BR001,2025-05-04,57.36,Completed
ORD03037,BR001,2025-05-04,89.34,Completed
ORD03114,BR003,2025-05-04,16.26,Completed
ORD03493,BR003,2025-05-04,50.56,Completed
ORD03551,BR004,2025-05-04,41.61,Completed
ORD03713,BR003,2025-05-04,57.02,Completed
ORD04328,BR002,2025-05-04,83.18,Completed
ORD05368,BR002,2025-05-04,35.0,Completed
ORD06766,BR001,2025-05-04,41.57,Completed
ORD06781,BR003,2025-05-04,46.72,Completed
ORD01494,BR002,2025-05-05,31.08,Completed
ORD02295,BR004,2025-05-05,61.0,Completed
ORD02489,BR003,2025-05-05,15.09,Completed
ORD03304,BR004,2025-05-05,12.96,Completed
ORD03616,BR003,2025-05-05,11.87,Completed
ORD04627,BR004,2025-05-05,46.04,Completed
ORD04946,BR003,2025-05-05,13.5,Completed
ORD05197,BR003,2025-05-05,44.26,Completed
ORD00094,BR001,2025-05-06,35.04,Completed
ORD00163,BR001,2025-05-06,30.52,Completed
ORD01218,BR004,2025-05-06,104.4,Completed
ORD03625,BR003,2025-05-06,12.49,Completed
ORD05209,BR002,2025-05-06,31.89,Completed
ORD05698,BR002,2025-05-06,27.45,Completed
ORD06765,BR001,2025-05-06,20.08,Completed
ORD00808,BR002,2025-05-07,15.26,Completed
ORD00819,BR001,2025-05-07,23.52,Completed
ORD01089,BR001,2025-05-07,80.04,Completed
ORD01311,BR003,2025-05-07,29.44,Completed
ORD01352,BR004,2025-05-07,88.26,Completed
ORD01809,BR002,2025-05-07,11.28,Completed
ORD02107,BR002,2025-05-07,13.72,Completed
ORD02452,BR004,2025-05-07,47.9,Completed
ORD03406,BR001,2025-05-07,11.64,Completed
ORD04612,BR003,2025-05-07,84.36,Completed
ORD04746,BR001,2025-05-07,78.12,Completed
ORD05044,BR001,2025-05-07,61.17,Completed
ORD06414,BR003,2025-05-07,23.48,Completed
ORD06484,BR001,2025-05-07,58.9,Completed
ORD00131,BR002,2025-05-08,42.06,Completed
ORD00534,BR003,2025-05-08,13.48,Completed
ORD00831,BR002,2025-05-08,11.31,Completed
ORD00936,BR004,2025-05-08,19.24,Completed
ORD00983,BR004,2025-05-08,12.1,Completed
ORD01115,BR001,2025-05-08,37.02,Completed
ORD01374,BR001,2025-05-08,21.05,Completed
ORD02472,BR001,2025-05-08,48.05,Completed
ORD02494,BR003,2025-05-08,79.72,Completed
ORD02598,BR004,2025-05-08,10.31,Completed
ORD03082,BR003,2025-05-08,29.44,Completed
ORD03693,BR001,2025-05-08,36.56,Completed
ORD04155,BR004,2025-05-08,76.05,Completed
ORD05378,BR004,2025-05-08,17.59,Completed
ORD05414,BR003,2025-05-08,40.76,Completed
ORD05931,BR001,2025-05-08,36.74,Completed
ORD06496,BR002,2025-05-08,25.92,Completed
ORD00306,BR003,2025-05-09,34.33,Completed
ORD00605,BR003,2025-05-09,46.62,Completed
ORD03430,BR004,2025-05-09,5.64,Completed
ORD03461,BR001,2025-05-09,16.95,Completed
ORD03684,BR001,2025-05-09,104.28,Completed
ORD04364,BR003,2025-05-09,83.89,Completed
ORD04415,BR003,2025-05-09,16.38,Completed
ORD04556,BR003,2025-05-09,53.31,Completed
ORD04849,BR001,2025-05-09,13.5,Completed
ORD06585,BR003,2025-05-09,57.6,Completed
ORD06839,BR004,2025-05-09,33.52,Completed
ORD06937,BR001,2025-05-09,48.81,Completed
ORD00184,BR001,2025-05-10,49.41,Completed
ORD00357,BR003,2025-05-10,46.04,Completed
ORD00796,BR002,2025-05-10,29.44,Completed
ORD01039,BR001,2025-05-10,34.36,Completed
ORD02186,BR001,2025-05-10,6.86,Completed
ORD02487,BR003,2025-05-10,21.45,Completed
ORD02629,BR001,2025-05-10,23.41,Completed
ORD02856,BR002,2025-05-10,21.03,Completed
ORD03018,BR001,2025-05-10,20.25,Completed
ORD03737,BR001,2025-05-10,30.66,Completed
ORD04350,BR002,2025-05-10,35.8,Completed
ORD04382,BR001,2025-05-10,78.25,Completed
ORD05087,BR002,2025-05-10,30.93,Completed
ORD05896,BR003,2025-05-10,34.36,Completed
ORD05954,BR002,2025-05-10,92.4,Completed
ORD06694,BR003,2025-05-10,35.22,Completed
ORD06756,BR001,2025-05-10,100.23,Completed
ORD00011,BR001,2025-05-11,57.68,Completed
ORD00743,BR004,2025-05-11,16.38,Completed
ORD01287,BR001,2025-05-11,14.72,Completed
ORD02099,BR003,2025-05-11,12.8,Completed
ORD02526,BR003,2025-05-11,11.87,Completed
ORD03559,BR001,2025-05-11,11.31,Completed
ORD03850,BR002,2025-05-11,50.44,Completed
ORD03891,BR001,2025-05-11,71.3,Completed
ORD04114,BR002,2025-05-11,61.86,Completed
ORD04314,BR003,2025-05-11,10.31,Completed
ORD05148,BR003,2025-05-11,55.11,Completed
ORD05448,BR003,2025-05-11,22.62,Completed
ORD06501,BR002,2025-05-11,14.3,Completed
ORD01119,BR001,2025-05-12,69.33,Completed
ORD02086,BR002,2025-05-12,69.06,Completed
ORD02103,BR001,2025-05-12,88.55,Completed
ORD02365,BR001,2025-05-12,28.8,Completed
ORD02411,BR002,2025-05-12,89.28,Completed
ORD02435,BR004,2025-05-12,40.76,Completed
ORD03197,BR001,2025-05-12,15.54,Completed
ORD03457,BR001,2025-05-12,6.05,Completed
ORD03511,BR004,2025-05-12,28.52,Completed
ORD04520,BR004,2025-05-12,53.6,Completed
ORD04935,BR002,2025-05-12,10.84,Completed
ORD05463,BR004,2025-05-12,30.95,Completed
ORD05501,BR002,2025-05-12,25.59,Completed
ORD05560,BR002,2025-05-12,7.84,Completed
ORD06372,BR001,2025-05-12,29.4,Completed
ORD00070,BR003,2025-05-13,45.78,Completed
ORD01350,BR001,2025-05-13,88.28,Completed
ORD01733,BR003,2025-05-13,33.93,Completed
ORD02356,BR002,2025-05-13,44.08,Completed
ORD03434,BR001,2025-05-13,69.44,Completed
ORD03865,BR003,2025-05-13,46.9,Completed
ORD04583,BR002,2025-05-13,100.31,Completed
ORD05474,BR003,2025-05-13,20.39,Completed
ORD06026,BR004,2025-05-13,6.75,Completed
ORD06071,BR003,2025-05-13,42.99,Completed
ORD06250,BR002,2025-05-13,12.96,Completed
ORD06991,BR002,2025-05-13,20.39,Completed
ORD00251,BR002,2025-05-14,10.84,Completed
ORD03167,BR003,2025-05-14,124.26,Completed
ORD03320,BR002,2025-05-14,15.54,Completed
ORD03376,BR003,2025-05-14,43.98,Completed
ORD03927,BR002,2025-05-14,23.36,Completed
ORD04025,BR002,2025-05-14,15.09,Completed
ORD05175,BR002,2025-05-14,23.36,Completed
ORD06630,BR004,2025-05-14,54.8,Completed
ORD06638,BR004,2025-05-14,71.03,Completed
ORD06857,BR002,2025-05-14,46.04,Completed
ORD01849,BR001,2025-05-15,11.68,Completed
ORD02102,BR004,2025-05-15,94.98,Completed
ORD02381,BR003,2025-05-15,23.48,Completed
ORD02900,BR002,2025-05-15,39.34,Completed
ORD02929,BR004,2025-05-15,65.35,Completed
ORD03255,BR002,2025-05-15,21.19,Completed
ORD03453,BR002,2025-05-15,51.54,Completed
ORD04361,BR002,2025-05-15,5.42,Completed
ORD05420,BR001,2025-05-15,82.2,Completed
ORD06327,BR003,2025-05-15,9.9,Completed
ORD06479,BR002,2025-05-15,74.37,Completed
ORD00170,BR003,2025-05-16,35.22,Completed
ORD00424,BR003,2025-05-16,86.2,Completed
ORD01284,BR004,2025-05-16,14.3,Completed
ORD02031,BR004,2025-05-16,49.84,Completed
ORD02343,BR004,2025-05-16,23.48,Completed
ORD02668,BR001,2025-05-16,40.38,Completed
ORD03005,BR002,2025-05-16,32.94,Completed
ORD03562,BR004,2025-05-16,27.94,Completed
ORD04210,BR004,2025-05-16,13.14,Completed
ORD04245,BR004,2025-05-16,41.6,Completed
ORD04300,BR002,2025-05-16,42.06,Completed
ORD04483,BR003,2025-05-16,13.48,Completed
ORD05654,BR001,2025-05-16,41.18,Completed
ORD06287,BR002,2025-05-16,34.36,Completed
ORD06489,BR004,2025-05-16,131.73,Completed
ORD00621,BR001,2025-05-17,12.8,Completed
ORD01362,BR001,2025-05-17,33.5,Completed
ORD01503,BR002,2025-05-17,45.6,Completed
ORD01924,BR004,2025-05-17,11.31,Completed
ORD02671,BR001,2025-05-17,75.31,Completed
ORD02969,BR003,2025-05-17,36.66,Completed
ORD03627,BR002,2025-05-17,134.52,Completed
ORD03828,BR002,2025-05-17,56.3,Completed
ORD04052,BR001,2025-05-17,11.64,Completed
ORD04106,BR003,2025-05-17,61.17,Completed
ORD06419,BR003,2025-05-17,50.61,Completed
ORD06817,BR003,2025-05-17,83.51,Completed
ORD06889,BR003,2025-05-17,41.6,Completed
ORD01502,BR001,2025-05-18,55.75,Completed
ORD02245,BR001,2025-05-18,47.18,Completed
ORD02550,BR004,2025-05-18,46.1,Completed
ORD02563,BR004,2025-05-18,54.58,Completed
ORD02577,BR001,2025-05-18,13.97,Completed
ORD04239,BR004,2025-05-18,82.53,Completed
ORD04356,BR003,2025-05-18,23.74,Completed
ORD04992,BR003,2025-05-18,17.77,Completed
ORD00503,BR001,2025-05-19,55.11,Completed
ORD01223,BR003,2025-05-19,10.06,Completed
ORD01427,BR004,2025-05-19,13.48,Completed
ORD01946,BR004,2025-05-19,41.57,Completed
ORD02133,BR001,2025-05-19,13.48,Completed
ORD02736,BR004,2025-05-19,31.08,Completed
ORD02869,BR004,2025-05-19,36.26,Completed
ORD03709,BR003,2025-05-19,35.04,Completed
ORD03882,BR004,2025-05-19,36.38,Completed
ORD04243,BR003,2025-05-19,76.81,Completed
ORD04795,BR003,2025-05-19,45.78,Completed
ORD06478,BR002,2025-05-19,15.72,Completed
ORD06800,BR003,2025-05-19,104.16,Completed
ORD06989,BR004,2025-05-19,44.62,Completed
ORD00361,BR004,2025-05-20,5.42,Completed
ORD01434,BR002,2025-05-20,65.64,Completed
ORD01560,BR002,2025-05-20,69.4,Completed
ORD02932,BR004,2025-05-20,23.11,Completed
ORD03745,BR004,2025-05-20,37.92,Completed
ORD04057,BR003,2025-05-20,11.31,Completed
ORD04302,BR003,2025-05-20,29.7,Completed
ORD04800,BR003,2025-05-20,66.12,Completed
ORD06242,BR003,2025-05-20,56.73,Completed
ORD06259,BR004,2025-05-20,44.08,Completed
ORD06411,BR004,2025-05-20,40.04,Completed
ORD06432,BR002,2025-05-20,80.64,Completed
ORD00333,BR004,2025-05-21,23.02,Completed
ORD00704,BR003,2025-05-21,74.37,Completed
ORD01351,BR004,2025-05-21,26.28,Completed
ORD01353,BR003,2025-05-21,19.54,Completed
ORD01474,BR001,2025-05-21,20.62,Completed
ORD02181,BR003,2025-05-21,5.03,Completed
ORD02387,BR001,2025-05-21,25.92,Completed
ORD02547,BR003,2025-05-21,27.42,Completed
ORD02803,BR002,2025-05-21,35.0,Completed
ORD03020,BR002,2025-05-21,53.79,Completed
ORD03039,BR002,2025-05-21,76.19,Completed
ORD03437,BR004,2025-05-21,23.28,Completed
ORD03554,BR002,2025-05-21,92.34,Completed
ORD05479,BR001,2025-05-21,88.32,Completed
ORD05949,BR003,2025-05-21,18.37,Completed
ORD00252,BR004,2025-05-22,55.11,Completed
ORD01523,BR004,2025-05-22,45.78,Completed
ORD01938,BR001,2025-05-22,21.95,Completed
ORD02058,BR001,2025-05-22,35.97,Completed
ORD03073,BR001,2025-05-22,30.93,Completed
ORD03660,BR003,2025-05-22,33.93,Completed
ORD04488,BR002,2025-05-22,88.56,Completed
ORD04694,BR003,2025-05-22,35.26,Completed
ORD05221,BR001,2025-05-22,55.11,Completed
ORD05739,BR003,2025-05-22,27.42,Completed
ORD06332,BR003,2025-05-22,13.14,Completed
ORD00080,BR001,2025-05-23,46.97,Completed
ORD01246,BR003,2025-05-23,115.11,Completed
ORD01411,BR003,2025-05-23,5.76,Completed
ORD01740,BR001,2025-05-23,24.57,Completed
ORD01870,BR001,2025-05-23,11.64,Completed
ORD02098,BR004,2025-05-23,17.68,Completed
ORD02597,BR003,2025-05-23,37.71,Completed
ORD02608,BR003,2025-05-23,24.98,Completed
ORD02688,BR003,2025-05-23,5.42,Completed
ORD03221,BR001,2025-05-23,60.1,Completed
ORD05131,BR003,2025-05-23,49.41,Completed
ORD06082,BR001,2025-05-23,35.91,Completed
ORD06509,BR003,2025-05-23,11.87,Completed
ORD06735,BR001,2025-05-23,7.15,Completed
ORD00162,BR001,2025-05-24,42.0,Completed
ORD00568,BR003,2025-05-24,17.26,Completed
ORD01770,BR004,2025-05-24,18.6,Completed
ORD02657,BR003,2025-05-24,14.72,Completed
ORD02660,BR003,2025-05-24,61.14,Completed
ORD02675,BR004,2025-05-24,32.58,Completed
ORD02977,BR002,2025-05-24,11.68,Completed
ORD03911,BR002,2025-05-24,50.85,Completed
ORD04094,BR003,2025-05-24,66.0,Completed
ORD04330,BR003,2025-05-24,26.83,Completed
ORD06362,BR001,2025-05-24,39.06,Completed
ORD00476,BR003,2025-05-25,5.76,Completed
ORD00740,BR001,2025-05-25,25.89,Completed
ORD01075,BR004,2025-05-25,44.65,Completed
ORD01108,BR002,2025-05-25,30.93,Completed
ORD02067,BR002,2025-05-25,22.04,Completed
ORD04301,BR003,2025-05-25,54.99,Completed
ORD04796,BR003,2025-05-25,26.13,Completed
ORD04853,BR003,2025-05-25,65.28,Completed
ORD05497,BR003,2025-05-25,56.96,Completed
ORD05815,BR001,2025-05-25,52.27,Completed
ORD06037,BR003,2025-05-25,35.1,Completed
ORD06313,BR004,2025-05-25,32.66,Completed
ORD00092,BR002,2025-05-26,28.23,Completed
ORD00870,BR004,2025-05-26,18.28,Completed
ORD01608,BR003,2025-05-26,62.4,Completed
ORD01817,BR003,2025-05-26,38.23,Completed
ORD02400,BR003,2025-05-26,55.11,Completed
ORD02788,BR003,2025-05-26,23.86,Completed
ORD02794,BR003,2025-05-26,40.76,Completed
ORD03985,BR002,2025-05-26,22.62,Completed
ORD04020,BR003,2025-05-26,61.14,Completed
ORD04037,BR001,2025-05-26,62.4,Completed
ORD04882,BR001,2025-05-26,56.46,Completed
ORD01389,BR003,2025-05-27,25.6,Completed
ORD01466,BR002,2025-05-27,13.73,Completed
ORD01949,BR003,2025-05-27,13.73,Completed
ORD02246,BR004,2025-05-27,15.09,Completed
ORD02329,BR002,2025-05-27,22.04,Completed
ORD03264,BR003,2025-05-27,46.62,Completed
ORD03886,BR002,2025-05-27,95.22,Completed
ORD03918,BR002,2025-05-27,10.84,Completed
ORD05450,BR004,2025-05-27,29.7,Completed
ORD05983,BR001,2025-05-27,37.47,Completed
ORD06477,BR002,2025-05-27,20.88,Completed
ORD06961,BR003,2025-05-27,14.3,Completed
ORD00238,BR001,2025-05-28,16.95,Completed
ORD00918,BR001,2025-05-28,51.42,Completed
ORD02168,BR004,2025-05-28,55.04,Completed
ORD02812,BR001,2025-05-28,28.21,Completed
ORD03004,BR001,2025-05-28,62.89,Completed
ORD05173,BR004,2025-05-28,16.95,Completed
ORD00557,BR003,2025-05-29,24.98,Completed
ORD00659,BR004,2025-05-29,50.22,Completed
ORD01430,BR002,2025-05-29,68.32,Completed
ORD01816,BR001,2025-05-29,22.62,Completed
ORD01902,BR003,2025-05-29,63.57,Completed
ORD02039,BR004,2025-05-29,54.46,Completed
ORD02191,BR003,2025-05-29,20.38,Completed
ORD04167,BR001,2025-05-29,39.16,Completed
ORD04542,BR004,2025-05-29,60.43,Completed
ORD04554,BR002,2025-05-29,73.08,Completed
ORD04749,BR002,2025-05-29,66.82,Completed
ORD05364,BR001,2025-05-29,47.02,Completed
ORD06126,BR002,2025-05-29,57.8,Completed
ORD06452,BR001,2025-05-29,56.1,Completed
ORD06500,BR004,2025-05-29,76.21,Completed
ORD06879,BR001,2025-05-29,24.22,Completed
ORD00214,BR004,2025-05-30,18.37,Completed
ORD00294,BR004,2025-05-30,19.15,Completed
ORD02851,BR004,2025-05-30,35.54,Completed
ORD05318,BR002,2025-05-30,53.31,Completed
ORD00290,BR003,2025-05-31,21.58,Completed
ORD00425,BR003,2025-05-31,59.49,Completed
ORD03267,BR002,2025-05-31,23.41,Completed
ORD03715,BR001,2025-05-31,30.22,Completed
ORD03955,BR002,2025-05-31,41.08,Completed
ORD04128,BR002,2025-05-31,38.82,Completed
ORD04672,BR003,2025-05-31,42.06,Completed
ORD05921,BR001,2025-05-31,15.68,Completed
ORD06104,BR003,2025-05-31,54.27,Completed
ORD06193,BR003,2025-05-31,27.46,Completed
ORD06734,BR002,2025-05-31,62.4,Completed
ORD01253,BR001,2025-06-01,60.24,Completed
ORD01571,BR002,2025-06-01,55.97,Completed
ORD01679,BR002,2025-06-01,31.69,Completed
ORD02136,BR004,2025-06-01,39.32,Completed
ORD02339,BR002,2025-06-01,68.4,Completed
ORD02692,BR001,2025-06-01,64.99,Completed
ORD02991,BR002,2025-06-01,23.48,Completed
ORD03011,BR003,2025-06-01,25.67,Completed
ORD03237,BR004,2025-06-01,30.93,Completed
ORD04192,BR002,2025-06-01,39.58,Completed
ORD04477,BR001,2025-06-01,66.27,Completed
ORD04844,BR002,2025-06-01,23.52,Completed
ORD06091,BR002,2025-06-01,16.38,Completed
ORD00174,BR002,2025-06-02,23.02,Completed
ORD01030,BR002,2025-06-02,35.16,Completed
ORD02043,BR002,2025-06-02,92.81,Completed
ORD02368,BR003,2025-06-02,84.27,Completed
ORD02510,BR003,2025-06-02,10.84,Completed
ORD03220,BR001,2025-06-02,20.8,Completed
ORD03558,BR003,2025-06-02,64.13,Completed
ORD03683,BR004,2025-06-02,13.72,Completed
ORD04320,BR004,2025-06-02,65.27,Completed
ORD04331,BR001,2025-06-02,62.55,Completed
ORD04445,BR001,2025-06-02,21.76,Completed
ORD04468,BR002,2025-06-02,20.62,Completed
ORD04835,BR002,2025-06-02,29.44,Completed
ORD05122,BR004,2025-06-02,37.33,Completed
ORD05330,BR002,2025-06-02,72.37,Completed
ORD06062,BR002,2025-06-02,39.4,Completed
ORD06176,BR003,2025-06-02,31.91,Completed
ORD01557,BR004,2025-06-03,109.13,Completed
ORD02034,BR001,2025-06-03,63.57,Completed
ORD02395,BR001,2025-06-03,5.03,Completed
ORD03173,BR002,2025-06-03,11.87,Completed
ORD03265,BR001,2025-06-03,19.04,Completed
ORD03651,BR002,2025-06-03,79.04,Completed
ORD03952,BR004,2025-06-03,61.14,Completed
ORD05454,BR002,2025-06-03,13.73,Completed
ORD05778,BR001,2025-06-03,18.7,Completed
ORD05872,BR004,2025-06-03,59.33,Completed
ORD00354,BR003,2025-06-04,69.33,Completed
ORD00544,BR003,2025-06-04,21.45,Completed
ORD00939,BR003,2025-06-04,54.99,Completed
ORD02318,BR003,2025-06-04,12.49,Completed
ORD03795,BR001,2025-06-04,57.53,Completed
ORD04011,BR002,2025-06-04,40.28,Completed
ORD04421,BR004,2025-06-04,40.47,Completed
ORD05000,BR004,2025-06-04,59.96,Completed
ORD05038,BR001,2025-06-04,50.56,Completed
ORD05430,BR004,2025-06-04,23.02,Completed
ORD00551,BR003,2025-06-05,69.06,Completed
ORD00691,BR001,2025-06-05,62.78,Completed
ORD02198,BR002,2025-06-05,23.02,Completed
ORD02753,BR003,2025-06-05,58.0,Completed
ORD03250,BR003,2025-06-05,36.86,Completed
ORD03429,BR002,2025-06-05,6.05,Completed
ORD03550,BR004,2025-06-05,51.77,Completed
ORD03734,BR001,2025-06-05,14.72,Completed
ORD03779,BR004,2025-06-05,61.17,Completed
ORD03972,BR004,2025-06-05,34.76,Completed
ORD04079,BR001,2025-06-05,27.42,Completed
ORD04394,BR004,2025-06-05,11.68,Completed
ORD04680,BR002,2025-06-05,20.38,Completed
ORD04915,BR001,2025-06-05,73.46,Completed
ORD06898,BR002,2025-06-05,59.88,Completed
ORD00111,BR001,2025-06-06,11.52,Completed
ORD00457,BR002,2025-06-06,18.37,Completed
ORD00599,BR004,2025-06-06,11.64,Completed
ORD00768,BR003,2025-06-06,14.3,Completed
ORD02258,BR002,2025-06-06,43.58,Completed
ORD02761,BR001,2025-06-06,64.32,Completed
ORD03975,BR002,2025-06-06,62.16,Completed
ORD04404,BR002,2025-06-06,23.45,Completed
ORD05262,BR002,2025-06-06,41.91,Completed
ORD05348,BR004,2025-06-06,29.17,Completed
ORD05606,BR001,2025-06-06,66.12,Completed
ORD00627,BR002,2025-06-07,47.16,Completed
ORD01126,BR002,2025-06-07,64.34,Completed
ORD04497,BR002,2025-06-07,6.86,Completed
ORD05279,BR001,2025-06-07,62.16,Completed
ORD05718,BR004,2025-06-07,55.65,Completed
ORD06581,BR004,2025-06-07,10.06,Completed
ORD06669,BR001,2025-06-07,21.19,Completed
ORD00020,BR001,2025-06-08,95.8,Completed
ORD01416,BR004,2025-06-08,11.28,Completed
ORD03092,BR003,2025-06-08,31.15,Completed
ORD04654,BR002,2025-06-08,20.62,Completed
ORD06340,BR003,2025-06-08,45.6,Completed
ORD06594,BR004,2025-06-08,59.77,Completed
ORD06953,BR002,2025-06-08,23.11,Completed
ORD00801,BR002,2025-06-09,23.11,Completed
ORD00824,BR004,2025-06-09,61.57,Completed
ORD00990,BR001,2025-06-09,45.78,Completed
ORD02474,BR003,2025-06-09,11.31,Completed
ORD03178,BR003,2025-06-09,72.88,Completed
ORD04119,BR003,2025-06-09,39.42,Completed
ORD04754,BR002,2025-06-09,76.56,Completed
ORD05260,BR003,2025-06-09,23.28,Completed
ORD05299,BR004,2025-06-09,29.44,Completed
ORD05550,BR003,2025-06-09,45.6,Completed
ORD06066,BR004,2025-06-09,41.57,Completed
ORD00676,BR002,2025-06-10,27.32,Completed
ORD01070,BR002,2025-06-10,69.33,Completed
ORD01784,BR002,2025-06-10,35.04,Completed
ORD02332,BR001,2025-06-10,22.04,Completed
ORD02594,BR003,2025-06-10,73.15,Completed
ORD03153,BR002,2025-06-10,47.16,Completed
ORD03293,BR004,2025-06-10,27.42,Completed
ORD04009,BR004,2025-06-10,44.08,Completed
ORD05958,BR004,2025-06-10,22.58,Completed
ORD06256,BR002,2025-06-10,21.19,Completed
ORD00448,BR002,2025-06-11,21.19,Completed
ORD01068,BR002,2025-06-11,20.22,Completed
ORD02408,BR003,2025-06-11,73.48,Completed
ORD02503,BR004,2025-06-11,45.78,Completed
ORD03479,BR003,2025-06-11,16.95,Completed
ORD04107,BR002,2025-06-11,86.92,Completed
ORD04657,BR002,2025-06-11,45.78,Completed
ORD05009,BR001,2025-06-11,40.16,Completed
ORD05247,BR002,2025-06-11,34.36,Completed
ORD05266,BR003,2025-06-11,8.63,Completed
ORD06103,BR001,2025-06-11,27.33,Completed
ORD06784,BR001,2025-06-11,80.67,Completed
ORD00002,BR001,2025-06-12,27.46,Completed
ORD00596,BR002,2025-06-12,46.04,Completed
ORD02896,BR003,2025-06-12,16.26,Completed
ORD03165,BR004,2025-06-12,8.19,Completed
ORD03666,BR003,2025-06-12,7.84,Completed
ORD03681,BR004,2025-06-12,78.22,Completed
ORD03757,BR001,2025-06-12,16.07,Completed
ORD04230,BR002,2025-06-12,23.22,Completed
ORD04491,BR002,2025-06-12,55.83,Completed
ORD04727,BR004,2025-06-12,37.47,Completed
ORD04744,BR003,2025-06-12,46.85,Completed
ORD05144,BR004,2025-06-12,57.68,Completed
ORD06225,BR002,2025-06-12,84.28,Completed
ORD06459,BR002,2025-06-12,35.54,Completed
ORD06552,BR004,2025-06-12,29.7,Completed
ORD06561,BR004,2025-06-12,52.06,Completed
ORD06624,BR002,2025-06-12,44.08,Completed
ORD00048,BR003,2025-06-13,14.3,Completed
ORD01709,BR001,2025-06-13,21.76,Completed
ORD01911,BR004,2025-06-13,45.6,Completed
ORD02855,BR004,2025-06-13,41.91,Completed
ORD03380,BR004,2025-06-13,74.89,Completed
ORD03573,BR001,2025-06-13,26.28,Completed
ORD04294,BR003,2025-06-13,46.04,Completed
ORD05026,BR002,2025-06-13,44.78,Completed
ORD05439,BR004,2025-06-13,59.4,Completed
ORD06307,BR001,2025-06-13,23.48,Completed
ORD06994,BR002,2025-06-13,62.64,Completed
ORD01976,BR001,2025-06-14,23.28,Completed
ORD03063,BR004,2025-06-14,50.85,Completed
ORD03422,BR004,2025-06-14,11.31,Completed
ORD04475,BR001,2025-06-14,77.22,Completed
ORD04823,BR002,2025-06-14,20.39,Completed
ORD05254,BR004,2025-06-14,43.16,Completed
ORD05526,BR002,2025-06-14,22.8,Completed
ORD06538,BR003,2025-06-14,78.47,Completed
ORD06577,BR001,2025-06-14,19.8,Completed
ORD06830,BR004,2025-06-14,130.5,Completed
ORD00248,BR003,2025-06-15,54.24,Completed
ORD00630,BR003,2025-06-15,20.08,Completed
ORD00826,BR002,2025-06-15,37.47,Completed
ORD01212,BR004,2025-06-15,57.52,Completed
ORD01750,BR003,2025-06-15,72.99,Completed
ORD01836,BR003,2025-06-15,42.06,Completed
ORD02156,BR001,2025-06-15,26.28,Completed
ORD04035,BR001,2025-06-15,38.24,Completed
ORD05101,BR003,2025-06-15,69.66,Completed
ORD05302,BR003,2025-06-15,21.19,Completed
ORD06398,BR001,2025-06-15,57.67,Completed
ORD06683,BR003,2025-06-15,20.39,Completed
ORD00195,BR003,2025-06-16,11.31,Completed
ORD01569,BR004,2025-06-16,53.97,Completed
ORD01604,BR001,2025-06-16,8.19,Completed
ORD02285,BR001,2025-06-16,45.71,Completed
ORD02930,BR004,2025-06-16,15.09,Completed
ORD03013,BR004,2025-06-16,51.54,Completed
ORD04129,BR001,2025-06-16,21.03,Completed
ORD05258,BR002,2025-06-16,32.32,Completed
ORD06213,BR001,2025-06-16,42.06,Completed
ORD00505,BR003,2025-06-17,61.14,Completed
ORD00518,BR004,2025-06-17,16.26,Completed
ORD00858,BR002,2025-06-17,12.96,Completed
ORD01378,BR004,2025-06-17,76.32,Completed
ORD01683,BR003,2025-06-17,80.2,Completed
ORD01958,BR004,2025-06-17,40.78,Completed
ORD02756,BR001,2025-06-17,21.19,Completed
ORD03025,BR002,2025-06-17,23.28,Completed
ORD03399,BR003,2025-06-17,10.31,Completed
ORD04335,BR003,2025-06-17,100.05,Completed
ORD04470,BR001,2025-06-17,88.85,Completed
ORD04905,BR003,2025-06-17,7.15,Completed
ORD06053,BR001,2025-06-17,66.84,Completed
ORD00062,BR003,2025-06-18,19.2,Completed
ORD00318,BR001,2025-06-18,24.57,Completed
ORD00739,BR002,2025-06-18,15.26,Completed
ORD01899,BR004,2025-06-18,16.94,Completed
ORD02093,BR001,2025-06-18,60.72,Completed
ORD02222,BR004,2025-06-18,46.62,Completed
ORD02509,BR002,2025-06-18,9.14,Completed
ORD03087,BR001,2025-06-18,12.1,Completed
ORD05736,BR003,2025-06-18,23.36,Completed
ORD06050,BR001,2025-06-18,13.73,Completed
ORD06445,BR004,2025-06-18,58.24,Completed
ORD06775,BR003,2025-06-18,11.68,Completed
ORD00240,BR004,2025-06-19,11.31,Completed
ORD00579,BR004,2025-06-19,85.33,Completed
ORD01471,BR003,2025-06-19,55.11,Completed
ORD01712,BR004,2025-06-19,22.04,Completed
ORD02893,BR001,2025-06-19,10.84,Completed
ORD04590,BR002,2025-06-19,20.39,Completed
ORD04713,BR001,2025-06-19,12.96,Completed
ORD05100,BR003,2025-06-19,37.3,Completed
ORD05151,BR003,2025-06-19,69.06,Completed
ORD05612,BR001,2025-06-19,57.35,Completed
ORD05894,BR002,2025-06-19,23.36,Completed
ORD06300,BR001,2025-06-19,50.08,Completed
ORD00143,BR002,2025-06-20,5.42,Completed
ORD00273,BR003,2025-06-20,12.96,Completed
ORD00362,BR003,2025-06-20,34.54,Completed
ORD00709,BR003,2025-06-20,44.0,Completed
ORD00823,BR004,2025-06-20,23.28,Completed
ORD01481,BR003,2025-06-20,106.9,Completed
ORD02595,BR003,2025-06-20,15.68,Completed
ORD03154,BR003,2025-06-20,54.48,Completed
ORD03246,BR003,2025-06-20,47.65,Completed
ORD03361,BR001,2025-06-20,8.19,Completed
ORD03735,BR002,2025-06-20,5.03,Completed
ORD04573,BR003,2025-06-20,18.37,Completed
ORD04726,BR004,2025-06-20,11.52,Completed
ORD00994,BR004,2025-06-21,41.19,Completed
ORD01062,BR002,2025-06-21,61.36,Completed
ORD02024,BR002,2025-06-21,22.62,Completed
ORD00266,BR004,2025-06-22,43.52,Completed
ORD00416,BR002,2025-06-22,27.03,Completed
ORD00421,BR001,2025-06-22,118.5,Completed
ORD01935,BR003,2025-06-22,16.26,Completed
ORD02508,BR001,2025-06-22,55.11,Completed
ORD03565,BR001,2025-06-22,47.16,Completed
ORD03784,BR002,2025-06-22,80.5,Completed
ORD04140,BR002,2025-06-22,55.24,Completed
ORD04847,BR003,2025-06-22,29.29,Completed
ORD05018,BR003,2025-06-22,52.63,Completed
ORD05161,BR002,2025-06-22,53.94,Completed
ORD05975,BR002,2025-06-22,30.52,Completed
ORD06112,BR001,2025-06-22,41.91,Completed
ORD06296,BR004,2025-06-22,46.04,Completed
ORD06950,BR001,2025-06-22,45.84,Completed
ORD00832,BR001,2025-06-23,6.74,Completed
ORD01037,BR003,2025-06-23,16.38,Completed
ORD01082,BR002,2025-06-23,56.1,Completed
ORD01822,BR004,2025-06-23,5.76,Completed
ORD01869,BR004,2025-06-23,17.26,Completed
ORD02545,BR003,2025-06-23,36.66,Completed
ORD02673,BR003,2025-06-23,26.44,Completed
ORD02943,BR003,2025-06-23,56.46,Completed
ORD03099,BR004,2025-06-23,87.39,Completed
ORD04146,BR003,2025-06-23,59.13,Completed
ORD04275,BR004,2025-06-23,47.16,Completed
ORD04747,BR002,2025-06-23,7.15,Completed
ORD04841,BR003,2025-06-23,56.1,Completed
ORD05201,BR003,2025-06-23,87.9,Completed
ORD05314,BR004,2025-06-23,54.8,Completed
ORD06505,BR004,2025-06-23,79.7,Completed
ORD06618,BR002,2025-06-23,39.25,Completed
ORD00350,BR001,2025-06-24,48.95,Completed
ORD00587,BR002,2025-06-24,9.9,Completed
ORD01722,BR002,2025-06-24,32.94,Completed
ORD02230,BR002,2025-06-24,63.36,Completed
ORD02782,BR003,2025-06-24,35.22,Completed
ORD03158,BR002,2025-06-24,11.87,Completed
ORD03722,BR003,2025-06-24,41.19,Completed
ORD04115,BR003,2025-06-24,42.06,Completed
ORD04345,BR004,2025-06-24,65.76,Completed
ORD04494,BR003,2025-06-24,21.89,Completed
ORD04763,BR002,2025-06-24,21.19,Completed
ORD05130,BR003,2025-06-24,36.85,Completed
ORD05913,BR002,2025-06-24,61.8,Completed
ORD06121,BR003,2025-06-24,23.66,Completed
ORD06444,BR002,2025-06-24,15.72,Completed
ORD06802,BR002,2025-06-24,34.36,Completed
ORD01241,BR003,2025-06-25,69.26,Completed
ORD01760,BR003,2025-06-25,46.1,Completed
ORD01883,BR004,2025-06-25,23.02,Completed
ORD01903,BR003,2025-06-25,75.06,Completed
ORD02275,BR004,2025-06-25,15.54,Completed
ORD02759,BR004,2025-06-25,72.17,Completed
ORD02879,BR002,2025-06-25,16.26,Completed
ORD03070,BR004,2025-06-25,103.42,Completed
ORD04088,BR003,2025-06-25,25.89,Completed
ORD06067,BR003,2025-06-25,20.08,Completed
ORD06158,BR003,2025-06-25,53.12,Completed
ORD06674,BR001,2025-06-25,47.16,Completed
ORD00374,BR001,2025-06-26,23.33,Completed
ORD02264,BR003,2025-06-26,15.72,Completed
ORD02708,BR001,2025-06-26,97.39,Completed
ORD02804,BR003,2025-06-26,13.61,Completed
ORD03402,BR001,2025-06-26,59.22,Completed
ORD03919,BR002,2025-06-26,20.58,Completed
ORD05506,BR001,2025-06-26,31.22,Completed
ORD05627,BR004,2025-06-26,41.77,Completed
ORD05651,BR001,2025-06-26,32.94,Completed
ORD06346,BR002,2025-06-26,45.78,Completed
ORD00024,BR004,2025-06-27,81.53,Completed
ORD00107,BR002,2025-06-27,93.18,Completed
ORD00166,BR003,2025-06-27,74.19,Completed
ORD00216,BR001,2025-06-27,23.02,Completed
ORD01533,BR003,2025-06-27,5.64,Completed
ORD01603,BR002,2025-06-27,6.75,Completed
ORD03727,BR001,2025-06-27,14.3,Completed
ORD04513,BR001,2025-06-27,26.86,Completed
ORD04588,BR001,2025-06-27,45.67,Completed
ORD06401,BR001,2025-06-27,36.76,Completed
ORD06439,BR001,2025-06-27,20.38,Completed
ORD00185,BR004,2025-06-28,29.02,Completed
ORD01595,BR003,2025-06-28,5.03,Completed
ORD02088,BR002,2025-06-28,53.66,Completed
ORD02195,BR001,2025-06-28,39.42,Completed
ORD02338,BR003,2025-06-28,39.74,Completed
ORD02832,BR004,2025-06-28,17.28,Completed
ORD02898,BR004,2025-06-28,70.59,Completed
ORD03566,BR003,2025-06-28,75.1,Completed
ORD03742,BR002,2025-06-28,46.22,Completed
ORD04195,BR004,2025-06-28,57.67,Completed
ORD05253,BR003,2025-06-28,84.78,Completed
ORD05437,BR003,2025-06-28,84.27,Completed
ORD06568,BR004,2025-06-28,42.8,Completed
ORD00282,BR002,2025-06-29,5.03,Completed
ORD00906,BR001,2025-06-29,32.94,Completed
ORD01480,BR004,2025-06-29,8.63,Completed
ORD03136,BR002,2025-06-29,83.94,Completed
ORD03410,BR003,2025-06-29,23.52,Completed
ORD03924,BR002,2025-06-29,11.68,Completed
ORD04949,BR002,2025-06-29,21.19,Completed
ORD04999,BR003,2025-06-29,29.98,Completed
ORD05003,BR003,2025-06-29,42.08,Completed
ORD06195,BR002,2025-06-29,49.41,Completed
ORD06641,BR004,2025-06-29,84.45,Completed
ORD06881,BR004,2025-06-29,84.05,Completed
ORD00510,BR002,2025-06-30,18.15,Completed
ORD00731,BR002,2025-06-30,42.38,Completed
ORD01371,BR001,2025-06-30,30.93,Completed
ORD01398,BR003,2025-06-30,41.6,Completed
ORD01675,BR002,2025-06-30,116.88,Completed
ORD02944,BR002,2025-06-30,55.55,Completed
ORD03421,BR001,2025-06-30,15.68,Completed
ORD04116,BR001,2025-06-30,55.11,Completed
ORD05082,BR004,2025-06-30,68.82,Completed
ORD05223,BR002,2025-06-30,40.17,Completed
ORD05565,BR001,2025-06-30,33.93,Completed
ORD06948,BR001,2025-06-30,40.25,Completed
ORD00508,BR002,2025-07-01,36.74,Completed
ORD00639,BR002,2025-07-01,48.43,Completed
ORD01367,BR002,2025-07-01,13.73,Completed
ORD01765,BR003,2025-07-01,56.57,Completed
ORD02362,BR002,2025-07-01,70.53,Completed
ORD02774,BR004,2025-07-01,53.31,Completed
ORD03111,BR003,2025-07-01,41.6,Completed
ORD03392,BR004,2025-07-01,91.2,Completed
ORD04354,BR004,2025-07-01,41.43,Completed
ORD04428,BR002,2025-07-01,55.0,Completed
ORD05141,BR004,2025-07-01,55.8,Completed
ORD05325,BR002,2025-07-01,29.44,Completed
ORD05351,BR002,2025-07-01,77.4,Completed
ORD05683,BR004,2025-07-01,76.12,Completed
ORD05769,BR003,2025-07-01,12.96,Completed
ORD06530,BR002,2025-07-01,67.02,Completed
ORD02966,BR002,2025-07-02,85.13,Completed
ORD05007,BR003,2025-07-02,64.16,Completed
ORD05483,BR001,2025-07-02,49.39,Completed
ORD01994,BR004,2025-07-03,26.28,Completed
ORD02255,BR002,2025-07-03,55.36,Completed
ORD03102,BR001,2025-07-03,46.06,Completed
ORD03378,BR003,2025-07-03,17.77,Completed
ORD03937,BR002,2025-07-03,48.56,Completed
ORD04244,BR001,2025-07-03,45.58,Completed
ORD05859,BR003,2025-07-03,20.62,Completed
ORD00433,BR003,2025-07-04,47.16,Completed
ORD01211,BR001,2025-07-04,32.86,Completed
ORD01306,BR001,2025-07-04,87.38,Completed
ORD01925,BR004,2025-07-04,17.77,Completed
ORD02081,BR001,2025-07-04,28.0,Completed
ORD02529,BR003,2025-07-04,61.99,Completed
ORD02957,BR001,2025-07-04,41.19,Completed
ORD03119,BR002,2025-07-04,60.19,Completed
ORD04073,BR001,2025-07-04,48.02,Completed
ORD04734,BR002,2025-07-04,85.71,Completed
ORD04921,BR002,2025-07-04,38.74,Completed
ORD05900,BR002,2025-07-04,50.52,Completed
ORD05967,BR002,2025-07-04,55.42,Completed
ORD06246,BR004,2025-07-04,9.14,Completed
ORD06511,BR003,2025-07-04,41.94,Completed
ORD00051,BR001,2025-07-05,50.82,Completed
ORD00811,BR004,2025-07-05,23.11,Completed
ORD00881,BR003,2025-07-05,40.78,Completed
ORD01521,BR002,2025-07-05,38.38,Completed
ORD03754,BR002,2025-07-05,46.62,Completed
ORD03880,BR003,2025-07-05,10.84,Completed
ORD03941,BR002,2025-07-05,6.05,Completed
ORD04740,BR002,2025-07-05,23.74,Completed
ORD05864,BR004,2025-07-05,59.1,Completed
ORD06260,BR002,2025-07-05,10.31,Completed
ORD00023,BR002,2025-07-06,20.25,Completed
ORD00669,BR001,2025-07-06,66.12,Completed
ORD01268,BR003,2025-07-06,41.76,Completed
ORD02455,BR003,2025-07-06,10.31,Completed
ORD02984,BR001,2025-07-06,16.26,Completed
ORD04395,BR002,2025-07-06,69.33,Completed
ORD04750,BR001,2025-07-06,29.46,Completed
ORD05432,BR001,2025-07-06,24.17,Completed
ORD06061,BR001,2025-07-06,17.28,Completed
ORD06376,BR004,2025-07-06,42.38,Completed
ORD06447,BR001,2025-07-06,39.95,Completed
ORD00287,BR002,2025-07-07,44.56,Completed
ORD00655,BR002,2025-07-07,37.54,Completed
ORD00715,BR004,2025-07-07,34.83,Completed
ORD01941,BR002,2025-07-07,72.2,Completed
ORD02911,BR004,2025-07-07,37.85,Completed
ORD03032,BR004,2025-07-07,51.96,Completed
ORD03572,BR001,2025-07-07,10.84,Completed
ORD03712,BR003,2025-07-07,13.72,Completed
ORD03721,BR002,2025-07-07,23.36,Completed
ORD04457,BR002,2025-07-07,39.6,Completed
ORD05068,BR002,2025-07-07,64.13,Completed
ORD05168,BR001,2025-07-07,10.84,Completed
ORD05806,BR004,2025-07-07,21.03,Completed
ORD05865,BR002,2025-07-07,85.61,Completed
ORD06646,BR002,2025-07-07,44.3,Completed
ORD01169,BR002,2025-07-08,92.66,Completed
ORD01236,BR003,2025-07-08,42.06,Completed
ORD01716,BR001,2025-07-08,35.04,Completed
ORD01726,BR001,2025-07-08,54.4,Completed
ORD01992,BR002,2025-07-08,11.74,Completed
ORD02010,BR003,2025-07-08,20.8,Completed
ORD02206,BR003,2025-07-08,11.28,Completed
ORD02251,BR001,2025-07-08,6.05,Completed
ORD02298,BR004,2025-07-08,20.58,Completed
ORD04021,BR004,2025-07-08,13.97,Completed
ORD04047,BR003,2025-07-08,73.05,Completed
ORD04178,BR002,2025-07-08,34.92,Completed
ORD04283,BR004,2025-07-08,11.52,Completed
ORD04420,BR003,2025-07-08,37.4,Completed
ORD05548,BR002,2025-07-08,34.14,Completed
ORD05753,BR002,2025-07-08,34.56,Completed
ORD05934,BR004,2025-07-08,35.88,Completed
ORD06437,BR001,2025-07-08,11.68,Completed
ORD06580,BR004,2025-07-08,29.37,Completed
ORD06873,BR001,2025-07-08,45.06,Completed
ORD00052,BR001,2025-07-09,54.66,Completed
ORD00178,BR003,2025-07-09,46.04,Completed
ORD00190,BR003,2025-07-09,82.77,Completed
ORD00300,BR001,2025-07-09,23.74,Completed
ORD00372,BR004,2025-07-09,34.92,Completed
ORD00479,BR003,2025-07-09,54.67,Completed
ORD00558,BR002,2025-07-09,41.19,Completed
ORD00561,BR003,2025-07-09,46.04,Completed
ORD00733,BR003,2025-07-09,5.64,Completed
ORD00920,BR001,2025-07-09,18.54,Completed
ORD01202,BR002,2025-07-09,46.62,Completed
ORD02174,BR001,2025-07-09,51.13,Completed
ORD02837,BR004,2025-07-09,54.99,Completed
ORD04389,BR001,2025-07-09,56.36,Completed
ORD04762,BR001,2025-07-09,46.22,Completed
ORD05508,BR001,2025-07-09,40.39,Completed
ORD05854,BR001,2025-07-09,6.86,Completed
ORD06007,BR004,2025-07-09,39.48,Completed
ORD06043,BR004,2025-07-09,51.54,Completed
ORD06212,BR004,2025-07-09,22.4,Completed
ORD06601,BR004,2025-07-09,75.73,Completed
ORD06675,BR003,2025-07-09,66.12,Completed
ORD06760,BR001,2025-07-09,15.72,Completed
ORD06882,BR004,2025-07-09,14.72,Completed
ORD00667,BR002,2025-07-10,27.94,Completed
ORD00925,BR001,2025-07-10,82.26,Completed
ORD01495,BR004,2025-07-10,70.44,Completed
ORD01655,BR004,2025-07-10,20.23,Completed
ORD02721,BR002,2025-07-10,30.8,Completed
ORD03098,BR001,2025-07-10,48.02,Completed
ORD03291,BR004,2025-07-10,37.47,Completed
ORD05724,BR001,2025-07-10,53.31,Completed
ORD06171,BR003,2025-07-10,6.75,Completed
ORD06204,BR001,2025-07-10,53.73,Completed
ORD06867,BR001,2025-07-10,58.62,Completed
ORD02677,BR003,2025-07-11,90.12,Completed
ORD03443,BR004,2025-07-11,74.45,Completed
ORD03455,BR004,2025-07-11,50.94,Completed
ORD04081,BR004,2025-07-11,51.54,Completed
ORD02304,BR002,2025-07-12,68.01,Completed
ORD03524,BR003,2025-07-12,60.21,Completed
ORD04448,BR004,2025-07-12,17.28,Completed
ORD04504,BR004,2025-07-12,43.93,Completed
ORD05672,BR004,2025-07-12,40.76,Completed
ORD06495,BR002,2025-07-12,41.96,Completed
ORD01077,BR004,2025-07-13,113.49,Completed
ORD02321,BR002,2025-07-13,62.86,Completed
ORD02554,BR002,2025-07-13,76.32,Completed
ORD02633,BR001,2025-07-13,41.27,Completed
ORD03686,BR003,2025-07-13,17.26,Completed
ORD04522,BR002,2025-07-13,9.9,Completed
ORD04636,BR004,2025-07-13,6.86,Completed
ORD05303,BR001,2025-07-13,23.11,Completed
ORD06791,BR002,2025-07-13,78.35,Completed
ORD00007,BR001,2025-07-14,54.99,Completed
ORD00840,BR001,2025-07-14,55.47,Completed
ORD01265,BR004,2025-07-14,13.48,Completed
ORD01329,BR001,2025-07-14,56.1,Completed
ORD01931,BR002,2025-07-14,30.95,Completed
ORD03340,BR003,2025-07-14,16.95,Completed
ORD03853,BR003,2025-07-14,20.39,Completed
ORD04366,BR004,2025-07-14,51.46,Completed
ORD04514,BR002,2025-07-14,35.22,Completed
ORD04641,BR001,2025-07-14,80.89,Completed
ORD06060,BR003,2025-07-14,51.54,Completed
ORD00538,BR001,2025-07-15,38.34,Completed
ORD01977,BR004,2025-07-15,36.66,Completed
ORD03071,BR004,2025-07-15,17.26,Completed
ORD03789,BR002,2025-07-15,16.26,Completed
ORD06426,BR004,2025-07-15,27.94,Completed
ORD06514,BR003,2025-07-15,30.52,Completed
ORD06913,BR003,2025-07-15,37.88,Completed
ORD01185,BR001,2025-07-16,23.57,Completed
ORD01394,BR003,2025-07-16,25.84,Completed
ORD02317,BR003,2025-07-16,19.23,Completed
ORD02873,BR003,2025-07-16,41.08,Completed
ORD02947,BR003,2025-07-16,41.19,Completed
ORD03576,BR001,2025-07-16,53.56,Completed
ORD05060,BR004,2025-07-16,51.99,Completed
ORD00033,BR002,2025-07-17,54.99,Completed
ORD00387,BR004,2025-07-17,18.28,Completed
ORD00611,BR002,2025-07-17,22.62,Completed
ORD01445,BR001,2025-07-17,33.93,Completed
ORD03036,BR003,2025-07-17,10.31,Completed
ORD03192,BR002,2025-07-17,31.44,Completed
ORD03792,BR002,2025-07-17,25.89,Completed
ORD03806,BR003,2025-07-17,13.97,Completed
ORD04890,BR002,2025-07-17,11.74,Completed
ORD06744,BR003,2025-07-17,83.61,Completed
ORD00285,BR001,2025-07-18,44.62,Completed
ORD01968,BR001,2025-07-18,44.02,Completed
ORD02074,BR004,2025-07-18,108.42,Completed
ORD03577,BR002,2025-07-18,45.19,Completed
ORD04495,BR001,2025-07-18,61.14,Completed
ORD04534,BR002,2025-07-18,19.2,Completed
ORD06475,BR004,2025-07-18,62.4,Completed
ORD06611,BR002,2025-07-18,44.0,Completed
ORD06931,BR004,2025-07-18,48.78,Completed
ORD00896,BR002,2025-07-19,20.39,Completed
ORD01072,BR003,2025-07-19,63.36,Completed
ORD01121,BR002,2025-07-19,46.22,Completed
ORD01192,BR001,2025-07-19,35.22,Completed
ORD01550,BR002,2025-07-19,76.77,Completed
ORD01696,BR003,2025-07-19,44.47,Completed
ORD02252,BR002,2025-07-19,23.02,Completed
ORD03534,BR003,2025-07-19,59.83,Completed
ORD04005,BR003,2025-07-19,28.23,Completed
ORD04267,BR004,2025-07-19,57.17,Completed
ORD05133,BR001,2025-07-19,59.01,Completed
ORD05564,BR003,2025-07-19,5.42,Completed
ORD06025,BR003,2025-07-19,71.04,Completed
ORD06361,BR002,2025-07-19,48.16,Completed
ORD06856,BR002,2025-07-19,20.58,Completed
ORD00695,BR002,2025-07-20,65.86,Completed
ORD01914,BR002,2025-07-20,39.09,Completed
ORD02614,BR004,2025-07-20,34.92,Completed
ORD03507,BR001,2025-07-20,13.5,Completed
ORD03644,BR001,2025-07-20,16.47,Completed
ORD04410,BR004,2025-07-20,46.73,Completed
ORD04614,BR001,2025-07-20,6.4,Completed
ORD06169,BR001,2025-07-20,51.54,Completed
ORD06553,BR003,2025-07-20,15.26,Completed
ORD06871,BR001,2025-07-20,45.6,Completed
ORD00189,BR001,2025-07-21,61.17,Completed
ORD02020,BR001,2025-07-21,32.94,Completed
ORD03518,BR001,2025-07-21,132.15,Completed
ORD03701,BR003,2025-07-21,69.33,Completed
ORD05033,BR002,2025-07-21,20.58,Completed
ORD05256,BR004,2025-07-21,11.64,Completed
ORD05310,BR003,2025-07-21,15.72,Completed
ORD05572,BR002,2025-07-21,37.08,Completed
ORD06716,BR004,2025-07-21,93.92,Completed
ORD06736,BR003,2025-07-21,35.64,Completed
ORD00123,BR003,2025-07-22,128.52,Completed
ORD00353,BR003,2025-07-22,76.64,Completed
ORD00541,BR001,2025-07-22,25.92,Completed
ORD00976,BR001,2025-07-22,57.08,Completed
ORD01167,BR003,2025-07-22,17.28,Completed
ORD01542,BR002,2025-07-22,67.56,Completed
ORD01690,BR004,2025-07-22,35.22,Completed
ORD02147,BR001,2025-07-22,19.2,Completed
ORD02528,BR004,2025-07-22,79.38,Completed
ORD03258,BR002,2025-07-22,37.28,Completed
ORD03920,BR001,2025-07-22,58.65,Completed
ORD04731,BR002,2025-07-22,21.76,Completed
ORD05293,BR001,2025-07-22,83.63,Completed
ORD05516,BR003,2025-07-22,23.48,Completed
ORD05618,BR004,2025-07-22,29.44,Completed
ORD06178,BR001,2025-07-22,9.14,Completed
ORD06217,BR003,2025-07-22,104.01,Completed
ORD06455,BR004,2025-07-22,25.37,Completed
ORD06790,BR001,2025-07-22,27.46,Completed
ORD00649,BR004,2025-07-23,65.28,Completed
ORD01528,BR002,2025-07-23,16.95,Completed
ORD01844,BR001,2025-07-23,29.52,Completed
ORD01960,BR003,2025-07-23,20.08,Completed
ORD02672,BR003,2025-07-23,7.15,Completed
ORD03207,BR002,2025-07-23,69.06,Completed
ORD04181,BR004,2025-07-23,29.66,Completed
ORD04295,BR001,2025-07-23,34.52,Completed
ORD06988,BR001,2025-07-23,12.8,Completed
ORD00099,BR002,2025-07-24,36.84,Completed
ORD00533,BR002,2025-07-24,16.95,Completed
ORD01401,BR004,2025-07-24,35.04,Completed
ORD02354,BR004,2025-07-24,18.15,Completed
ORD02555,BR003,2025-07-24,27.22,Completed
ORD02646,BR001,2025-07-24,61.14,Completed
ORD03156,BR002,2025-07-24,36.74,Completed
ORD03174,BR003,2025-07-24,6.74,Completed
ORD03278,BR002,2025-07-24,61.17,Completed
ORD03449,BR004,2025-07-24,52.93,Completed
ORD03522,BR002,2025-07-24,84.75,Completed
ORD05393,BR003,2025-07-24,83.26,Completed
ORD06448,BR001,2025-07-24,50.85,Completed
ORD01035,BR004,2025-07-25,83.58,Completed
ORD02306,BR002,2025-07-25,21.03,Completed
ORD02904,BR002,2025-07-25,62.85,Completed
ORD04196,BR004,2025-07-25,99.75,Completed
ORD04242,BR001,2025-07-25,20.22,Completed
ORD05705,BR003,2025-07-25,27.46,Completed
ORD00865,BR002,2025-07-26,46.8,Completed
ORD01144,BR004,2025-07-26,12.49,Completed
ORD01490,BR004,2025-07-26,18.15,Completed
ORD02588,BR001,2025-07-26,62.52,Completed
ORD02718,BR003,2025-07-26,18.15,Completed
ORD03282,BR004,2025-07-26,24.57,Completed
ORD00040,BR003,2025-07-27,61.5,Completed
ORD01527,BR004,2025-07-27,22.8,Completed
ORD01660,BR001,2025-07-27,62.63,Completed
ORD01841,BR004,2025-07-27,57.88,Completed
ORD03096,BR002,2025-07-27,69.06,Completed
ORD03749,BR003,2025-07-27,52.49,Completed
ORD03819,BR003,2025-07-27,23.02,Completed
ORD04438,BR001,2025-07-27,59.34,Completed
ORD06876,BR002,2025-07-27,16.26,Completed
ORD00103,BR004,2025-07-28,79.56,Completed
ORD00529,BR003,2025-07-28,81.2,Completed
ORD01275,BR001,2025-07-28,19.8,Completed
ORD01700,BR004,2025-07-28,16.47,Completed
ORD02745,BR002,2025-07-28,32.94,Completed
ORD02853,BR003,2025-07-28,49.94,Completed
ORD05137,BR004,2025-07-28,30.93,Completed
ORD06952,BR002,2025-07-28,46.94,Completed
ORD00262,BR003,2025-07-29,66.12,Completed
ORD00585,BR001,2025-07-29,16.92,Completed
ORD00658,BR004,2025-07-29,41.91,Completed
ORD00683,BR001,2025-07-29,37.63,Completed
ORD01292,BR004,2025-07-29,63.09,Completed
ORD01764,BR001,2025-07-29,52.08,Completed
ORD01891,BR002,2025-07-29,66.12,Completed
ORD03350,BR003,2025-07-29,64.38,Completed
ORD04007,BR003,2025-07-29,63.57,Completed
ORD04825,BR004,2025-07-29,44.16,Completed
ORD05220,BR004,2025-07-29,15.09,Completed
ORD05523,BR003,2025-07-29,69.06,Completed
ORD05717,BR003,2025-07-29,68.4,Completed
ORD00720,BR003,2025-07-30,22.47,Completed
ORD01071,BR004,2025-07-30,61.82,Completed
ORD02674,BR002,2025-07-30,17.77,Completed
ORD03671,BR001,2025-07-30,23.22,Completed
ORD03990,BR001,2025-07-30,17.18,Completed
ORD04033,BR003,2025-07-30,118.59,Completed
ORD06044,BR004,2025-07-30,120.39,Completed
ORD06049,BR002,2025-07-30,71.1,Completed
ORD06097,BR001,2025-07-30,31.08,Completed
ORD06872,BR004,2025-07-30,74.4,Completed
ORD00016,BR002,2025-07-31,45.97,Completed
ORD00829,BR002,2025-07-31,81.6,Completed
ORD01330,BR001,2025-07-31,68.32,Completed
ORD01609,BR003,2025-07-31,11.31,Completed
ORD02374,BR002,2025-07-31,18.28,Completed
ORD03362,BR003,2025-07-31,16.38,Completed
ORD03724,BR003,2025-07-31,58.09,Completed
ORD04357,BR002,2025-07-31,88.22,Completed
ORD04413,BR002,2025-07-31,59.02,Completed
ORD05319,BR001,2025-07-31,40.2,Completed
ORD06278,BR004,2025-07-31,13.48,Completed
ORD06294,BR003,2025-07-31,43.43,Completed
ORD06451,BR002,2025-07-31,20.8,Completed
ORD06650,BR001,2025-07-31,66.98,Completed
ORD06778,BR003,2025-07-31,51.54,Completed
ORD06850,BR004,2025-07-31,42.87,Completed
ORD00487,BR002,2025-08-01,50.85,Completed
ORD02257,BR003,2025-08-01,23.11,Completed
ORD02589,BR004,2025-08-01,61.34,Completed
ORD02641,BR001,2025-08-01,9.14,Completed
ORD03436,BR001,2025-08-01,51.54,Completed
ORD04895,BR004,2025-08-01,18.7,Completed
ORD05344,BR003,2025-08-01,35.15,Completed
ORD05713,BR001,2025-08-01,40.16,Completed
ORD06216,BR002,2025-08-01,34.11,Completed
ORD06870,BR004,2025-08-01,22.8,Completed
ORD01905,BR003,2025-08-02,24.57,Completed
ORD01907,BR003,2025-08-02,26.54,Completed
ORD02070,BR002,2025-08-02,36.77,Completed
ORD03525,BR001,2025-08-02,35.22,Completed
ORD04246,BR001,2025-08-02,90.96,Completed
ORD04487,BR003,2025-08-02,40.76,Completed
ORD04629,BR001,2025-08-02,33.64,Completed
ORD05132,BR003,2025-08-02,86.07,Completed
ORD05553,BR004,2025-08-02,71.58,Completed
ORD06422,BR001,2025-08-02,22.62,Completed
ORD06582,BR002,2025-08-02,21.45,Completed
ORD00045,BR002,2025-08-03,35.22,Completed
ORD00280,BR002,2025-08-03,27.46,Completed
ORD00373,BR002,2025-08-03,38.02,Completed
ORD01450,BR004,2025-08-03,15.38,Completed
ORD01798,BR004,2025-08-03,59.18,Completed
ORD02578,BR001,2025-08-03,13.97,Completed
ORD02648,BR004,2025-08-03,20.25,Completed
ORD03101,BR001,2025-08-03,76.73,Completed
ORD05008,BR002,2025-08-03,30.52,Completed
ORD06720,BR001,2025-08-03,40.87,Completed
ORD06727,BR002,2025-08-03,46.44,Completed
ORD00562,BR002,2025-08-04,41.32,Completed
ORD00604,BR002,2025-08-04,69.6,Completed
ORD00838,BR004,2025-08-04,33.18,Completed
ORD02571,BR003,2025-08-04,41.89,Completed
ORD03347,BR003,2025-08-04,105.22,Completed
ORD03922,BR002,2025-08-04,20.25,Completed
ORD04431,BR003,2025-08-04,54.99,Completed
ORD04651,BR002,2025-08-04,27.46,Completed
ORD04706,BR001,2025-08-04,17.18,Completed
ORD05098,BR001,2025-08-04,82.17,Completed
ORD05190,BR003,2025-08-04,78.22,Completed
ORD06555,BR004,2025-08-04,69.66,Completed
ORD06586,BR004,2025-08-04,29.06,Completed
ORD00386,BR001,2025-08-05,94.32,Completed
ORD00774,BR003,2025-08-05,42.5,Completed
ORD00776,BR004,2025-08-05,11.52,Completed
ORD01217,BR001,2025-08-05,40.78,Completed
ORD01566,BR003,2025-08-05,16.38,Completed
ORD02682,BR002,2025-08-05,35.61,Completed
ORD02806,BR003,2025-08-05,49.54,Completed
ORD03065,BR001,2025-08-05,22.91,Completed
ORD05375,BR003,2025-08-05,22.8,Completed
ORD06518,BR003,2025-08-05,20.25,Completed
ORD06999,BR003,2025-08-05,63.57,Completed
ORD00834,BR002,2025-08-06,72.39,Completed
ORD01248,BR002,2025-08-06,47.16,Completed
ORD01881,BR002,2025-08-06,53.63,Completed
ORD02886,BR001,2025-08-06,76.31,Completed
ORD03131,BR004,2025-08-06,43.52,Completed
ORD03213,BR003,2025-08-06,73.47,Completed
ORD04310,BR002,2025-08-06,18.28,Completed
ORD04506,BR001,2025-08-06,48.02,Completed
ORD05027,BR002,2025-08-06,15.68,Completed
ORD05875,BR001,2025-08-06,55.11,Completed
ORD00135,BR001,2025-08-07,11.68,Completed
ORD00267,BR003,2025-08-07,13.48,Completed
ORD00475,BR002,2025-08-07,27.42,Completed
ORD00848,BR003,2025-08-07,82.38,Completed
ORD01134,BR002,2025-08-07,38.53,Completed
ORD01301,BR002,2025-08-07,23.74,Completed
ORD02511,BR001,2025-08-07,40.25,Completed
ORD02624,BR004,2025-08-07,51.54,Completed
ORD02691,BR001,2025-08-07,63.09,Completed
ORD03435,BR004,2025-08-07,26.79,Completed
ORD04173,BR004,2025-08-07,42.38,Completed
ORD04298,BR003,2025-08-07,23.48,Completed
ORD05721,BR004,2025-08-07,18.33,Completed
ORD06960,BR003,2025-08-07,27.42,Completed
ORD00742,BR001,2025-08-08,15.54,Completed
ORD00924,BR001,2025-08-08,30.93,Completed
ORD01064,BR001,2025-08-08,11.64,Completed
ORD02180,BR003,2025-08-08,66.44,Completed
ORD03590,BR001,2025-08-08,43.0,Completed
ORD03594,BR002,2025-08-08,26.91,Completed
ORD04659,BR002,2025-08-08,108.56,Completed
ORD04859,BR001,2025-08-08,75.07,Completed
ORD05797,BR004,2025-08-08,86.68,Completed
ORD05996,BR001,2025-08-08,18.37,Completed
ORD06494,BR002,2025-08-08,15.09,Completed
ORD00121,BR003,2025-08-09,23.21,Completed
ORD00959,BR001,2025-08-09,28.64,Completed
ORD01111,BR002,2025-08-09,15.09,Completed
ORD01519,BR003,2025-08-09,32.29,Completed
ORD01970,BR001,2025-08-09,40.76,Completed
ORD01985,BR004,2025-08-09,36.74,Completed
ORD02497,BR002,2025-08-09,5.76,Completed
ORD02562,BR003,2025-08-09,53.31,Completed
ORD02680,BR004,2025-08-09,34.03,Completed
ORD02883,BR003,2025-08-09,34.05,Completed
ORD03048,BR002,2025-08-09,103.26,Completed
ORD03329,BR003,2025-08-09,57.16,Completed
ORD03840,BR003,2025-08-09,13.14,Completed
ORD04091,BR001,2025-08-09,62.28,Completed
ORD04937,BR004,2025-08-09,67.18,Completed
ORD06129,BR003,2025-08-09,10.31,Completed
ORD00664,BR001,2025-08-10,10.84,Completed
ORD00963,BR003,2025-08-10,5.76,Completed
ORD01961,BR002,2025-08-10,20.59,Completed
ORD02359,BR001,2025-08-10,11.52,Completed
ORD02775,BR003,2025-08-10,5.42,Completed
ORD03470,BR004,2025-08-10,94.17,Completed
ORD03726,BR003,2025-08-10,30.02,Completed
ORD03807,BR004,2025-08-10,32.67,Completed
ORD04707,BR002,2025-08-10,11.31,Completed
ORD05192,BR004,2025-08-10,44.49,Completed
ORD05326,BR003,2025-08-10,79.54,Completed
ORD05898,BR003,2025-08-10,47.64,Completed
ORD06027,BR003,2025-08-10,45.74,Completed
ORD06663,BR001,2025-08-10,15.54,Completed
ORD06806,BR001,2025-08-10,11.31,Completed
ORD00418,BR001,2025-08-11,49.44,Completed
ORD00499,BR003,2025-08-11,66.12,Completed
ORD01443,BR004,2025-08-11,47.58,Completed
ORD02493,BR004,2025-08-11,30.52,Completed
ORD03040,BR004,2025-08-11,90.25,Completed
ORD03180,BR001,2025-08-11,18.37,Completed
ORD03390,BR001,2025-08-11,63.4,Completed
ORD04159,BR004,2025-08-11,13.48,Completed
ORD04200,BR004,2025-08-11,40.78,Completed
ORD04661,BR004,2025-08-11,19.8,Completed
ORD04748,BR003,2025-08-11,11.4,Completed
ORD05490,BR004,2025-08-11,13.72,Completed
ORD05907,BR002,2025-08-11,40.66,Completed
ORD06015,BR003,2025-08-11,22.8,Completed
ORD06715,BR001,2025-08-11,16.65,Completed
ORD00321,BR003,2025-08-12,41.91,Completed
ORD00405,BR001,2025-08-12,11.31,Completed
ORD00744,BR002,2025-08-12,32.02,Completed
ORD03336,BR003,2025-08-12,15.09,Completed
ORD03877,BR004,2025-08-12,32.16,Completed
ORD03983,BR003,2025-08-12,25.89,Completed
ORD04022,BR004,2025-08-12,68.58,Completed
ORD04983,BR001,2025-08-12,6.4,Completed
ORD05505,BR001,2025-08-12,84.42,Completed
ORD06717,BR001,2025-08-12,23.11,Completed
ORD00209,BR004,2025-08-13,36.74,Completed
ORD00822,BR003,2025-08-13,42.51,Completed
ORD01285,BR004,2025-08-13,95.63,Completed
ORD01766,BR004,2025-08-13,57.57,Completed
ORD02500,BR001,2025-08-13,29.7,Completed
ORD02784,BR003,2025-08-13,46.22,Completed
ORD05573,BR002,2025-08-13,17.77,Completed
ORD05600,BR001,2025-08-13,60.38,Completed
ORD06231,BR003,2025-08-13,36.66,Completed
ORD06959,BR004,2025-08-13,16.92,Completed
ORD00504,BR001,2025-08-14,23.81,Completed
ORD00892,BR003,2025-08-14,44.25,Completed
ORD01310,BR004,2025-08-14,16.26,Completed
ORD01479,BR002,2025-08-14,30.64,Completed
ORD01894,BR004,2025-08-14,33.9,Completed
ORD02519,BR001,2025-08-14,11.68,Completed
ORD02558,BR003,2025-08-14,56.03,Completed
ORD02605,BR001,2025-08-14,57.12,Completed
ORD02890,BR002,2025-08-14,69.66,Completed
ORD03725,BR001,2025-08-14,20.8,Completed
ORD04103,BR004,2025-08-14,86.58,Completed
ORD04604,BR004,2025-08-14,5.42,Completed
ORD04986,BR004,2025-08-14,54.99,Completed
ORD05001,BR003,2025-08-14,72.61,Completed
ORD05470,BR001,2025-08-14,25.19,Completed
ORD06628,BR002,2025-08-14,21.45,Completed
ORD00735,BR004,2025-08-15,38.88,Completed
ORD02814,BR001,2025-08-15,6.05,Completed
ORD02885,BR003,2025-08-15,52.8,Completed
ORD04316,BR004,2025-08-15,62.66,Completed
ORD04798,BR001,2025-08-15,58.23,Completed
ORD05339,BR003,2025-08-15,36.66,Completed
ORD05842,BR002,2025-08-15,89.64,Completed
ORD06396,BR003,2025-08-15,20.39,Completed
ORD06583,BR004,2025-08-15,38.15,Completed
ORD06787,BR002,2025-08-15,61.14,Completed
ORD00114,BR002,2025-08-16,62.58,Completed
ORD00697,BR002,2025-08-16,23.48,Completed
ORD01156,BR002,2025-08-16,22.62,Completed
ORD01499,BR003,2025-08-16,20.22,Completed
ORD02035,BR004,2025-08-16,88.36,Completed
ORD02204,BR004,2025-08-16,26.55,Completed
ORD02835,BR002,2025-08-16,20.62,Completed
ORD03317,BR003,2025-08-16,41.51,Completed
ORD03543,BR002,2025-08-16,35.61,Completed
ORD03917,BR003,2025-08-16,87.38,Completed
ORD04313,BR002,2025-08-16,20.08,Completed
ORD04412,BR002,2025-08-16,22.8,Completed
ORD04689,BR003,2025-08-16,20.62,Completed
ORD05697,BR003,2025-08-16,63.48,Completed
ORD06157,BR004,2025-08-16,15.54,Completed
ORD00175,BR001,2025-08-17,17.38,Completed
ORD00295,BR004,2025-08-17,67.36,Completed
ORD02094,BR002,2025-08-17,123.57,Completed
ORD02232,BR004,2025-08-17,91.38,Completed
ORD02599,BR001,2025-08-17,29.7,Completed
ORD04979,BR004,2025-08-17,48.03,Completed
ORD05481,BR002,2025-08-17,42.38,Completed
ORD06011,BR001,2025-08-17,49.41,Completed
ORD06420,BR003,2025-08-17,31.66,Completed
ORD06526,BR002,2025-08-17,56.68,Completed
ORD00650,BR002,2025-08-18,7.84,Completed
ORD01865,BR004,2025-08-18,69.33,Completed
ORD03286,BR002,2025-08-18,53.74,Completed
ORD03770,BR004,2025-08-18,58.32,Completed
ORD03890,BR001,2025-08-18,26.78,Completed
ORD04048,BR001,2025-08-18,22.04,Completed
ORD05660,BR004,2025-08-18,10.31,Completed
ORD05971,BR003,2025-08-18,40.5,Completed
ORD05997,BR003,2025-08-18,37.56,Completed
ORD00323,BR001,2025-08-19,12.8,Completed
ORD00640,BR001,2025-08-19,52.52,Completed
ORD00827,BR004,2025-08-19,39.0,Completed
ORD00930,BR004,2025-08-19,68.59,Completed
ORD02522,BR003,2025-08-19,46.06,Completed
ORD04476,BR002,2025-08-19,10.06,Completed
ORD04615,BR001,2025-08-19,76.11,Completed
ORD05085,BR004,2025-08-19,6.75,Completed
ORD00202,BR001,2025-08-20,41.37,Completed
ORD01396,BR001,2025-08-20,47.26,Completed
ORD01897,BR001,2025-08-20,49.41,Completed
ORD01981,BR001,2025-08-20,62.64,Completed
ORD03027,BR004,2025-08-20,7.84,Completed
ORD03814,BR002,2025-08-20,63.77,Completed
ORD03821,BR001,2025-08-20,56.69,Completed
ORD04156,BR001,2025-08-20,35.61,Completed
ORD06823,BR003,2025-08-20,12.96,Completed
ORD00379,BR004,2025-08-21,76.31,Completed
ORD00867,BR002,2025-08-21,85.77,Completed
ORD01588,BR002,2025-08-21,23.36,Completed
ORD02572,BR003,2025-08-21,54.41,Completed
ORD04272,BR001,2025-08-21,9.9,Completed
ORD04881,BR001,2025-08-21,36.1,Completed
ORD04916,BR003,2025-08-21,61.51,Completed
ORD05200,BR004,2025-08-21,23.02,Completed
ORD05616,BR001,2025-08-21,12.96,Completed
ORD06920,BR003,2025-08-21,53.29,Completed
ORD01315,BR002,2025-08-22,7.84,Completed
ORD02114,BR003,2025-08-22,77.15,Completed
ORD02419,BR001,2025-08-22,43.04,Completed
ORD02449,BR004,2025-08-22,28.06,Completed
ORD02549,BR003,2025-08-22,95.07,Completed
ORD02805,BR003,2025-08-22,84.42,Completed
ORD03356,BR001,2025-08-22,46.62,Completed
ORD03433,BR004,2025-08-22,28.92,Completed
ORD03676,BR002,2025-08-22,26.28,Completed
ORD04030,BR001,2025-08-22,6.4,Completed
ORD04630,BR002,2025-08-22,57.25,Completed
ORD04953,BR002,2025-08-22,25.89,Completed
ORD05216,BR003,2025-08-22,45.78,Completed
ORD05517,BR003,2025-08-22,27.2,Completed
ORD05783,BR002,2025-08-22,71.15,Completed
ORD06109,BR002,2025-08-22,49.41,Completed
ORD06371,BR003,2025-08-22,53.31,Completed
ORD00334,BR001,2025-08-23,46.62,Completed
ORD00469,BR001,2025-08-23,50.63,Completed
ORD01693,BR004,2025-08-23,55.14,Completed
ORD01850,BR001,2025-08-23,55.14,Completed
ORD02052,BR003,2025-08-23,53.31,Completed
ORD02109,BR002,2025-08-23,47.16,Completed
ORD02288,BR004,2025-08-23,16.47,Completed
ORD02766,BR002,2025-08-23,19.8,Completed
ORD04957,BR001,2025-08-23,7.84,Completed
ORD06896,BR002,2025-08-23,87.31,Completed
ORD06968,BR003,2025-08-23,14.72,Completed
ORD00232,BR001,2025-08-24,24.98,Completed
ORD00406,BR004,2025-08-24,31.08,Completed
ORD01738,BR003,2025-08-24,44.08,Completed
ORD01793,BR001,2025-08-24,26.82,Completed
ORD02772,BR002,2025-08-24,43.07,Completed
ORD02849,BR001,2025-08-24,29.01,Completed
ORD03494,BR004,2025-08-24,100.74,Completed
ORD03569,BR001,2025-08-24,18.33,Completed
ORD03914,BR002,2025-08-24,86.79,Completed
ORD05103,BR002,2025-08-24,72.39,Completed
ORD05227,BR003,2025-08-24,9.9,Completed
ORD06058,BR003,2025-08-24,41.91,Completed
ORD06139,BR002,2025-08-24,67.36,Completed
ORD00164,BR001,2025-08-25,16.26,Completed
ORD00813,BR004,2025-08-25,69.06,Completed
ORD01313,BR004,2025-08-25,37.08,Completed
ORD02157,BR002,2025-08-25,43.24,Completed
ORD05827,BR001,2025-08-25,10.06,Completed
ORD06454,BR003,2025-08-25,89.58,Completed
ORD06758,BR004,2025-08-25,25.71,Completed
ORD00913,BR003,2025-08-26,24.57,Completed
ORD01624,BR003,2025-08-26,7.84,Completed
ORD02082,BR001,2025-08-26,34.47,Completed
ORD02450,BR001,2025-08-26,53.31,Completed
ORD02945,BR003,2025-08-26,20.08,Completed
ORD05300,BR004,2025-08-26,61.44,Completed
ORD01664,BR002,2025-08-27,28.31,Completed
ORD02810,BR002,2025-08-27,49.16,Completed
ORD03231,BR002,2025-08-27,58.36,Completed
ORD03500,BR002,2025-08-27,47.16,Completed
ORD03872,BR004,2025-08-27,12.38,Completed
ORD04185,BR002,2025-08-27,8.63,Completed
ORD04201,BR004,2025-08-27,68.4,Completed
ORD05128,BR002,2025-08-27,41.82,Completed
ORD06897,BR004,2025-08-27,79.12,Completed
ORD00549,BR002,2025-08-28,66.81,Completed
ORD00907,BR004,2025-08-28,80.49,Completed
ORD02223,BR003,2025-08-28,60.07,Completed
ORD02602,BR003,2025-08-28,20.73,Completed
ORD02820,BR001,2025-08-28,36.16,Completed
ORD03204,BR001,2025-08-28,34.17,Completed
ORD03639,BR001,2025-08-28,30.52,Completed
ORD04287,BR002,2025-08-28,37.4,Completed
ORD04539,BR003,2025-08-28,36.74,Completed
ORD05499,BR001,2025-08-28,88.89,Completed
ORD05551,BR002,2025-08-28,11.64,Completed
ORD06235,BR004,2025-08-28,34.36,Completed
ORD06869,BR002,2025-08-28,61.85,Completed
ORD00263,BR003,2025-08-29,15.26,Completed
ORD01634,BR003,2025-08-29,7.84,Completed
ORD01670,BR004,2025-08-29,51.54,Completed
ORD02488,BR004,2025-08-29,100.59,Completed
ORD02882,BR002,2025-08-29,32.6,Completed
ORD02973,BR003,2025-08-29,69.06,Completed
ORD04017,BR003,2025-08-29,20.58,Completed
ORD04777,BR001,2025-08-29,75.78,Completed
ORD04904,BR001,2025-08-29,40.78,Completed
ORD05165,BR004,2025-08-29,68.4,Completed
ORD05204,BR002,2025-08-29,8.63,Completed
ORD05834,BR001,2025-08-29,46.63,Completed
ORD05964,BR004,2025-08-29,78.08,Completed
ORD06312,BR002,2025-08-29,8.19,Completed
ORD06492,BR002,2025-08-29,41.54,Completed
ORD06619,BR003,2025-08-29,16.92,Completed
ORD00091,BR003,2025-08-30,40.01,Completed
ORD00389,BR004,2025-08-30,24.98,Completed
ORD00628,BR001,2025-08-30,40.78,Completed
ORD01470,BR003,2025-08-30,6.05,Completed
ORD02336,BR003,2025-08-30,42.8,Completed
ORD04774,BR002,2025-08-30,71.76,Completed
ORD05083,BR004,2025-08-30,29.1,Completed
ORD05146,BR004,2025-08-30,47.16,Completed
ORD05731,BR001,2025-08-30,41.19,Completed
ORD05929,BR003,2025-08-30,37.4,Completed
ORD00451,BR004,2025-08-31,16.38,Completed
ORD01023,BR004,2025-08-31,60.35,Completed
ORD01257,BR002,2025-08-31,38.88,Completed
ORD01672,BR004,2025-08-31,27.46,Completed
ORD02654,BR004,2025-08-31,35.04,Completed
ORD04569,BR002,2025-08-31,35.61,Completed
ORD04613,BR003,2025-08-31,49.41,Completed
ORD05659,BR001,2025-08-31,5.76,Completed
ORD05808,BR001,2025-08-31,11.68,Completed
ORD05947,BR001,2025-08-31,5.76,Completed
ORD05948,BR003,2025-08-31,36.66,Completed
ORD06572,BR002,2025-08-31,10.31,Completed
ORD06707,BR001,2025-08-31,17.57,Completed
ORD00442,BR004,2025-09-01,46.22,Completed
ORD01135,BR004,2025-09-01,20.62,Completed
ORD01216,BR004,2025-09-01,69.06,Completed
ORD01982,BR002,2025-09-01,35.54,Completed
ORD02328,BR004,2025-09-01,12.1,Completed
ORD02998,BR003,2025-09-01,20.8,Completed
ORD03965,BR003,2025-09-01,59.93,Completed
ORD04117,BR004,2025-09-01,74.11,Completed
ORD04840,BR003,2025-09-01,35.49,Completed
ORD05858,BR001,2025-09-01,23.33,Completed
ORD06852,BR004,2025-09-01,33.58,Completed
ORD01746,BR004,2025-09-02,81.16,Completed
ORD02054,BR001,2025-09-02,23.66,Completed
ORD03750,BR002,2025-09-02,6.86,Completed
ORD03954,BR002,2025-09-02,53.66,Completed
ORD04639,BR004,2025-09-02,47.31,Completed
ORD04792,BR003,2025-09-02,69.66,Completed
ORD05092,BR001,2025-09-02,38.53,Completed
ORD05641,BR002,2025-09-02,26.32,Completed
ORD05784,BR001,2025-09-02,40.83,Completed
ORD05851,BR002,2025-09-02,90.04,Completed
ORD01339,BR001,2025-09-03,41.81,Completed
ORD01617,BR003,2025-09-03,6.05,Completed
ORD02076,BR004,2025-09-03,11.31,Completed
ORD02116,BR003,2025-09-03,69.82,Completed
ORD02239,BR001,2025-09-03,46.22,Completed
ORD02959,BR001,2025-09-03,6.86,Completed
ORD04223,BR004,2025-09-03,23.28,Completed
ORD04954,BR002,2025-09-03,13.73,Completed
ORD05054,BR002,2025-09-03,40.16,Completed
ORD06232,BR002,2025-09-03,28.11,Completed
ORD06270,BR004,2025-09-03,32.94,Completed
ORD06341,BR002,2025-09-03,70.83,Completed
ORD06653,BR004,2025-09-03,42.06,Completed
ORD00015,BR003,2025-09-04,53.31,Completed
ORD00179,BR004,2025-09-04,54.99,Completed
ORD00511,BR002,2025-09-04,59.02,Completed
ORD01633,BR004,2025-09-04,39.68,Completed
ORD05700,BR004,2025-09-04,41.18,Completed
ORD06429,BR001,2025-09-04,102.96,Completed
ORD00417,BR003,2025-09-05,24.03,Completed
ORD01347,BR004,2025-09-05,25.29,Completed
ORD02305,BR001,2025-09-05,21.76,Completed
ORD02444,BR003,2025-09-05,53.74,Completed
ORD03297,BR001,2025-09-05,54.55,Completed
ORD04000,BR003,2025-09-05,51.54,Completed
ORD05206,BR001,2025-09-05,51.54,Completed
ORD05447,BR004,2025-09-05,90.71,Completed
ORD05763,BR001,2025-09-05,66.51,Completed
ORD06418,BR002,2025-09-05,27.46,Completed
ORD00821,BR003,2025-09-06,41.6,Completed
ORD01120,BR004,2025-09-06,35.54,Completed
ORD01464,BR003,2025-09-06,27.46,Completed
ORD02185,BR003,2025-09-06,97.71,Completed
ORD02297,BR003,2025-09-06,11.28,Completed
ORD02463,BR001,2025-09-06,21.19,Completed
ORD02744,BR002,2025-09-06,46.23,Completed
ORD03043,BR002,2025-09-06,63.05,Completed
ORD03209,BR001,2025-09-06,12.96,Completed
ORD04059,BR001,2025-09-06,49.41,Completed
ORD04951,BR003,2025-09-06,59.22,Completed
ORD04974,BR002,2025-09-06,23.48,Completed
ORD05531,BR001,2025-09-06,25.58,Completed
ORD05638,BR004,2025-09-06,12.49,Completed
ORD06470,BR004,2025-09-06,45.78,Completed
ORD06654,BR004,2025-09-06,41.91,Completed
ORD01929,BR001,2025-09-07,43.8,Completed
ORD02532,BR002,2025-09-07,16.38,Completed
ORD03186,BR001,2025-09-07,12.8,Completed
ORD05120,BR004,2025-09-07,48.99,Completed
ORD06457,BR003,2025-09-07,16.26,Completed
ORD00716,BR003,2025-09-08,37.98,Completed
ORD00902,BR003,2025-09-08,74.16,Completed
ORD00977,BR002,2025-09-08,5.03,Completed
ORD01200,BR002,2025-09-08,11.52,Completed
ORD01276,BR004,2025-09-08,24.57,Completed
ORD01436,BR001,2025-09-08,13.73,Completed
ORD01856,BR001,2025-09-08,80.98,Completed
ORD02407,BR001,2025-09-08,9.9,Completed
ORD02484,BR003,2025-09-08,68.48,Completed
ORD02502,BR003,2025-09-08,31.73,Completed
ORD02709,BR002,2025-09-08,42.24,Completed
ORD02971,BR001,2025-09-08,50.63,Completed
ORD03324,BR001,2025-09-08,17.18,Completed
ORD04183,BR003,2025-09-08,61.67,Completed
ORD05579,BR004,2025-09-08,9.14,Completed
ORD05720,BR001,2025-09-08,30.17,Completed
ORD06179,BR003,2025-09-08,79.07,Completed
ORD06375,BR001,2025-09-08,36.74,Completed
ORD06417,BR002,2025-09-08,38.31,Completed
ORD00066,BR004,2025-09-09,28.98,Completed
ORD00236,BR003,2025-09-09,51.31,Completed
ORD00245,BR001,2025-09-09,30.8,Completed
ORD00752,BR002,2025-09-09,13.97,Completed
ORD01028,BR001,2025-09-09,26.28,Completed
ORD01320,BR001,2025-09-09,33.87,Completed
ORD01493,BR002,2025-09-09,54.91,Completed
ORD01710,BR003,2025-09-09,43.42,Completed
ORD01947,BR003,2025-09-09,36.72,Completed
ORD03139,BR001,2025-09-09,75.66,Completed
ORD03775,BR003,2025-09-09,41.19,Completed
ORD04064,BR003,2025-09-09,8.19,Completed
ORD04191,BR004,2025-09-09,44.08,Completed
ORD05536,BR004,2025-09-09,36.74,Completed
ORD05755,BR004,2025-09-09,24.57,Completed
ORD05836,BR001,2025-09-09,56.1,Completed
ORD05856,BR003,2025-09-09,55.11,Completed
ORD00056,BR002,2025-09-10,75.8,Completed
ORD00347,BR004,2025-09-10,49.41,Completed
ORD00393,BR002,2025-09-10,11.31,Completed
ORD00603,BR004,2025-09-10,23.48,Completed
ORD01000,BR001,2025-09-10,23.52,Completed
ORD02104,BR003,2025-09-10,42.4,Completed
ORD03006,BR004,2025-09-10,39.22,Completed
ORD03498,BR001,2025-09-10,88.05,Completed
ORD03508,BR002,2025-09-10,9.14,Completed
ORD03560,BR002,2025-09-10,16.47,Completed
ORD04078,BR003,2025-09-10,42.06,Completed
ORD05019,BR002,2025-09-10,77.79,Completed
ORD05549,BR002,2025-09-10,97.64,Completed
ORD05604,BR004,2025-09-10,81.56,Completed
ORD06825,BR001,2025-09-10,87.41,Completed
ORD00452,BR003,2025-09-11,12.49,Completed
ORD00700,BR001,2025-09-11,39.42,Completed
ORD00729,BR001,2025-09-11,60.52,Completed
ORD03633,BR003,2025-09-11,29.44,Completed
ORD04681,BR002,2025-09-11,11.68,Completed
ORD05124,BR003,2025-09-11,22.04,Completed
ORD05882,BR004,2025-09-11,12.1,Completed
ORD06373,BR004,2025-09-11,61.14,Completed
ORD06647,BR001,2025-09-11,46.04,Completed
ORD01303,BR004,2025-09-12,46.86,Completed
ORD01559,BR001,2025-09-12,41.67,Completed
ORD03733,BR002,2025-09-12,42.16,Completed
ORD04931,BR002,2025-09-12,35.04,Completed
ORD05119,BR001,2025-09-12,50.49,Completed
ORD05636,BR002,2025-09-12,11.52,Completed
ORD05759,BR003,2025-09-12,28.57,Completed
ORD06587,BR001,2025-09-12,44.16,Completed
ORD00777,BR003,2025-09-13,6.05,Completed
ORD01384,BR003,2025-09-13,20.25,Completed
ORD02127,BR001,2025-09-13,47.16,Completed
ORD02979,BR001,2025-09-13,74.34,Completed
ORD03217,BR002,2025-09-13,30.52,Completed
ORD03464,BR004,2025-09-13,40.78,Completed
ORD03661,BR004,2025-09-13,54.24,Completed
ORD04083,BR002,2025-09-13,28.18,Completed
ORD04856,BR004,2025-09-13,31.09,Completed
ORD05395,BR001,2025-09-13,61.36,Completed
ORD06164,BR002,2025-09-13,11.87,Completed
ORD00681,BR004,2025-09-14,40.58,Completed
ORD00726,BR004,2025-09-14,40.78,Completed
ORD00965,BR001,2025-09-14,59.94,Completed
ORD01162,BR002,2025-09-14,37.4,Completed
ORD01219,BR003,2025-09-14,87.39,Completed
ORD02746,BR002,2025-09-14,26.85,Completed
ORD02908,BR004,2025-09-14,13.48,Completed
ORD03260,BR003,2025-09-14,87.66,Completed
ORD03319,BR001,2025-09-14,33.47,Completed
ORD03487,BR004,2025-09-14,113.94,Completed
ORD05512,BR004,2025-09-14,41.6,Completed
ORD05828,BR002,2025-09-14,24.81,Completed
ORD06325,BR001,2025-09-14,82.79,Completed
ORD01305,BR001,2025-09-15,42.04,Completed
ORD02001,BR002,2025-09-15,58.04,Completed
ORD03815,BR001,2025-09-15,29.44,Completed
ORD03969,BR002,2025-09-15,17.91,Completed
ORD04567,BR004,2025-09-15,5.76,Completed
ORD04720,BR004,2025-09-15,22.62,Completed
ORD05040,BR001,2025-09-15,6.4,Completed
ORD06234,BR004,2025-09-15,23.02,Completed
ORD06764,BR004,2025-09-15,81.52,Completed
ORD06888,BR003,2025-09-15,35.08,Completed
ORD06972,BR002,2025-09-15,71.46,Completed
ORD00580,BR004,2025-09-16,24.98,Completed
ORD00991,BR003,2025-09-16,69.33,Completed
ORD01532,BR001,2025-09-16,50.09,Completed
ORD01583,BR002,2025-09-16,14.72,Completed
ORD01794,BR003,2025-09-16,13.95,Completed
ORD01952,BR003,2025-09-16,36.59,Completed
ORD02038,BR003,2025-09-16,45.78,Completed
ORD02591,BR004,2025-09-16,49.32,Completed
ORD02938,BR003,2025-09-16,12.96,Completed
ORD03649,BR003,2025-09-16,11.31,Completed
ORD04587,BR002,2025-09-16,11.31,Completed
ORD05129,BR004,2025-09-16,29.44,Completed
ORD05379,BR001,2025-09-16,84.76,Completed
ORD05596,BR003,2025-09-16,23.36,Completed
ORD06076,BR004,2025-09-16,60.42,Completed
ORD06153,BR002,2025-09-16,28.49,Completed
ORD06575,BR001,2025-09-16,79.11,Completed
ORD06993,BR002,2025-09-16,80.55,Completed
ORD01425,BR004,2025-09-17,18.83,Completed
ORD04970,BR003,2025-09-17,44.58,Completed
ORD05804,BR004,2025-09-17,33.93,Completed
ORD06140,BR004,2025-09-17,88.32,Completed
ORD06424,BR003,2025-09-17,35.91,Completed
ORD06915,BR003,2025-09-17,27.42,Completed
ORD00013,BR001,2025-09-18,39.69,Completed
ORD00443,BR003,2025-09-18,53.69,Completed
ORD00484,BR001,2025-09-18,30.93,Completed
ORD00718,BR003,2025-09-18,98.31,Completed
ORD00980,BR001,2025-09-18,74.49,Completed
ORD01045,BR003,2025-09-18,55.91,Completed
ORD01125,BR004,2025-09-18,13.97,Completed
ORD03230,BR003,2025-09-18,11.52,Completed
ORD04197,BR002,2025-09-18,29.44,Completed
ORD04512,BR003,2025-09-18,96.57,Completed
ORD05096,BR001,2025-09-18,39.74,Completed
ORD05525,BR003,2025-09-18,41.5,Completed
ORD06268,BR004,2025-09-18,33.93,Completed
ORD06480,BR004,2025-09-18,64.34,Completed
ORD00723,BR004,2025-09-19,6.05,Completed
ORD00859,BR002,2025-09-19,49.41,Completed
ORD00879,BR003,2025-09-19,33.19,Completed
ORD01297,BR002,2025-09-19,18.15,Completed
ORD01808,BR002,2025-09-19,56.69,Completed
ORD02955,BR004,2025-09-19,23.48,Completed
ORD03050,BR002,2025-09-19,22.93,Completed
ORD03181,BR003,2025-09-19,71.82,Completed
ORD03245,BR004,2025-09-19,49.41,Completed
ORD03593,BR004,2025-09-19,23.7,Completed
ORD03596,BR002,2025-09-19,6.86,Completed
ORD04224,BR004,2025-09-19,29.44,Completed
ORD05282,BR002,2025-09-19,30.52,Completed
ORD05843,BR004,2025-09-19,33.9,Completed
ORD06335,BR004,2025-09-19,90.05,Completed
ORD06710,BR001,2025-09-19,58.1,Completed
ORD06858,BR002,2025-09-19,38.77,Completed
ORD00737,BR002,2025-09-20,30.94,Completed
ORD01858,BR002,2025-09-20,40.41,Completed
ORD01912,BR004,2025-09-20,46.27,Completed
ORD02170,BR004,2025-09-20,74.04,Completed
ORD02371,BR003,2025-09-20,34.36,Completed
ORD03787,BR003,2025-09-20,43.48,Completed
ORD03874,BR001,2025-09-20,65.28,Completed
ORD04299,BR003,2025-09-20,62.15,Completed
ORD05443,BR002,2025-09-20,33.58,Completed
ORD06092,BR004,2025-09-20,58.3,Completed
ORD06824,BR004,2025-09-20,35.22,Completed
ORD06962,BR003,2025-09-20,39.81,Completed
ORD00364,BR002,2025-09-21,97.71,Completed
ORD00772,BR003,2025-09-21,37.3,Completed
ORD00806,BR001,2025-09-21,51.2,Completed
ORD01179,BR002,2025-09-21,6.86,Completed
ORD02165,BR002,2025-09-21,58.69,Completed
ORD02270,BR002,2025-09-21,37.27,Completed
ORD02616,BR003,2025-09-21,18.7,Completed
ORD02872,BR003,2025-09-21,27.94,Completed
ORD03053,BR003,2025-09-21,18.28,Completed
ORD04617,BR001,2025-09-21,69.06,Completed
ORD05263,BR002,2025-09-21,41.91,Completed
ORD05436,BR002,2025-09-21,42.06,Completed
ORD05817,BR002,2025-09-21,111.5,Completed
ORD06095,BR002,2025-09-21,52.69,Completed
ORD06358,BR004,2025-09-21,69.97,Completed
ORD06465,BR003,2025-09-21,21.03,Completed
ORD00447,BR003,2025-09-22,60.24,Completed
ORD00698,BR001,2025-09-22,18.7,Completed
ORD01698,BR003,2025-09-22,53.7,Completed
ORD02975,BR002,2025-09-22,20.08,Completed
ORD03106,BR003,2025-09-22,36.57,Completed
ORD04111,BR004,2025-09-22,100.26,Completed
ORD06190,BR004,2025-09-22,29.98,Completed
ORD06383,BR002,2025-09-22,40.76,Completed
ORD06636,BR001,2025-09-22,35.54,Completed
ORD00022,BR004,2025-09-23,6.4,Completed
ORD00071,BR001,2025-09-23,21.76,Completed
ORD00118,BR001,2025-09-23,15.54,Completed
ORD01742,BR003,2025-09-23,32.94,Completed
ORD02217,BR001,2025-09-23,23.48,Completed
ORD02260,BR002,2025-09-23,5.64,Completed
ORD02268,BR002,2025-09-23,30.48,Completed
ORD03055,BR004,2025-09-23,13.72,Completed
ORD03345,BR001,2025-09-23,125.97,Completed
ORD03382,BR001,2025-09-23,61.17,Completed
ORD03650,BR002,2025-09-23,76.86,Completed
ORD03859,BR004,2025-09-23,25.92,Completed
ORD04012,BR004,2025-09-23,40.16,Completed
ORD04113,BR001,2025-09-23,25.07,Completed
ORD05143,BR002,2025-09-23,25.89,Completed
ORD06627,BR004,2025-09-23,46.44,Completed
ORD00543,BR002,2025-09-24,21.03,Completed
ORD01137,BR002,2025-09-24,35.54,Completed
ORD02113,BR002,2025-09-24,27.42,Completed
ORD02370,BR003,2025-09-24,85.42,Completed
ORD02405,BR002,2025-09-24,21.45,Completed
ORD02553,BR001,2025-09-24,44.16,Completed
ORD02664,BR001,2025-09-24,23.74,Completed
ORD03124,BR003,2025-09-24,106.95,Completed
ORD03364,BR004,2025-09-24,51.54,Completed
ORD03892,BR002,2025-09-24,31.08,Completed
ORD04071,BR004,2025-09-24,20.39,Completed
ORD04961,BR001,2025-09-24,38.3,Completed
ORD05084,BR004,2025-09-24,47.16,Completed
ORD05723,BR003,2025-09-24,80.68,Completed
ORD06387,BR004,2025-09-24,30.93,Completed
ORD06701,BR001,2025-09-24,60.24,Completed
ORD00212,BR001,2025-09-25,7.15,Completed
ORD01769,BR001,2025-09-25,56.1,Completed
ORD02045,BR002,2025-09-25,41.44,Completed
ORD03730,BR001,2025-09-25,23.74,Completed
ORD04149,BR001,2025-09-25,47.4,Completed
ORD05758,BR002,2025-09-25,66.63,Completed
ORD06024,BR003,2025-09-25,47.16,Completed
ORD06668,BR001,2025-09-25,23.74,Completed
ORD00046,BR004,2025-09-26,10.31,Completed
ORD00085,BR002,2025-09-26,22.62,Completed
ORD00412,BR001,2025-09-26,45.78,Completed
ORD00522,BR003,2025-09-26,20.38,Completed
ORD01042,BR002,2025-09-26,43.99,Completed
ORD01572,BR002,2025-09-26,66.12,Completed
ORD01646,BR004,2025-09-26,85.38,Completed
ORD02247,BR001,2025-09-26,21.03,Completed
ORD02567,BR003,2025-09-26,77.52,Completed
ORD02606,BR004,2025-09-26,23.74,Completed
ORD02696,BR003,2025-09-26,5.42,Completed
ORD02719,BR001,2025-09-26,6.74,Completed
ORD02843,BR004,2025-09-26,13.97,Completed
ORD02985,BR002,2025-09-26,49.78,Completed
ORD03177,BR003,2025-09-26,35.42,Completed
ORD03285,BR003,2025-09-26,46.16,Completed
ORD04510,BR002,2025-09-26,10.06,Completed
ORD04697,BR003,2025-09-26,51.42,Completed
ORD06822,BR003,2025-09-26,32.18,Completed
ORD06971,BR002,2025-09-26,23.22,Completed
ORD01006,BR003,2025-09-27,36.74,Completed
ORD01563,BR004,2025-09-27,45.78,Completed
ORD01863,BR002,2025-09-27,6.4,Completed
ORD03041,BR001,2025-09-27,5.64,Completed
ORD03057,BR002,2025-09-27,51.31,Completed
ORD03680,BR004,2025-09-27,110.11,Completed
ORD04482,BR002,2025-09-27,92.26,Completed
ORD04624,BR004,2025-09-27,11.64,Completed
ORD04690,BR002,2025-09-27,17.18,Completed
ORD05566,BR001,2025-09-27,19.03,Completed
ORD05775,BR003,2025-09-27,12.8,Completed
ORD06805,BR003,2025-09-27,25.03,Completed
ORD00471,BR001,2025-09-28,35.88,Completed
ORD02092,BR002,2025-09-28,39.98,Completed
ORD04469,BR002,2025-09-28,92.8,Completed
ORD04980,BR003,2025-09-28,7.15,Completed
ORD05004,BR004,2025-09-28,47.16,Completed
ORD05597,BR002,2025-09-28,28.76,Completed
ORD06367,BR002,2025-09-28,25.89,Completed
ORD00338,BR002,2025-09-29,107.76,Completed
ORD01247,BR004,2025-09-29,44.72,Completed
ORD03574,BR002,2025-09-29,50.85,Completed
ORD03767,BR001,2025-09-29,21.03,Completed
ORD05154,BR001,2025-09-29,35.61,Completed
ORD05202,BR002,2025-09-29,92.28,Completed
ORD05692,BR001,2025-09-29,11.64,Completed
ORD05942,BR004,2025-09-29,19.2,Completed
ORD00006,BR002,2025-09-30,24.57,Completed
ORD02844,BR002,2025-09-30,33.93,Completed
ORD03486,BR001,2025-09-30,15.09,Completed
ORD03641,BR003,2025-09-30,56.1,Completed
ORD03800,BR002,2025-09-30,16.95,Completed
ORD04306,BR003,2025-09-30,25.91,Completed
ORD05275,BR001,2025-09-30,64.93,Completed
ORD06911,BR004,2025-09-30,20.39,Completed
ORD00230,BR002,2025-10-01,54.99,Completed
ORD01181,BR002,2025-10-01,30.52,Completed
ORD01599,BR004,2025-10-01,33.93,Completed
ORD01877,BR001,2025-10-01,15.68,Completed
ORD02244,BR004,2025-10-01,61.81,Completed
ORD02665,BR004,2025-10-01,81.33,Completed
ORD02925,BR001,2025-10-01,38.88,Completed
ORD04933,BR001,2025-10-01,35.61,Completed
ORD06308,BR003,2025-10-01,68.0,Completed
ORD00790,BR002,2025-10-02,27.46,Completed
ORD00999,BR002,2025-10-02,33.9,Completed
ORD03884,BR001,2025-10-02,46.22,Completed
ORD06119,BR004,2025-10-02,54.48,Completed
ORD06149,BR001,2025-10-02,13.73,Completed
ORD06343,BR003,2025-10-02,69.14,Completed
ORD06633,BR004,2025-10-02,30.06,Completed
ORD06667,BR003,2025-10-02,12.1,Completed
ORD06982,BR003,2025-10-02,75.18,Completed
ORD00699,BR002,2025-10-03,34.52,Completed
ORD00949,BR003,2025-10-03,6.75,Completed
ORD01893,BR003,2025-10-03,26.28,Completed
ORD02464,BR004,2025-10-03,16.26,Completed
ORD03636,BR001,2025-10-03,24.03,Completed
ORD03855,BR002,2025-10-03,23.74,Completed
ORD04695,BR001,2025-10-03,66.12,Completed
ORD04709,BR004,2025-10-03,41.8,Completed
ORD06533,BR001,2025-10-03,62.4,Completed
ORD00329,BR004,2025-10-04,26.96,Completed
ORD00434,BR001,2025-10-04,63.14,Completed
ORD00524,BR004,2025-10-04,38.3,Completed
ORD00830,BR002,2025-10-04,11.28,Completed
ORD01909,BR004,2025-10-04,13.72,Completed
ORD02501,BR002,2025-10-04,12.1,Completed
ORD02743,BR002,2025-10-04,40.78,Completed
ORD04362,BR003,2025-10-04,91.7,Completed
ORD04486,BR001,2025-10-04,95.61,Completed
ORD04743,BR001,2025-10-04,34.36,Completed
ORD05125,BR004,2025-10-04,56.8,Completed
ORD05320,BR003,2025-10-04,25.92,Completed
ORD06659,BR003,2025-10-04,55.6,Completed
ORD00985,BR004,2025-10-05,46.04,Completed
ORD01546,BR003,2025-10-05,5.03,Completed
ORD01848,BR001,2025-10-05,92.39,Completed
ORD01871,BR001,2025-10-05,41.19,Completed
ORD01884,BR004,2025-10-05,12.96,Completed
ORD02167,BR003,2025-10-05,12.1,Completed
ORD02276,BR004,2025-10-05,60.84,Completed
ORD02741,BR002,2025-10-05,12.1,Completed
ORD02828,BR001,2025-10-05,13.73,Completed
ORD04667,BR001,2025-10-05,44.08,Completed
ORD04873,BR001,2025-10-05,11.28,Completed
ORD05104,BR002,2025-10-05,57.64,Completed
ORD05408,BR003,2025-10-05,20.25,Completed
ORD05656,BR004,2025-10-05,78.44,Completed
ORD06682,BR002,2025-10-05,67.05,Completed
ORD06726,BR001,2025-10-05,108.33,Completed
ORD01898,BR004,2025-10-06,7.15,Completed
ORD02537,BR002,2025-10-06,6.4,Completed
ORD02559,BR001,2025-10-06,29.7,Completed
ORD05534,BR002,2025-10-06,54.18,Completed
ORD05626,BR004,2025-10-06,34.2,Completed
ORD05706,BR001,2025-10-06,24.57,Completed
ORD05752,BR004,2025-10-06,20.46,Completed
ORD06626,BR002,2025-10-06,60.4,Completed
ORD06690,BR001,2025-10-06,61.34,Completed
ORD01596,BR002,2025-10-07,57.46,Completed
ORD02789,BR004,2025-10-07,21.76,Completed
ORD03372,BR001,2025-10-07,31.32,Completed
ORD03447,BR004,2025-10-07,22.04,Completed
ORD03816,BR001,2025-10-07,29.16,Completed
ORD04433,BR003,2025-10-07,15.68,Completed
ORD04939,BR004,2025-10-07,34.39,Completed
ORD05558,BR002,2025-10-07,78.78,Completed
ORD05615,BR002,2025-10-07,75.9,Completed
ORD06057,BR001,2025-10-07,58.68,Completed
ORD06545,BR003,2025-10-07,15.26,Completed
ORD06743,BR001,2025-10-07,42.38,Completed
ORD06777,BR003,2025-10-07,61.98,Completed
ORD00081,BR001,2025-10-08,6.75,Completed
ORD00690,BR002,2025-10-08,40.25,Completed
ORD01031,BR001,2025-10-08,16.38,Completed
ORD02378,BR003,2025-10-08,20.8,Completed
ORD02878,BR001,2025-10-08,27.7,Completed
ORD03198,BR004,2025-10-08,20.22,Completed
ORD03314,BR002,2025-10-08,48.94,Completed
ORD03662,BR003,2025-10-08,17.57,Completed
ORD03786,BR003,2025-10-08,40.16,Completed
ORD04683,BR001,2025-10-08,23.02,Completed
ORD05057,BR003,2025-10-08,45.6,Completed
ORD05388,BR002,2025-10-08,43.27,Completed
ORD05482,BR001,2025-10-08,40.78,Completed
ORD05810,BR001,2025-10-08,20.25,Completed
ORD00072,BR004,2025-10-09,33.9,Completed
ORD00257,BR002,2025-10-09,40.78,Completed
ORD00566,BR004,2025-10-09,31.08,Completed
ORD02059,BR001,2025-10-09,11.28,Completed
ORD03748,BR004,2025-10-09,92.04,Completed
ORD04162,BR001,2025-10-09,25.94,Completed
ORD04344,BR004,2025-10-09,24.14,Completed
ORD04678,BR001,2025-10-09,46.22,Completed
ORD04988,BR004,2025-10-09,46.04,Completed
ORD05349,BR002,2025-10-09,49.73,Completed
ORD06002,BR003,2025-10-09,11.64,Completed
ORD06010,BR004,2025-10-09,19.94,Completed
ORD06503,BR002,2025-10-09,23.24,Completed
ORD06894,BR003,2025-10-09,11.87,Completed
ORD06943,BR004,2025-10-09,29.97,Completed
ORD03502,BR001,2025-10-10,72.43,Completed
ORD04892,BR003,2025-10-10,74.06,Completed
ORD05777,BR002,2025-10-10,68.1,Completed
ORD05892,BR004,2025-10-10,19.2,Completed
ORD00420,BR004,2025-10-11,69.33,Completed
ORD00786,BR001,2025-10-11,26.83,Completed
ORD01085,BR001,2025-10-11,32.21,Completed
ORD02438,BR004,2025-10-11,11.68,Completed
ORD02967,BR002,2025-10-11,37.41,Completed
ORD04184,BR001,2025-10-11,5.64,Completed
ORD04793,BR003,2025-10-11,33.44,Completed
ORD04842,BR004,2025-10-11,65.28,Completed
ORD04854,BR002,2025-10-11,72.89,Completed
ORD05442,BR004,2025-10-11,99.27,Completed
ORD05562,BR004,2025-10-11,10.84,Completed
ORD00299,BR004,2025-10-12,75.08,Completed
ORD00553,BR001,2025-10-12,23.48,Completed
ORD00798,BR004,2025-10-12,13.97,Completed
ORD01254,BR002,2025-10-12,24.98,Completed
ORD02650,BR002,2025-10-12,97.8,Completed
ORD02894,BR002,2025-10-12,20.8,Completed
ORD03126,BR001,2025-10-12,26.4,Completed
ORD03212,BR004,2025-10-12,21.03,Completed
ORD03665,BR004,2025-10-12,42.26,Completed
ORD03935,BR004,2025-10-12,18.7,Completed
ORD04055,BR002,2025-10-12,62.4,Completed
ORD04254,BR002,2025-10-12,70.4,Completed
ORD04498,BR004,2025-10-12,32.85,Completed
ORD04712,BR002,2025-10-12,33.24,Completed
ORD04721,BR002,2025-10-12,35.54,Completed
ORD05669,BR002,2025-10-12,39.66,Completed
ORD00970,BR004,2025-10-13,55.91,Completed
ORD01145,BR004,2025-10-13,13.5,Completed
ORD01520,BR004,2025-10-13,64.04,Completed
ORD01763,BR003,2025-10-13,24.35,Completed
ORD03878,BR003,2025-10-13,20.22,Completed
ORD04036,BR001,2025-10-13,36.74,Completed
ORD06292,BR003,2025-10-13,63.57,Completed
ORD06755,BR001,2025-10-13,22.36,Completed
ORD01906,BR003,2025-10-14,37.29,Completed
ORD02402,BR002,2025-10-14,49.41,Completed
ORD05179,BR004,2025-10-14,53.31,Completed
ORD05346,BR001,2025-10-14,40.76,Completed
ORD05751,BR001,2025-10-14,24.55,Completed
ORD06284,BR002,2025-10-14,31.72,Completed
ORD06629,BR002,2025-10-14,53.31,Completed
ORD06909,BR004,2025-10-14,15.26,Completed
ORD00256,BR003,2025-10-15,25.92,Completed
ORD00710,BR004,2025-10-15,31.76,Completed
ORD00853,BR001,2025-10-15,23.56,Completed
ORD01129,BR003,2025-10-15,47.74,Completed
ORD01665,BR004,2025-10-15,21.45,Completed
ORD02125,BR002,2025-10-15,54.22,Completed
ORD02409,BR004,2025-10-15,29.7,Completed
ORD02899,BR001,2025-10-15,24.4,Completed
ORD02909,BR004,2025-10-15,16.92,Completed
ORD03998,BR002,2025-10-15,39.76,Completed
ORD04570,BR004,2025-10-15,61.82,Completed
ORD04880,BR003,2025-10-15,43.52,Completed
ORD05023,BR004,2025-10-15,29.37,Completed
ORD05074,BR004,2025-10-15,39.42,Completed
ORD05234,BR003,2025-10-15,65.33,Completed
ORD05277,BR004,2025-10-15,15.26,Completed
ORD06228,BR001,2025-10-15,13.73,Completed
ORD06438,BR004,2025-10-15,51.54,Completed
ORD00899,BR003,2025-10-16,10.84,Completed
ORD01076,BR003,2025-10-16,50.63,Completed
ORD01153,BR003,2025-10-16,31.66,Completed
ORD02903,BR004,2025-10-16,33.9,Completed
ORD03476,BR003,2025-10-16,45.42,Completed
ORD03802,BR002,2025-10-16,47.16,Completed
ORD04360,BR001,2025-10-16,29.98,Completed
ORD04794,BR003,2025-10-16,10.84,Completed
ORD06200,BR004,2025-10-16,18.28,Completed
ORD00626,BR001,2025-10-17,43.69,Completed
ORD01224,BR004,2025-10-17,70.46,Completed
ORD01842,BR002,2025-10-17,46.22,Completed
ORD03598,BR002,2025-10-17,46.9,Completed
ORD04143,BR004,2025-10-17,33.93,Completed
ORD05581,BR003,2025-10-17,60.24,Completed
ORD05624,BR002,2025-10-17,19.8,Completed
ORD06488,BR003,2025-10-17,35.22,Completed
ORD00381,BR001,2025-10-18,25.92,Completed
ORD00856,BR004,2025-10-18,24.82,Completed
ORD00905,BR001,2025-10-18,33.93,Completed
ORD01381,BR004,2025-10-18,20.08,Completed
ORD02248,BR003,2025-10-18,20.39,Completed
ORD03162,BR003,2025-10-18,5.42,Completed
ORD04261,BR004,2025-10-18,13.14,Completed
ORD04538,BR002,2025-10-18,20.39,Completed
ORD04785,BR001,2025-10-18,7.84,Completed
ORD05184,BR002,2025-10-18,12.8,Completed
ORD02017,BR001,2025-10-19,82.86,Completed
ORD03553,BR004,2025-10-19,5.42,Completed
ORD04700,BR004,2025-10-19,92.94,Completed
ORD04910,BR003,2025-10-19,8.19,Completed
ORD05394,BR001,2025-10-19,47.22,Completed
ORD00127,BR004,2025-10-20,69.33,Completed
ORD01974,BR002,2025-10-20,82.38,Completed
ORD02453,BR003,2025-10-20,32.29,Completed
ORD03256,BR001,2025-10-20,57.48,Completed
ORD05486,BR003,2025-10-20,115.26,Completed
ORD05495,BR004,2025-10-20,25.02,Completed
ORD06868,BR004,2025-10-20,69.69,Completed
ORD06967,BR001,2025-10-20,18.7,Completed
ORD00456,BR001,2025-10-21,44.08,Completed
ORD01175,BR002,2025-10-21,75.93,Completed
ORD01391,BR002,2025-10-21,11.52,Completed
ORD03673,BR004,2025-10-21,48.16,Completed
ORD04026,BR003,2025-10-21,12.96,Completed
ORD05035,BR002,2025-10-21,43.78,Completed
ORD05712,BR004,2025-10-21,32.16,Completed
ORD01005,BR004,2025-10-22,88.85,Completed
ORD01010,BR001,2025-10-22,90.87,Completed
ORD01048,BR001,2025-10-22,35.54,Completed
ORD01492,BR004,2025-10-22,23.74,Completed
ORD02040,BR001,2025-10-22,109.18,Completed
ORD02935,BR004,2025-10-22,59.28,Completed
ORD04764,BR002,2025-10-22,8.19,Completed
ORD06013,BR002,2025-10-22,34.92,Completed
ORD06113,BR003,2025-10-22,58.7,Completed
ORD06652,BR004,2025-10-22,6.86,Completed
ORD00496,BR001,2025-10-23,93.57,Completed
ORD00556,BR003,2025-10-23,58.68,Completed
ORD01277,BR003,2025-10-23,10.06,Completed
ORD01365,BR003,2025-10-23,34.36,Completed
ORD01623,BR003,2025-10-23,63.09,Completed
ORD04430,BR003,2025-10-23,35.54,Completed
ORD05557,BR003,2025-10-23,25.89,Completed
ORD05807,BR004,2025-10-23,15.09,Completed
ORD05873,BR004,2025-10-23,52.66,Completed
ORD05888,BR004,2025-10-23,25.92,Completed
ORD05946,BR003,2025-10-23,11.87,Completed
ORD00376,BR003,2025-10-24,31.08,Completed
ORD00847,BR002,2025-10-24,66.26,Completed
ORD01483,BR002,2025-10-24,19.8,Completed
ORD02309,BR002,2025-10-24,37.4,Completed
ORD03216,BR003,2025-10-24,35.89,Completed
ORD03444,BR003,2025-10-24,83.46,Completed
ORD03912,BR002,2025-10-24,22.04,Completed
ORD03938,BR001,2025-10-24,20.08,Completed
ORD03999,BR004,2025-10-24,5.64,Completed
ORD04203,BR004,2025-10-24,11.31,Completed
ORD06244,BR002,2025-10-24,6.4,Completed
ORD06288,BR002,2025-10-24,13.97,Completed
ORD06323,BR002,2025-10-24,12.49,Completed
ORD00645,BR004,2025-10-25,13.73,Completed
ORD01886,BR003,2025-10-25,45.8,Completed
ORD01975,BR004,2025-10-25,20.74,Completed
ORD02389,BR001,2025-10-25,11.74,Completed
ORD02813,BR001,2025-10-25,68.65,Completed
ORD03203,BR001,2025-10-25,20.58,Completed
ORD03303,BR002,2025-10-25,11.31,Completed
ORD03387,BR003,2025-10-25,5.64,Completed
ORD03491,BR002,2025-10-25,58.58,Completed
ORD04508,BR003,2025-10-25,20.58,Completed
ORD05466,BR001,2025-10-25,41.19,Completed
ORD00491,BR002,2025-10-26,21.87,Completed
ORD00656,BR001,2025-10-26,50.09,Completed
ORD01282,BR002,2025-10-26,8.19,Completed
ORD01309,BR004,2025-10-26,69.66,Completed
ORD01659,BR002,2025-10-26,20.58,Completed
ORD02233,BR002,2025-10-26,60.68,Completed
ORD02785,BR002,2025-10-26,5.64,Completed
ORD02821,BR001,2025-10-26,13.97,Completed
ORD02826,BR004,2025-10-26,45.6,Completed
ORD03107,BR004,2025-10-26,39.66,Completed
ORD03515,BR003,2025-10-26,38.88,Completed
ORD03879,BR002,2025-10-26,89.88,Completed
ORD03982,BR003,2025-10-26,68.8,Completed
ORD04579,BR003,2025-10-26,61.34,Completed
ORD04799,BR004,2025-10-26,35.22,Completed
ORD04811,BR004,2025-10-26,17.77,Completed
ORD05356,BR001,2025-10-26,29.7,Completed
ORD05853,BR003,2025-10-26,86.47,Completed
ORD06191,BR004,2025-10-26,62.4,Completed
ORD06224,BR004,2025-10-26,9.14,Completed
ORD06378,BR003,2025-10-26,38.36,Completed
ORD06402,BR001,2025-10-26,60.24,Completed
ORD06731,BR002,2025-10-26,21.45,Completed
ORD00265,BR003,2025-10-27,20.08,Completed
ORD00971,BR002,2025-10-27,52.14,Completed
ORD01455,BR001,2025-10-27,43.52,Completed
ORD01819,BR003,2025-10-27,29.74,Completed
ORD02189,BR001,2025-10-27,10.84,Completed
ORD03009,BR003,2025-10-27,61.68,Completed
ORD04127,BR001,2025-10-27,12.1,Completed
ORD04293,BR003,2025-10-27,68.82,Completed
ORD04484,BR003,2025-10-27,41.39,Completed
ORD04490,BR003,2025-10-27,47.16,Completed
ORD05034,BR002,2025-10-27,38.88,Completed
ORD05744,BR004,2025-10-27,37.88,Completed
ORD06144,BR004,2025-10-27,48.4,Completed
ORD06328,BR004,2025-10-27,59.28,Completed
ORD06591,BR001,2025-10-27,15.72,Completed
ORD02366,BR003,2025-10-28,12.49,Completed
ORD02737,BR001,2025-10-28,32.12,Completed
ORD03022,BR004,2025-10-28,8.63,Completed
ORD03281,BR002,2025-10-28,16.38,Completed
ORD03552,BR003,2025-10-28,69.14,Completed
ORD04034,BR003,2025-10-28,37.4,Completed
ORD04714,BR003,2025-10-28,72.04,Completed
ORD04745,BR003,2025-10-28,52.3,Completed
ORD05935,BR004,2025-10-28,13.14,Completed
ORD06167,BR004,2025-10-28,76.82,Completed
ORD01327,BR004,2025-10-29,68.4,Completed
ORD02684,BR004,2025-10-29,11.64,Completed
ORD02923,BR003,2025-10-29,95.94,Completed
ORD05826,BR002,2025-10-29,33.83,Completed
ORD00083,BR001,2025-10-30,20.25,Completed
ORD01923,BR002,2025-10-30,46.62,Completed
ORD03389,BR001,2025-10-30,49.4,Completed
ORD03537,BR001,2025-10-30,54.15,Completed
ORD04100,BR004,2025-10-30,83.49,Completed
ORD04218,BR001,2025-10-30,9.14,Completed
ORD04408,BR001,2025-10-30,5.42,Completed
ORD05232,BR004,2025-10-30,33.04,Completed
ORD05889,BR004,2025-10-30,116.28,Completed
ORD05901,BR001,2025-10-30,15.09,Completed
ORD06330,BR001,2025-10-30,65.18,Completed
ORD06409,BR003,2025-10-30,18.28,Completed
ORD06563,BR002,2025-10-30,53.31,Completed
ORD06779,BR004,2025-10-30,28.74,Completed
ORD00753,BR003,2025-10-31,30.21,Completed
ORD01105,BR003,2025-10-31,19.36,Completed
ORD03740,BR002,2025-10-31,54.99,Completed
ORD03782,BR003,2025-10-31,105.27,Completed
ORD04631,BR003,2025-10-31,81.78,Completed
ORD04819,BR003,2025-10-31,9.9,Completed
ORD05504,BR004,2025-10-31,84.28,Completed
ORD05727,BR004,2025-10-31,46.44,Completed
ORD06272,BR001,2025-10-31,6.86,Completed
ORD06919,BR003,2025-10-31,34.53,Completed
ORD00707,BR002,2025-11-01,76.75,Completed
ORD01187,BR003,2025-11-01,27.42,Completed
ORD01965,BR001,2025-11-01,30.93,Completed
ORD02071,BR001,2025-11-01,20.62,Completed
ORD02722,BR004,2025-11-01,16.38,Completed
ORD03033,BR004,2025-11-01,23.28,Completed
ORD03706,BR004,2025-11-01,68.4,Completed
ORD03862,BR003,2025-11-01,49.41,Completed
ORD03899,BR003,2025-11-01,90.46,Completed
ORD04464,BR003,2025-11-01,15.26,Completed
ORD06003,BR001,2025-11-01,131.97,Completed
ORD06502,BR001,2025-11-01,83.89,Completed
ORD00629,BR001,2025-11-02,18.33,Completed
ORD00875,BR002,2025-11-02,35.54,Completed
ORD00957,BR001,2025-11-02,71.64,Completed
ORD02144,BR001,2025-11-02,35.04,Completed
ORD03112,BR002,2025-11-02,40.16,Completed
ORD04327,BR001,2025-11-02,20.39,Completed
ORD00034,BR004,2025-11-03,89.86,Completed
ORD01172,BR004,2025-11-03,74.76,Completed
ORD01380,BR003,2025-11-03,24.57,Completed
ORD01703,BR004,2025-11-03,17.77,Completed
ORD02294,BR001,2025-11-03,15.72,Completed
ORD04788,BR003,2025-11-03,61.32,Completed
ORD05771,BR003,2025-11-03,23.74,Completed
ORD06116,BR003,2025-11-03,139.32,Completed
ORD06598,BR004,2025-11-03,31.85,Completed
ORD00203,BR004,2025-11-04,21.45,Completed
ORD00291,BR001,2025-11-04,111.71,Completed
ORD00564,BR004,2025-11-04,52.91,Completed
ORD01263,BR003,2025-11-04,11.28,Completed
ORD02241,BR001,2025-11-04,61.39,Completed
ORD03100,BR002,2025-11-04,16.38,Completed
ORD03343,BR001,2025-11-04,74.91,Completed
ORD04278,BR004,2025-11-04,72.69,Completed
ORD04775,BR003,2025-11-04,23.48,Completed
ORD04780,BR004,2025-11-04,27.46,Completed
ORD04858,BR002,2025-11-04,29.7,Completed
ORD05284,BR004,2025-11-04,71.23,Completed
ORD05701,BR002,2025-11-04,46.62,Completed
ORD05765,BR003,2025-11-04,44.16,Completed
ORD05995,BR001,2025-11-04,25.56,Completed
ORD00116,BR001,2025-11-05,42.84,Completed
ORD00356,BR003,2025-11-05,28.52,Completed
ORD00944,BR004,2025-11-05,45.09,Completed
ORD01996,BR002,2025-11-05,41.91,Completed
ORD04225,BR004,2025-11-05,17.77,Completed
ORD04473,BR004,2025-11-05,6.75,Completed
ORD04532,BR003,2025-11-05,16.38,Completed
ORD04686,BR004,2025-11-05,54.51,Completed
ORD05296,BR002,2025-11-05,23.52,Completed
ORD05367,BR002,2025-11-05,8.19,Completed
ORD05957,BR003,2025-11-05,11.68,Completed
ORD00722,BR003,2025-11-06,43.52,Completed
ORD00810,BR002,2025-11-06,15.09,Completed
ORD01802,BR001,2025-11-06,19.48,Completed
ORD01890,BR004,2025-11-06,25.92,Completed
ORD03090,BR002,2025-11-06,36.74,Completed
ORD05452,BR002,2025-11-06,29.02,Completed
ORD05963,BR002,2025-11-06,47.16,Completed
ORD06251,BR001,2025-11-06,62.16,Completed
ORD06276,BR002,2025-11-06,39.75,Completed
ORD06596,BR003,2025-11-06,15.72,Completed
ORD06702,BR004,2025-11-06,22.62,Completed
ORD00039,BR003,2025-11-07,52.38,Completed
ORD00678,BR001,2025-11-07,26.4,Completed
ORD01022,BR001,2025-11-07,11.69,Completed
ORD01440,BR004,2025-11-07,6.75,Completed
ORD02190,BR001,2025-11-07,44.16,Completed
ORD02676,BR003,2025-11-07,16.92,Completed
ORD02858,BR001,2025-11-07,25.89,Completed
ORD03243,BR002,2025-11-07,44.75,Completed
ORD03910,BR003,2025-11-07,11.28,Completed
ORD04152,BR001,2025-11-07,22.62,Completed
ORD04929,BR001,2025-11-07,18.15,Completed
ORD06031,BR004,2025-11-07,33.22,Completed
ORD06468,BR003,2025-11-07,76.21,Completed
ORD00431,BR001,2025-11-08,95.87,Completed
ORD00449,BR002,2025-11-08,12.49,Completed
ORD00588,BR001,2025-11-08,48.9,Completed
ORD02022,BR001,2025-11-08,11.87,Completed
ORD03272,BR002,2025-11-08,29.44,Completed
ORD04673,BR004,2025-11-08,11.28,Completed
ORD05457,BR003,2025-11-08,69.06,Completed
ORD06257,BR001,2025-11-08,18.96,Completed
ORD06566,BR002,2025-11-08,11.31,Completed
ORD01044,BR004,2025-11-09,50.89,Completed
ORD02023,BR001,2025-11-09,61.17,Completed
ORD02527,BR003,2025-11-09,52.53,Completed
ORD03226,BR002,2025-11-09,56.1,Completed
ORD03646,BR003,2025-11-09,40.33,Completed
ORD04339,BR002,2025-11-09,35.34,Completed
ORD04375,BR001,2025-11-09,42.38,Completed
ORD05005,BR004,2025-11-09,17.28,Completed
ORD05271,BR004,2025-11-09,55.11,Completed
ORD05910,BR003,2025-11-09,69.4,Completed
ORD06106,BR002,2025-11-09,20.39,Completed
ORD06709,BR002,2025-11-09,45.42,Completed
ORD00586,BR001,2025-11-10,11.31,Completed
ORD01676,BR002,2025-11-10,11.87,Completed
ORD02193,BR002,2025-11-10,28.34,Completed
ORD04906,BR004,2025-11-10,62.88,Completed
ORD05377,BR001,2025-11-10,76.68,Completed
ORD05709,BR003,2025-11-10,27.46,Completed
ORD06162,BR004,2025-11-10,81.97,Completed
ORD06845,BR003,2025-11-10,70.23,Completed
ORD06990,BR002,2025-11-10,53.86,Completed
ORD00316,BR001,2025-11-11,36.95,Completed
ORD00472,BR002,2025-11-11,31.15,Completed
ORD00727,BR002,2025-11-11,5.03,Completed
ORD00914,BR004,2025-11-11,21.03,Completed
ORD00919,BR003,2025-11-11,41.54,Completed
ORD01948,BR004,2025-11-11,46.04,Completed
ORD02178,BR003,2025-11-11,20.25,Completed
ORD02565,BR003,2025-11-11,58.31,Completed
ORD03277,BR002,2025-11-11,33.87,Completed
ORD03442,BR003,2025-11-11,31.35,Completed
ORD04940,BR003,2025-11-11,20.8,Completed
ORD05824,BR002,2025-11-11,13.48,Completed
ORD00115,BR001,2025-11-12,34.36,Completed
ORD00495,BR002,2025-11-12,57.24,Completed
ORD00633,BR004,2025-11-12,32.87,Completed
ORD00641,BR003,2025-11-12,19.7,Completed
ORD01128,BR002,2025-11-12,53.32,Completed
ORD02277,BR003,2025-11-12,17.28,Completed
ORD02783,BR001,2025-11-12,64.52,Completed
ORD04182,BR003,2025-11-12,11.31,Completed
ORD04204,BR004,2025-11-12,24.57,Completed
ORD05354,BR003,2025-11-12,23.48,Completed
ORD06364,BR003,2025-11-12,69.21,Completed
ORD06395,BR003,2025-11-12,50.85,Completed
ORD06863,BR001,2025-11-12,66.12,Completed
ORD00171,BR003,2025-11-13,32.94,Completed
ORD00213,BR001,2025-11-13,29.7,Completed
ORD01176,BR002,2025-11-13,40.68,Completed
ORD02281,BR003,2025-11-13,42.82,Completed
ORD03327,BR004,2025-11-13,111.9,Completed
ORD04369,BR001,2025-11-13,57.6,Completed
ORD04574,BR004,2025-11-13,12.49,Completed
ORD04738,BR002,2025-11-13,54.63,Completed
ORD05381,BR003,2025-11-13,23.52,Completed
ORD05401,BR004,2025-11-13,77.64,Completed
ORD05886,BR003,2025-11-13,82.29,Completed
ORD06286,BR004,2025-11-13,75.99,Completed
ORD00378,BR002,2025-11-14,20.22,Completed
ORD01336,BR004,2025-11-14,37.84,Completed
ORD01771,BR003,2025-11-14,21.19,Completed
ORD02507,BR004,2025-11-14,71.55,Completed
ORD03946,BR004,2025-11-14,11.74,Completed
ORD05187,BR003,2025-11-14,38.4,Completed
ORD05460,BR003,2025-11-14,67.98,Completed
ORD05628,BR001,2025-11-14,90.04,Completed
ORD05668,BR004,2025-11-14,51.5,Completed
ORD06461,BR001,2025-11-14,23.57,Completed
ORD04447,BR003,2025-11-15,14.3,Completed
ORD05142,BR002,2025-11-15,102.27,Completed
ORD05298,BR002,2025-11-15,84.45,Completed
ORD05440,BR001,2025-11-15,34.53,Completed
ORD06275,BR001,2025-11-15,13.72,Completed
ORD06363,BR002,2025-11-15,6.74,Completed
ORD06815,BR002,2025-11-15,40.76,Completed
ORD00797,BR004,2025-11-16,106.47,Completed
ORD01177,BR003,2025-11-16,5.03,Completed
ORD01462,BR004,2025-11-16,42.38,Completed
ORD02029,BR004,2025-11-16,63.57,Completed
ORD02934,BR001,2025-11-16,19.2,Completed
ORD05634,BR001,2025-11-16,38.8,Completed
ORD05999,BR004,2025-11-16,87.34,Completed
ORD06904,BR002,2025-11-16,29.44,Completed
ORD00814,BR001,2025-11-17,7.84,Completed
ORD00986,BR002,2025-11-17,21.76,Completed
ORD01473,BR001,2025-11-17,62.4,Completed
ORD01564,BR004,2025-11-17,38.67,Completed
ORD03367,BR001,2025-11-17,73.5,Completed
ORD03541,BR001,2025-11-17,61.81,Completed
ORD03664,BR004,2025-11-17,69.66,Completed
ORD03778,BR004,2025-11-17,62.4,Completed
ORD04372,BR001,2025-11-17,11.87,Completed
ORD04828,BR004,2025-11-17,102.45,Completed
ORD05025,BR002,2025-11-17,44.16,Completed
ORD05955,BR001,2025-11-17,47.14,Completed
ORD06516,BR001,2025-11-17,13.5,Completed
ORD00100,BR002,2025-11-18,56.06,Completed
ORD00563,BR002,2025-11-18,60.93,Completed
ORD01294,BR004,2025-11-18,59.66,Completed
ORD01796,BR003,2025-11-18,75.19,Completed
ORD02237,BR002,2025-11-18,89.23,Completed
ORD02751,BR004,2025-11-18,31.08,Completed
ORD02964,BR003,2025-11-18,80.82,Completed
ORD03089,BR002,2025-11-18,60.24,Completed
ORD03232,BR003,2025-11-18,54.15,Completed
ORD03610,BR001,2025-11-18,92.76,Completed
ORD04174,BR004,2025-11-18,62.44,Completed
ORD04236,BR003,2025-11-18,65.41,Completed
ORD04340,BR003,2025-11-18,23.78,Completed
ORD04766,BR004,2025-11-18,73.06,Completed
ORD05570,BR001,2025-11-18,74.96,Completed
ORD05665,BR003,2025-11-18,33.93,Completed
ORD05822,BR002,2025-11-18,10.84,Completed
ORD06111,BR001,2025-11-18,30.38,Completed
ORD06435,BR002,2025-11-18,60.24,Completed
ORD06569,BR002,2025-11-18,66.75,Completed
ORD06963,BR003,2025-11-18,46.04,Completed
ORD00076,BR002,2025-11-19,11.52,Completed
ORD00154,BR002,2025-11-19,9.9,Completed
ORD00569,BR002,2025-11-19,104.58,Completed
ORD01643,BR004,2025-11-19,28.67,Completed
ORD02498,BR004,2025-11-19,37.41,Completed
ORD02543,BR001,2025-11-19,37.19,Completed
ORD03540,BR001,2025-11-19,11.74,Completed
ORD04374,BR002,2025-11-19,39.42,Completed
ORD04786,BR004,2025-11-19,64.11,Completed
ORD05255,BR003,2025-11-19,58.23,Completed
ORD05868,BR001,2025-11-19,49.19,Completed
ORD06151,BR003,2025-11-19,45.6,Completed
ORD06283,BR001,2025-11-19,18.28,Completed
ORD06697,BR001,2025-11-19,35.22,Completed
ORD06770,BR003,2025-11-19,41.6,Completed
ORD00395,BR004,2025-11-20,17.18,Completed
ORD00945,BR002,2025-11-20,59.75,Completed
ORD02120,BR004,2025-11-20,20.8,Completed
ORD02476,BR001,2025-11-20,59.5,Completed
ORD02480,BR003,2025-11-20,46.14,Completed
ORD02587,BR004,2025-11-20,35.58,Completed
ORD03130,BR004,2025-11-20,12.8,Completed
ORD05136,BR002,2025-11-20,39.78,Completed
ORD05530,BR004,2025-11-20,14.72,Completed
ORD06208,BR004,2025-11-20,99.58,Completed
ORD00981,BR001,2025-11-21,82.86,Completed
ORD01661,BR002,2025-11-21,49.41,Completed
ORD01827,BR004,2025-11-21,8.63,Completed
ORD02604,BR003,2025-11-21,15.72,Completed
ORD03241,BR002,2025-11-21,69.29,Completed
ORD03857,BR001,2025-11-21,52.62,Completed
ORD03926,BR001,2025-11-21,41.6,Completed
ORD05048,BR002,2025-11-21,60.2,Completed
ORD06597,BR002,2025-11-21,18.7,Completed
ORD01469,BR002,2025-11-22,71.49,Completed
ORD01725,BR001,2025-11-22,48.51,Completed
ORD02481,BR001,2025-11-22,13.5,Completed
ORD03269,BR001,2025-11-22,116.1,Completed
ORD03695,BR004,2025-11-22,36.53,Completed
ORD04952,BR001,2025-11-22,20.39,Completed
ORD06243,BR001,2025-11-22,54.73,Completed
ORD06324,BR003,2025-11-22,18.33,Completed
ORD00663,BR003,2025-11-23,60.96,Completed
ORD02087,BR003,2025-11-23,20.62,Completed
ORD02150,BR004,2025-11-23,23.11,Completed
ORD02205,BR002,2025-11-23,53.31,Completed
ORD03490,BR002,2025-11-23,8.19,Completed
ORD03942,BR003,2025-11-23,55.74,Completed
ORD04075,BR001,2025-11-23,106.53,Completed
ORD05056,BR004,2025-11-23,73.24,Completed
ORD00165,BR002,2025-11-24,30.43,Completed
ORD00632,BR001,2025-11-24,36.74,Completed
ORD02219,BR004,2025-11-24,69.24,Completed
ORD02292,BR002,2025-11-24,36.74,Completed
ORD02585,BR001,2025-11-24,27.46,Completed
ORD03528,BR001,2025-11-24,33.14,Completed
ORD03956,BR002,2025-11-24,33.86,Completed
ORD04252,BR004,2025-11-24,35.54,Completed
ORD04571,BR001,2025-11-24,18.15,Completed
ORD04592,BR001,2025-11-24,44.16,Completed
ORD04991,BR002,2025-11-24,43.8,Completed
ORD05576,BR001,2025-11-24,17.77,Completed
ORD00035,BR001,2025-11-25,6.75,Completed
ORD01429,BR002,2025-11-25,56.54,Completed
ORD03157,BR002,2025-11-25,23.52,Completed
ORD03628,BR001,2025-11-25,5.42,Completed
ORD05160,BR002,2025-11-25,16.38,Completed
ORD05567,BR004,2025-11-25,70.08,Completed
ORD05977,BR004,2025-11-25,61.71,Completed
ORD06740,BR002,2025-11-25,36.84,Completed
ORD00893,BR003,2025-11-26,37.4,Completed
ORD01348,BR003,2025-11-26,69.33,Completed
ORD02134,BR004,2025-11-26,42.68,Completed
ORD02704,BR002,2025-11-26,39.47,Completed
ORD03849,BR003,2025-11-26,6.74,Completed
ORD04555,BR002,2025-11-26,90.03,Completed
ORD01614,BR001,2025-11-27,28.98,Completed
ORD03605,BR003,2025-11-27,19.8,Completed
ORD03692,BR003,2025-11-27,47.85,Completed
ORD04158,BR004,2025-11-27,36.66,Completed
ORD04779,BR002,2025-11-27,20.22,Completed
ORD05195,BR004,2025-11-27,9.9,Completed
ORD06122,BR004,2025-11-27,46.62,Completed
ORD00485,BR003,2025-11-28,65.28,Completed
ORD00512,BR002,2025-11-28,11.68,Completed
ORD00573,BR002,2025-11-28,75.92,Completed
ORD00738,BR002,2025-11-28,86.2,Completed
ORD00809,BR002,2025-11-28,18.33,Completed
ORD02006,BR003,2025-11-28,18.37,Completed
ORD02112,BR001,2025-11-28,17.28,Completed
ORD02618,BR003,2025-11-28,12.1,Completed
ORD02619,BR001,2025-11-28,30.81,Completed
ORD03229,BR001,2025-11-28,46.22,Completed
ORD03647,BR004,2025-11-28,17.26,Completed
ORD04945,BR001,2025-11-28,22.04,Completed
ORD05139,BR001,2025-11-28,45.97,Completed
ORD06184,BR004,2025-11-28,22.62,Completed
ORD06722,BR004,2025-11-28,65.35,Completed
ORD06809,BR004,2025-11-28,69.15,Completed
ORD00032,BR002,2025-11-29,85.8,Completed
ORD00332,BR003,2025-11-29,83.63,Completed
ORD01017,BR003,2025-11-29,9.14,Completed
ORD01933,BR002,2025-11-29,5.76,Completed
ORD01944,BR003,2025-11-29,68.4,Completed
ORD01966,BR004,2025-11-29,18.46,Completed
ORD02330,BR004,2025-11-29,17.26,Completed
ORD02866,BR004,2025-11-29,36.66,Completed
ORD04978,BR001,2025-11-29,17.91,Completed
ORD05153,BR001,2025-11-29,20.22,Completed
ORD06017,BR003,2025-11-29,41.19,Completed
ORD06068,BR004,2025-11-29,14.3,Completed
ORD06088,BR002,2025-11-29,65.28,Completed
ORD06623,BR003,2025-11-29,27.94,Completed
ORD01052,BR003,2025-11-30,7.84,Completed
ORD01205,BR003,2025-11-30,32.45,Completed
ORD01585,BR003,2025-11-30,58.74,Completed
ORD02355,BR002,2025-11-30,69.06,Completed
ORD02372,BR004,2025-11-30,8.63,Completed
ORD03214,BR002,2025-11-30,18.14,Completed
ORD04563,BR001,2025-11-30,49.41,Completed
ORD04771,BR002,2025-11-30,10.31,Completed
ORD05194,BR001,2025-11-30,82.44,Completed
ORD05893,BR004,2025-11-30,15.54,Completed
ORD06556,BR001,2025-11-30,27.34,Completed
ORD06921,BR003,2025-11-30,20.25,Completed
ORD00158,BR002,2025-12-01,19.2,Completed
ORD00725,BR001,2025-12-01,35.94,Completed
ORD00891,BR002,2025-12-01,20.58,Completed
ORD01138,BR003,2025-12-01,42.38,Completed
ORD01210,BR002,2025-12-01,35.54,Completed
ORD01671,BR003,2025-12-01,15.09,Completed
ORD02159,BR004,2025-12-01,6.74,Completed
ORD03370,BR002,2025-12-01,34.88,Completed
ORD03589,BR001,2025-12-01,27.18,Completed
ORD03766,BR001,2025-12-01,71.82,Completed
ORD05316,BR003,2025-12-01,59.9,Completed
ORD06705,BR003,2025-12-01,55.12,Completed
ORD00234,BR003,2025-12-02,54.99,Completed
ORD01251,BR004,2025-12-02,11.74,Completed
ORD03344,BR004,2025-12-02,47.16,Completed
ORD03385,BR002,2025-12-02,35.88,Completed
ORD03710,BR004,2025-12-02,15.09,Completed
ORD04234,BR003,2025-12-02,29.44,Completed
ORD04507,BR004,2025-12-02,20.71,Completed
ORD05079,BR003,2025-12-02,27.46,Completed
ORD05725,BR004,2025-12-02,74.97,Completed
ORD06001,BR001,2025-12-02,59.06,Completed
ORD00199,BR004,2025-12-03,37.4,Completed
ORD01689,BR003,2025-12-03,22.99,Completed
ORD02008,BR004,2025-12-03,11.31,Completed
ORD02613,BR004,2025-12-03,45.84,Completed
ORD02720,BR002,2025-12-03,5.42,Completed
ORD03403,BR002,2025-12-03,73.39,Completed
ORD04349,BR001,2025-12-03,40.16,Completed
ORD04529,BR003,2025-12-03,11.31,Completed
ORD05050,BR001,2025-12-03,12.49,Completed
ORD05764,BR003,2025-12-03,77.61,Completed
ORD06812,BR002,2025-12-03,30.9,Completed
ORD06859,BR004,2025-12-03,23.02,Completed
ORD00610,BR003,2025-12-04,56.21,Completed
ORD01057,BR002,2025-12-04,31.08,Completed
ORD01615,BR002,2025-12-04,20.38,Completed
ORD02236,BR004,2025-12-04,18.15,Completed
ORD03549,BR001,2025-12-04,23.02,Completed
ORD03561,BR001,2025-12-04,23.28,Completed
ORD03894,BR003,2025-12-04,63.09,Completed
ORD04023,BR004,2025-12-04,17.28,Completed
ORD05403,BR001,2025-12-04,52.12,Completed
ORD06209,BR002,2025-12-04,18.37,Completed
ORD06932,BR003,2025-12-04,53.58,Completed
ORD06969,BR001,2025-12-04,53.31,Completed
ORD00160,BR004,2025-12-05,45.78,Completed
ORD02877,BR002,2025-12-05,56.1,Completed
ORD03547,BR001,2025-12-05,31.76,Completed
ORD05741,BR004,2025-12-05,66.12,Completed
ORD05803,BR002,2025-12-05,27.23,Completed
ORD06199,BR001,2025-12-05,11.28,Completed
ORD00461,BR002,2025-12-06,56.96,Completed
ORD00674,BR003,2025-12-06,13.48,Completed
ORD01331,BR003,2025-12-06,63.99,Completed
ORD01606,BR004,2025-12-06,50.85,Completed
ORD02063,BR003,2025-12-06,11.87,Completed
ORD02208,BR002,2025-12-06,81.37,Completed
ORD02711,BR002,2025-12-06,46.44,Completed
ORD04029,BR002,2025-12-06,23.74,Completed
ORD06374,BR001,2025-12-06,33.93,Completed
ORD00619,BR003,2025-12-07,36.74,Completed
ORD00837,BR003,2025-12-07,18.7,Completed
ORD00862,BR002,2025-12-07,34.2,Completed
ORD01654,BR002,2025-12-07,20.58,Completed
ORD02880,BR004,2025-12-07,102.15,Completed
ORD02963,BR003,2025-12-07,78.27,Completed
ORD03454,BR001,2025-12-07,32.94,Completed
ORD04502,BR002,2025-12-07,23.57,Completed
ORD04519,BR002,2025-12-07,120.87,Completed
ORD06738,BR003,2025-12-07,27.42,Completed
ORD01435,BR004,2025-12-08,61.17,Completed
ORD02014,BR003,2025-12-08,70.3,Completed
ORD04968,BR004,2025-12-08,106.48,Completed
ORD05365,BR003,2025-12-08,41.19,Completed
ORD05423,BR001,2025-12-08,84.56,Completed
ORD05541,BR004,2025-12-08,61.14,Completed
ORD06467,BR004,2025-12-08,14.24,Completed
ORD01504,BR001,2025-12-09,51.54,Completed
ORD01600,BR004,2025-12-09,35.61,Completed
ORD01756,BR001,2025-12-09,75.7,Completed
ORD02465,BR004,2025-12-09,21.67,Completed
ORD02593,BR003,2025-12-09,66.63,Completed
ORD02980,BR003,2025-12-09,12.49,Completed
ORD03077,BR002,2025-12-09,85.35,Completed
ORD03273,BR003,2025-12-09,43.14,Completed
ORD03810,BR002,2025-12-09,35.61,Completed
ORD03835,BR003,2025-12-09,7.84,Completed
ORD05178,BR001,2025-12-09,84.43,Completed
ORD06065,BR002,2025-12-09,32.94,Completed
ORD06309,BR002,2025-12-09,46.23,Completed
ORD06355,BR003,2025-12-09,49.14,Completed
ORD00055,BR002,2025-12-10,16.95,Completed
ORD00120,BR002,2025-12-10,54.24,Completed
ORD00404,BR002,2025-12-10,67.17,Completed
ORD00775,BR004,2025-12-10,23.4,Completed
ORD01286,BR001,2025-12-10,36.76,Completed
ORD01298,BR004,2025-12-10,56.1,Completed
ORD01444,BR001,2025-12-10,39.65,Completed
ORD01732,BR003,2025-12-10,47.16,Completed
ORD02710,BR004,2025-12-10,33.93,Completed
ORD03335,BR001,2025-12-10,9.9,Completed
ORD03441,BR003,2025-12-10,6.86,Completed
ORD03473,BR004,2025-12-10,24.23,Completed
ORD03512,BR003,2025-12-10,33.53,Completed
ORD03809,BR001,2025-12-10,20.22,Completed
ORD05149,BR003,2025-12-10,51.87,Completed
ORD05328,BR004,2025-12-10,11.28,Completed
ORD06173,BR003,2025-12-10,35.04,Completed
ORD06460,BR004,2025-12-10,5.03,Completed
ORD06658,BR004,2025-12-10,18.28,Completed
ORD01060,BR003,2025-12-11,13.73,Completed
ORD06389,BR003,2025-12-11,29.4,Completed
ORD06942,BR004,2025-12-11,19.8,Completed
ORD00049,BR004,2025-12-12,45.6,Completed
ORD00787,BR004,2025-12-12,15.54,Completed
ORD02457,BR001,2025-12-12,20.22,Completed
ORD02478,BR004,2025-12-12,97.45,Completed
ORD03283,BR003,2025-12-12,49.82,Completed
ORD03933,BR003,2025-12-12,69.06,Completed
ORD04142,BR004,2025-12-12,50.22,Completed
ORD04969,BR002,2025-12-12,7.15,Completed
ORD06159,BR003,2025-12-12,82.36,Completed
ORD00073,BR002,2025-12-13,44.08,Completed
ORD00137,BR002,2025-12-13,46.62,Completed
ORD00217,BR003,2025-12-13,5.64,Completed
ORD01295,BR003,2025-12-13,54.83,Completed
ORD01818,BR001,2025-12-13,26.48,Completed
ORD02530,BR001,2025-12-13,27.78,Completed
ORD02600,BR003,2025-12-13,40.33,Completed
ORD03122,BR003,2025-12-13,60.88,Completed
ORD03431,BR003,2025-12-13,41.82,Completed
ORD04214,BR004,2025-12-13,20.38,Completed
ORD04454,BR001,2025-12-13,92.46,Completed
ORD04728,BR003,2025-12-13,44.08,Completed
ORD04824,BR001,2025-12-13,50.64,Completed
ORD05930,BR003,2025-12-13,37.4,Completed
ORD06087,BR003,2025-12-13,25.89,Completed
ORD06719,BR001,2025-12-13,26.85,Completed
ORD06978,BR003,2025-12-13,33.06,Completed
ORD00224,BR002,2025-12-14,17.26,Completed
ORD01515,BR001,2025-12-14,39.37,Completed
ORD02229,BR002,2025-12-14,63.5,Completed
ORD02335,BR004,2025-12-14,45.79,Completed
ORD02796,BR002,2025-12-14,74.45,Completed
ORD03465,BR002,2025-12-14,20.25,Completed
ORD03567,BR003,2025-12-14,20.39,Completed
ORD03637,BR002,2025-12-14,22.04,Completed
ORD03711,BR004,2025-12-14,44.66,Completed
ORD03719,BR002,2025-12-14,41.19,Completed
ORD03769,BR002,2025-12-14,51.54,Completed
ORD04076,BR001,2025-12-14,92.46,Completed
ORD04576,BR002,2025-12-14,61.17,Completed
ORD04582,BR001,2025-12-14,42.09,Completed
ORD05667,BR003,2025-12-14,61.82,Completed
ORD05944,BR004,2025-12-14,61.14,Completed
ORD06028,BR003,2025-12-14,21.19,Completed
ORD00312,BR003,2025-12-15,44.08,Completed
ORD01066,BR003,2025-12-15,58.1,Completed
ORD01791,BR003,2025-12-15,52.93,Completed
ORD01792,BR004,2025-12-15,6.4,Completed
ORD02958,BR004,2025-12-15,80.09,Completed
ORD03685,BR004,2025-12-15,43.41,Completed
ORD03834,BR003,2025-12-15,65.88,Completed
ORD05871,BR001,2025-12-15,75.38,Completed
ORD00550,BR001,2025-12-16,14.72,Completed
ORD01152,BR003,2025-12-16,39.42,Completed
ORD01349,BR002,2025-12-16,68.84,Completed
ORD02982,BR003,2025-12-16,16.38,Completed
ORD03145,BR002,2025-12-16,43.28,Completed
ORD04751,BR001,2025-12-16,42.66,Completed
ORD05280,BR002,2025-12-16,95.87,Completed
ORD05428,BR004,2025-12-16,8.63,Completed
ORD05498,BR003,2025-12-16,15.54,Completed
ORD05943,BR003,2025-12-16,6.86,Completed
ORD00358,BR004,2025-12-17,11.68,Completed
ORD00565,BR003,2025-12-17,80.8,Completed
ORD00758,BR002,2025-12-17,20.25,Completed
ORD00863,BR002,2025-12-17,29.44,Completed
ORD01547,BR001,2025-12-17,20.58,Completed
ORD01984,BR004,2025-12-17,96.9,Completed
ORD02871,BR002,2025-12-17,34.36,Completed
ORD03723,BR003,2025-12-17,38.71,Completed
ORD03796,BR001,2025-12-17,61.14,Completed
ORD03817,BR001,2025-12-17,22.62,Completed
ORD04077,BR002,2025-12-17,24.03,Completed
ORD05140,BR002,2025-12-17,11.52,Completed
ORD05540,BR004,2025-12-17,60.24,Completed
ORD05976,BR001,2025-12-17,33.95,Completed
ORD06115,BR003,2025-12-17,13.5,Completed
ORD06864,BR002,2025-12-17,39.86,Completed
ORD00402,BR001,2025-12-18,31.44,Completed
ORD01734,BR002,2025-12-18,35.1,Completed
ORD02137,BR004,2025-12-18,43.55,Completed
ORD02773,BR002,2025-12-18,18.33,Completed
ORD04170,BR001,2025-12-18,38.94,Completed
ORD04271,BR001,2025-12-18,22.04,Completed
ORD04479,BR003,2025-12-18,32.26,Completed
ORD05267,BR004,2025-12-18,17.18,Completed
ORD05568,BR002,2025-12-18,39.08,Completed
ORD06970,BR002,2025-12-18,115.37,Completed
ORD00988,BR004,2025-12-19,35.05,Completed
ORD01021,BR002,2025-12-19,13.73,Completed
ORD01165,BR001,2025-12-19,20.38,Completed
ORD01184,BR001,2025-12-19,76.6,Completed
ORD01717,BR003,2025-12-19,53.37,Completed
ORD01797,BR001,2025-12-19,67.62,Completed
ORD02307,BR003,2025-12-19,57.79,Completed
ORD03571,BR004,2025-12-19,39.81,Completed
ORD04466,BR004,2025-12-19,88.53,Completed
ORD05607,BR004,2025-12-19,44.16,Completed
ORD06110,BR002,2025-12-19,30.65,Completed
ORD06612,BR003,2025-12-19,46.1,Completed
ORD06617,BR003,2025-12-19,23.22,Completed
ORD01799,BR002,2025-12-20,42.38,Completed
ORD02047,BR002,2025-12-20,49.86,Completed
ORD03010,BR002,2025-12-20,11.74,Completed
ORD03425,BR003,2025-12-20,64.98,Completed
ORD04424,BR002,2025-12-20,48.32,Completed
ORD05750,BR002,2025-12-20,37.31,Completed
ORD05799,BR003,2025-12-20,42.06,Completed
ORD06379,BR003,2025-12-20,52.22,Completed
ORD06944,BR001,2025-12-20,23.48,Completed
ORD01511,BR002,2025-12-21,61.39,Completed
ORD01736,BR001,2025-12-21,67.39,Completed
ORD02612,BR001,2025-12-21,9.9,Completed
ORD02655,BR004,2025-12-21,70.83,Completed
ORD03555,BR003,2025-12-21,34.06,Completed
ORD04122,BR004,2025-12-21,58.35,Completed
ORD04962,BR004,2025-12-21,38.88,Completed
ORD05321,BR002,2025-12-21,26.28,Completed
ORD05411,BR002,2025-12-21,29.01,Completed
ORD06175,BR003,2025-12-21,37.47,Completed
ORD00014,BR002,2025-12-22,48.94,Completed
ORD00206,BR004,2025-12-22,88.86,Completed
ORD00271,BR003,2025-12-22,34.92,Completed
ORD00537,BR003,2025-12-22,68.43,Completed
ORD00950,BR004,2025-12-22,51.97,Completed
ORD02897,BR003,2025-12-22,23.36,Completed
ORD02926,BR002,2025-12-22,24.03,Completed
ORD03532,BR001,2025-12-22,52.53,Completed
ORD03657,BR001,2025-12-22,66.33,Completed
ORD04407,BR001,2025-12-22,14.72,Completed
ORD04577,BR003,2025-12-22,66.12,Completed
ORD04652,BR002,2025-12-22,33.93,Completed
ORD04658,BR004,2025-12-22,33.9,Completed
ORD05324,BR003,2025-12-22,63.09,Completed
ORD05855,BR001,2025-12-22,45.41,Completed
ORD06180,BR002,2025-12-22,61.14,Completed
ORD00128,BR004,2025-12-23,69.6,Completed
ORD01415,BR004,2025-12-23,61.85,Completed
ORD01432,BR003,2025-12-23,40.76,Completed
ORD01930,BR003,2025-12-23,15.19,Completed
ORD02999,BR003,2025-12-23,23.28,Completed
ORD03732,BR003,2025-12-23,40.83,Completed
ORD03837,BR004,2025-12-23,45.42,Completed
ORD04292,BR004,2025-12-23,22.8,Completed
ORD05052,BR002,2025-12-23,35.05,Completed
ORD05250,BR004,2025-12-23,73.1,Completed
ORD05270,BR004,2025-12-23,75.46,Completed
ORD05732,BR002,2025-12-23,36.66,Completed
ORD05919,BR003,2025-12-23,30.98,Completed
ORD06984,BR004,2025-12-23,18.96,Completed
ORD00344,BR003,2025-12-24,13.5,Completed
ORD01478,BR001,2025-12-24,18.7,Completed
ORD02434,BR002,2025-12-24,53.59,Completed
ORD03698,BR004,2025-12-24,52.6,Completed
ORD03768,BR003,2025-12-24,69.33,Completed
ORD03868,BR001,2025-12-24,36.59,Completed
ORD04623,BR001,2025-12-24,16.38,Completed
ORD04981,BR002,2025-12-24,21.19,Completed
ORD00923,BR002,2025-12-25,58.12,Completed
ORD01517,BR004,2025-12-25,102.54,Completed
ORD02194,BR004,2025-12-25,28.66,Completed
ORD02224,BR001,2025-12-25,49.15,Completed
ORD02764,BR002,2025-12-25,38.21,Completed
ORD04235,BR004,2025-12-25,23.11,Completed
ORD04290,BR001,2025-12-25,66.91,Completed
ORD04359,BR004,2025-12-25,23.15,Completed
ORD04399,BR001,2025-12-25,5.76,Completed
ORD05188,BR001,2025-12-25,21.03,Completed
ORD00141,BR004,2025-12-26,68.4,Completed
ORD00606,BR003,2025-12-26,20.39,Completed
ORD01015,BR002,2025-12-26,65.68,Completed
ORD01041,BR001,2025-12-26,61.17,Completed
ORD01419,BR001,2025-12-26,40.16,Completed
ORD03318,BR003,2025-12-26,69.58,Completed
ORD03478,BR003,2025-12-26,21.03,Completed
ORD03689,BR003,2025-12-26,78.35,Completed
ORD04044,BR002,2025-12-26,53.42,Completed
ORD04456,BR003,2025-12-26,16.92,Completed
ORD05392,BR003,2025-12-26,33.7,Completed
ORD05812,BR003,2025-12-26,16.26,Completed
ORD00148,BR001,2025-12-27,7.84,Completed
ORD00298,BR004,2025-12-27,51.54,Completed
ORD00582,BR003,2025-12-27,39.29,Completed
ORD01860,BR004,2025-12-27,53.47,Completed
ORD02027,BR001,2025-12-27,16.92,Completed
ORD04190,BR001,2025-12-27,23.36,Completed
ORD04899,BR001,2025-12-27,21.45,Completed
ORD05743,BR004,2025-12-27,15.54,Completed
ORD06938,BR003,2025-12-27,69.66,Completed
ORD00458,BR002,2025-12-28,11.64,Completed
ORD00844,BR001,2025-12-28,17.28,Completed
ORD01666,BR003,2025-12-28,36.66,Completed
ORD02018,BR004,2025-12-28,78.34,Completed
ORD02028,BR003,2025-12-28,109.08,Completed
ORD02254,BR001,2025-12-28,11.87,Completed
ORD02496,BR002,2025-12-28,22.4,Completed
ORD02560,BR004,2025-12-28,48.0,Completed
ORD03054,BR002,2025-12-28,17.28,Completed
ORD03080,BR004,2025-12-28,16.38,Completed
ORD03895,BR004,2025-12-28,69.33,Completed
ORD05210,BR001,2025-12-28,23.02,Completed
ORD05585,BR003,2025-12-28,42.38,Completed
ORD06360,BR003,2025-12-28,60.1,Completed
ORD06875,BR003,2025-12-28,35.61,Completed
ORD06914,BR003,2025-12-28,51.54,Completed
ORD00366,BR003,2025-12-29,46.22,Completed
ORD02315,BR003,2025-12-29,124.74,Completed
ORD03068,BR002,2025-12-29,35.04,Completed
ORD03104,BR002,2025-12-29,46.62,Completed
ORD03134,BR001,2025-12-29,12.49,Completed
ORD03294,BR002,2025-12-29,48.18,Completed
ORD03871,BR002,2025-12-29,36.66,Completed
ORD04289,BR001,2025-12-29,39.8,Completed
ORD05272,BR002,2025-12-29,5.03,Completed
ORD05916,BR002,2025-12-29,5.76,Completed
ORD06079,BR001,2025-12-29,9.9,Completed
ORD06481,BR004,2025-12-29,51.7,Completed
ORD06634,BR002,2025-12-29,13.73,Completed
ORD02036,BR002,2025-12-30,31.67,Completed
ORD02148,BR002,2025-12-30,62.4,Completed
ORD02384,BR002,2025-12-30,55.11,Completed
ORD02729,BR001,2025-12-30,5.64,Completed
ORD03991,BR001,2025-12-30,80.17,Completed
ORD04568,BR003,2025-12-30,73.08,Completed
ORD05591,BR003,2025-12-30,50.22,Completed
ORD06130,BR003,2025-12-30,75.74,Completed
ORD06544,BR004,2025-12-30,124.05,Completed
ORD00133,BR004,2025-12-31,10.31,Completed
ORD00167,BR001,2025-12-31,90.17,Completed
ORD00437,BR004,2025-12-31,29.7,Completed
ORD00852,BR004,2025-12-31,97.58,Completed
ORD01777,BR001,2025-12-31,21.76,Completed
ORD02351,BR001,2025-12-31,72.5,Completed
ORD02470,BR001,2025-12-31,46.72,Completed
ORD02707,BR004,2025-12-31,66.44,Completed
ORD02968,BR004,2025-12-31,23.52,Completed
ORD02996,BR004,2025-12-31,99.87,Completed
ORD04870,BR004,2025-12-31,65.39,Completed
ORD05973,BR004,2025-12-31,58.0,Completed
ORD06281,BR002,2025-12-31,16.34,Completed
ORD06677,BR002,2025-12-31,50.64,Completed
ORD06829,BR002,2025-12-31,74.8,Completed
ORD00535,BR003,2026-01-01,11.31,Completed
ORD00577,BR002,2026-01-01,74.08,Completed
ORD00672,BR003,2026-01-01,21.19,Completed
ORD01405,BR002,2026-01-01,20.25,Completed
ORD01658,BR004,2026-01-01,18.15,Completed
ORD01874,BR003,2026-01-01,17.18,Completed
ORD02531,BR003,2026-01-01,34.69,Completed
ORD02639,BR004,2026-01-01,46.04,Completed
ORD02986,BR001,2026-01-01,91.17,Completed
ORD03909,BR004,2026-01-01,36.74,Completed
ORD03978,BR002,2026-01-01,39.75,Completed
ORD03984,BR002,2026-01-01,19.2,Completed
ORD05058,BR002,2026-01-01,47.16,Completed
ORD05182,BR004,2026-01-01,6.4,Completed
ORD05657,BR001,2026-01-01,18.33,Completed
ORD05978,BR001,2026-01-01,59.47,Completed
ORD06741,BR001,2026-01-01,21.76,Completed
ORD06918,BR001,2026-01-01,54.99,Completed
ORD00460,BR004,2026-01-02,56.1,Completed
ORD00779,BR004,2026-01-02,18.7,Completed
ORD00961,BR002,2026-01-02,76.82,Completed
ORD01160,BR004,2026-01-02,16.47,Completed
ORD02580,BR003,2026-01-02,11.28,Completed
ORD03989,BR002,2026-01-02,86.77,Completed
ORD04862,BR002,2026-01-02,92.14,Completed
ORD05169,BR004,2026-01-02,52.27,Completed
ORD05511,BR004,2026-01-02,41.91,Completed
ORD06534,BR004,2026-01-02,20.25,Completed
ORD00415,BR003,2026-01-03,25.65,Completed
ORD00762,BR001,2026-01-03,73.56,Completed
ORD01582,BR001,2026-01-03,73.82,Completed
ORD01986,BR004,2026-01-03,96.3,Completed
ORD02678,BR004,2026-01-03,69.44,Completed
ORD03056,BR001,2026-01-03,12.18,Completed
ORD03148,BR004,2026-01-03,61.17,Completed
ORD03499,BR001,2026-01-03,27.57,Completed
ORD03595,BR003,2026-01-03,34.36,Completed
ORD03981,BR003,2026-01-03,23.02,Completed
ORD04474,BR002,2026-01-03,31.2,Completed
ORD05231,BR001,2026-01-03,38.58,Completed
ORD05561,BR001,2026-01-03,11.31,Completed
ORD05950,BR004,2026-01-03,60.24,Completed
ORD06059,BR003,2026-01-03,46.61,Completed
ORD06096,BR002,2026-01-03,58.53,Completed
ORD01341,BR004,2026-01-04,20.62,Completed
ORD02466,BR002,2026-01-04,48.7,Completed
ORD02533,BR004,2026-01-04,102.99,Completed
ORD02653,BR003,2026-01-04,34.54,Completed
ORD03042,BR001,2026-01-04,23.22,Completed
ORD05363,BR001,2026-01-04,43.99,Completed
ORD05702,BR001,2026-01-04,17.26,Completed
ORD05986,BR001,2026-01-04,81.88,Completed
ORD06299,BR003,2026-01-04,32.67,Completed
ORD00132,BR002,2026-01-05,56.1,Completed
ORD00467,BR003,2026-01-05,47.16,Completed
ORD01161,BR004,2026-01-05,23.36,Completed
ORD01424,BR003,2026-01-05,42.76,Completed
ORD01598,BR004,2026-01-05,57.42,Completed
ORD01737,BR001,2026-01-05,62.18,Completed
ORD01983,BR004,2026-01-05,33.93,Completed
ORD02005,BR002,2026-01-05,70.36,Completed
ORD02140,BR003,2026-01-05,29.42,Completed
ORD02483,BR003,2026-01-05,68.4,Completed
ORD02917,BR003,2026-01-05,46.22,Completed
ORD03708,BR002,2026-01-05,45.6,Completed
ORD04517,BR003,2026-01-05,68.4,Completed
ORD04685,BR001,2026-01-05,9.9,Completed
ORD06483,BR003,2026-01-05,11.28,Completed
ORD00583,BR003,2026-01-06,81.9,Completed
ORD01243,BR004,2026-01-06,41.19,Completed
ORD01835,BR002,2026-01-06,44.16,Completed
ORD02110,BR003,2026-01-06,38.76,Completed
ORD03613,BR003,2026-01-06,18.27,Completed
ORD03951,BR002,2026-01-06,6.74,Completed
ORD04458,BR001,2026-01-06,88.35,Completed
ORD04562,BR004,2026-01-06,59.36,Completed
ORD05061,BR001,2026-01-06,41.19,Completed
ORD05788,BR002,2026-01-06,80.26,Completed
ORD05794,BR004,2026-01-06,47.16,Completed
ORD05951,BR003,2026-01-06,48.78,Completed
ORD06834,BR001,2026-01-06,11.68,Completed
ORD00112,BR001,2026-01-07,12.49,Completed
ORD00521,BR004,2026-01-07,54.06,Completed
ORD01264,BR001,2026-01-07,11.68,Completed
ORD01375,BR001,2026-01-07,22.62,Completed
ORD01741,BR004,2026-01-07,52.26,Completed
ORD03682,BR003,2026-01-07,23.22,Completed
ORD03762,BR002,2026-01-07,30.52,Completed
ORD04377,BR003,2026-01-07,23.48,Completed
ORD04616,BR001,2026-01-07,18.28,Completed
ORD04813,BR002,2026-01-07,16.26,Completed
ORD04838,BR001,2026-01-07,15.68,Completed
ORD05671,BR004,2026-01-07,93.61,Completed
ORD06161,BR004,2026-01-07,62.96,Completed
ORD00763,BR004,2026-01-08,52.6,Completed
ORD00931,BR004,2026-01-08,113.74,Completed
ORD01622,BR002,2026-01-08,50.23,Completed
ORD01852,BR002,2026-01-08,16.47,Completed
ORD02310,BR004,2026-01-08,14.3,Completed
ORD02749,BR001,2026-01-08,49.62,Completed
ORD03200,BR004,2026-01-08,11.87,Completed
ORD03369,BR003,2026-01-08,15.48,Completed
ORD03526,BR003,2026-01-08,33.93,Completed
ORD03908,BR001,2026-01-08,20.8,Completed
ORD04193,BR004,2026-01-08,62.23,Completed
ORD04323,BR002,2026-01-08,23.48,Completed
ORD04397,BR002,2026-01-08,112.48,Completed
ORD05552,BR004,2026-01-08,44.08,Completed
ORD05661,BR003,2026-01-08,36.74,Completed
ORD05734,BR001,2026-01-08,37.73,Completed
ORD06289,BR004,2026-01-08,68.1,Completed
ORD06748,BR004,2026-01-08,111.92,Completed
ORD00310,BR003,2026-01-09,21.03,Completed
ORD01428,BR003,2026-01-09,45.78,Completed
ORD01804,BR001,2026-01-09,35.93,Completed
ORD01833,BR004,2026-01-09,46.38,Completed
ORD02706,BR004,2026-01-09,35.22,Completed
ORD03019,BR002,2026-01-09,67.06,Completed
ORD04074,BR003,2026-01-09,17.77,Completed
ORD04489,BR003,2026-01-09,116.1,Completed
ORD04924,BR002,2026-01-09,47.34,Completed
ORD05711,BR002,2026-01-09,32.94,Completed
ORD06547,BR003,2026-01-09,32.49,Completed
ORD00187,BR003,2026-01-10,44.8,Completed
ORD00748,BR001,2026-01-10,32.3,Completed
ORD01537,BR002,2026-01-10,100.49,Completed
ORD01873,BR004,2026-01-10,69.8,Completed
ORD02320,BR003,2026-01-10,31.44,Completed
ORD02561,BR001,2026-01-10,31.5,Completed
ORD03224,BR002,2026-01-10,15.68,Completed
ORD03357,BR003,2026-01-10,53.31,Completed
ORD03412,BR003,2026-01-10,32.25,Completed
ORD03947,BR003,2026-01-10,6.05,Completed
ORD04062,BR001,2026-01-10,21.76,Completed
ORD04452,BR002,2026-01-10,38.02,Completed
ORD04710,BR003,2026-01-10,68.8,Completed
ORD04938,BR001,2026-01-10,13.73,Completed
ORD05413,BR001,2026-01-10,61.5,Completed
ORD00833,BR004,2026-01-11,27.46,Completed
ORD01959,BR001,2026-01-11,14.72,Completed
ORD02056,BR002,2026-01-11,57.88,Completed
ORD02582,BR003,2026-01-11,18.85,Completed
ORD02981,BR002,2026-01-11,32.94,Completed
ORD04351,BR001,2026-01-11,17.28,Completed
ORD04388,BR003,2026-01-11,35.54,Completed
ORD04626,BR002,2026-01-11,23.11,Completed
ORD04668,BR004,2026-01-11,44.68,Completed
ORD04735,BR003,2026-01-11,106.53,Completed
ORD05593,BR002,2026-01-11,16.95,Completed
ORD05887,BR003,2026-01-11,52.92,Completed
ORD06035,BR002,2026-01-11,82.79,Completed
ORD06254,BR002,2026-01-11,61.15,Completed
ORD06604,BR001,2026-01-11,39.89,Completed
ORD06666,BR002,2026-01-11,26.79,Completed
ORD00473,BR003,2026-01-12,86.19,Completed
ORD01299,BR003,2026-01-12,18.28,Completed
ORD01457,BR004,2026-01-12,31.89,Completed
ORD01553,BR001,2026-01-12,20.08,Completed
ORD03621,BR001,2026-01-12,18.37,Completed
ORD03785,BR003,2026-01-12,111.09,Completed
ORD04390,BR004,2026-01-12,17.74,Completed
ORD05268,BR004,2026-01-12,34.92,Completed
ORD06539,BR001,2026-01-12,36.66,Completed
ORD00367,BR004,2026-01-13,31.08,Completed
ORD01325,BR003,2026-01-13,44.29,Completed
ORD03375,BR001,2026-01-13,72.68,Completed
ORD03489,BR002,2026-01-13,34.92,Completed
ORD03943,BR001,2026-01-13,12.1,Completed
ORD00360,BR001,2026-01-14,25.47,Completed
ORD00492,BR002,2026-01-14,65.28,Completed
ORD00684,BR003,2026-01-14,95.19,Completed
ORD01385,BR002,2026-01-14,18.15,Completed
ORD01787,BR002,2026-01-14,6.74,Completed
ORD02685,BR003,2026-01-14,22.83,Completed
ORD03866,BR004,2026-01-14,23.02,Completed
ORD04308,BR004,2026-01-14,20.9,Completed
ORD04716,BR002,2026-01-14,74.08,Completed
ORD05459,BR004,2026-01-14,31.44,Completed
ORD05861,BR001,2026-01-14,37.26,Completed
ORD00124,BR001,2026-01-15,103.55,Completed
ORD01308,BR002,2026-01-15,42.08,Completed
ORD01592,BR004,2026-01-15,35.3,Completed
ORD01619,BR002,2026-01-15,65.28,Completed
ORD01962,BR004,2026-01-15,50.31,Completed
ORD02274,BR002,2026-01-15,51.54,Completed
ORD02852,BR004,2026-01-15,58.44,Completed
ORD02990,BR003,2026-01-15,67.22,Completed
ORD03144,BR002,2026-01-15,34.92,Completed
ORD04276,BR004,2026-01-15,86.38,Completed
ORD04802,BR004,2026-01-15,14.72,Completed
ORD04885,BR001,2026-01-15,42.38,Completed
ORD05238,BR004,2026-01-15,81.03,Completed
ORD05589,BR002,2026-01-15,30.52,Completed
ORD06197,BR002,2026-01-15,36.66,Completed
ORD06606,BR003,2026-01-15,22.04,Completed
ORD06729,BR001,2026-01-15,108.56,Completed
ORD06849,BR003,2026-01-15,26.62,Completed
ORD00250,BR003,2026-01-16,10.31,Completed
ORD00616,BR003,2026-01-16,55.11,Completed
ORD00670,BR004,2026-01-16,53.31,Completed
ORD01601,BR002,2026-01-16,52.91,Completed
ORD02062,BR002,2026-01-16,33.0,Completed
ORD02460,BR004,2026-01-16,50.98,Completed
ORD03309,BR003,2026-01-16,16.47,Completed
ORD04642,BR001,2026-01-16,29.44,Completed
ORD05211,BR003,2026-01-16,72.98,Completed
ORD06205,BR004,2026-01-16,33.9,Completed
ORD06353,BR003,2026-01-16,46.62,Completed
ORD00036,BR004,2026-01-17,20.8,Completed
ORD00064,BR001,2026-01-17,29.92,Completed
ORD00226,BR002,2026-01-17,43.04,Completed
ORD00385,BR003,2026-01-17,69.97,Completed
ORD01468,BR001,2026-01-17,92.54,Completed
ORD03094,BR001,2026-01-17,52.09,Completed
ORD03298,BR001,2026-01-17,20.08,Completed
ORD04231,BR002,2026-01-17,80.99,Completed
ORD05059,BR004,2026-01-17,30.93,Completed
ORD05323,BR004,2026-01-17,15.37,Completed
ORD05421,BR003,2026-01-17,52.17,Completed
ORD05461,BR002,2026-01-17,55.73,Completed
ORD05747,BR002,2026-01-17,12.8,Completed
ORD06046,BR004,2026-01-17,59.08,Completed
ORD06221,BR003,2026-01-17,16.95,Completed
ORD06708,BR001,2026-01-17,13.48,Completed
ORD06929,BR004,2026-01-17,53.89,Completed
ORD00713,BR002,2026-01-18,24.57,Completed
ORD02105,BR001,2026-01-18,22.24,Completed
ORD02342,BR003,2026-01-18,61.36,Completed
ORD02912,BR003,2026-01-18,5.64,Completed
ORD03086,BR001,2026-01-18,61.84,Completed
ORD03249,BR001,2026-01-18,23.52,Completed
ORD04662,BR001,2026-01-18,46.32,Completed
ORD04677,BR001,2026-01-18,18.33,Completed
ORD05011,BR004,2026-01-18,7.15,Completed
ORD05157,BR003,2026-01-18,26.28,Completed
ORD05288,BR001,2026-01-18,24.57,Completed
ORD05371,BR004,2026-01-18,10.31,Completed
ORD06759,BR001,2026-01-18,82.65,Completed
ORD06776,BR002,2026-01-18,27.46,Completed
ORD06785,BR004,2026-01-18,24.98,Completed
ORD00237,BR003,2026-01-19,21.03,Completed
ORD00459,BR002,2026-01-19,46.62,Completed
ORD00546,BR002,2026-01-19,21.12,Completed
ORD00799,BR001,2026-01-19,21.03,Completed
ORD01168,BR003,2026-01-19,34.3,Completed
ORD01477,BR003,2026-01-19,21.03,Completed
ORD02095,BR002,2026-01-19,24.52,Completed
ORD02739,BR004,2026-01-19,53.0,Completed
ORD03467,BR001,2026-01-19,11.31,Completed
ORD06525,BR003,2026-01-19,13.97,Completed
ORD00223,BR004,2026-01-20,39.0,Completed
ORD01449,BR002,2026-01-20,24.57,Completed
ORD02548,BR003,2026-01-20,86.55,Completed
ORD04829,BR002,2026-01-20,124.26,Completed
ORD05970,BR001,2026-01-20,72.36,Completed
ORD06051,BR001,2026-01-20,43.14,Completed
ORD06795,BR001,2026-01-20,46.04,Completed
ORD00409,BR001,2026-01-21,65.28,Completed
ORD00429,BR004,2026-01-21,42.06,Completed
ORD00527,BR003,2026-01-21,48.34,Completed
ORD00915,BR004,2026-01-21,55.99,Completed
ORD01340,BR004,2026-01-21,35.07,Completed
ORD02769,BR004,2026-01-21,44.7,Completed
ORD03031,BR004,2026-01-21,36.18,Completed
ORD03588,BR002,2026-01-21,44.08,Completed
ORD03977,BR001,2026-01-21,8.63,Completed
ORD04032,BR003,2026-01-21,30.93,Completed
ORD04589,BR004,2026-01-21,10.84,Completed
ORD05067,BR003,2026-01-21,37.4,Completed
ORD06172,BR001,2026-01-21,17.28,Completed
ORD06329,BR001,2026-01-21,46.44,Completed
ORD06640,BR004,2026-01-21,11.31,Completed
ORD00795,BR003,2026-01-22,16.95,Completed
ORD01289,BR004,2026-01-22,16.92,Completed
ORD01506,BR004,2026-01-22,22.62,Completed
ORD02291,BR004,2026-01-22,19.8,Completed
ORD03731,BR004,2026-01-22,74.97,Completed
ORD04220,BR002,2026-01-22,46.33,Completed
ORD05295,BR002,2026-01-22,14.3,Completed
ORD05619,BR003,2026-01-22,99.03,Completed
ORD05714,BR002,2026-01-22,36.66,Completed
ORD06318,BR002,2026-01-22,46.44,Completed
ORD06730,BR001,2026-01-22,22.04,Completed
ORD06753,BR002,2026-01-22,53.22,Completed
ORD00047,BR002,2026-01-23,6.05,Completed
ORD00574,BR002,2026-01-23,70.56,Completed
ORD00942,BR003,2026-01-23,16.95,Completed
ORD01300,BR003,2026-01-23,89.85,Completed
ORD01681,BR001,2026-01-23,18.7,Completed
ORD02663,BR003,2026-01-23,51.04,Completed
ORD02669,BR001,2026-01-23,89.94,Completed
ORD04099,BR003,2026-01-23,18.33,Completed
ORD04419,BR001,2026-01-23,17.26,Completed
ORD04599,BR004,2026-01-23,11.31,Completed
ORD04851,BR003,2026-01-23,45.69,Completed
ORD05574,BR001,2026-01-23,11.64,Completed
ORD05906,BR002,2026-01-23,56.1,Completed
ORD05936,BR002,2026-01-23,45.7,Completed
ORD06693,BR002,2026-01-23,42.4,Completed
ORD00411,BR003,2026-01-24,37.0,Completed
ORD00477,BR003,2026-01-24,50.88,Completed
ORD01360,BR004,2026-01-24,20.25,Completed
ORD01447,BR001,2026-01-24,23.11,Completed
ORD01463,BR002,2026-01-24,31.53,Completed
ORD02337,BR003,2026-01-24,68.57,Completed
ORD03097,BR004,2026-01-24,59.44,Completed
ORD03635,BR004,2026-01-24,20.38,Completed
ORD04671,BR004,2026-01-24,51.26,Completed
ORD05390,BR004,2026-01-24,39.42,Completed
ORD05757,BR004,2026-01-24,22.8,Completed
ORD06086,BR002,2026-01-24,20.58,Completed
ORD00465,BR004,2026-01-25,10.84,Completed
ORD00805,BR003,2026-01-25,92.01,Completed
ORD01312,BR003,2026-01-25,40.78,Completed
ORD01971,BR001,2026-01-25,21.03,Completed
ORD02203,BR001,2026-01-25,60.24,Completed
ORD03322,BR001,2026-01-25,20.58,Completed
ORD04109,BR003,2026-01-25,29.81,Completed
ORD04449,BR004,2026-01-25,58.71,Completed
ORD05021,BR003,2026-01-25,7.15,Completed
ORD05046,BR003,2026-01-25,55.8,Completed
ORD00149,BR003,2026-01-26,61.14,Completed
ORD00293,BR001,2026-01-26,83.4,Completed
ORD01708,BR002,2026-01-26,16.34,Completed
ORD02576,BR004,2026-01-26,26.68,Completed
ORD02792,BR003,2026-01-26,35.41,Completed
ORD03804,BR002,2026-01-26,95.78,Completed
ORD03867,BR002,2026-01-26,23.74,Completed
ORD03916,BR002,2026-01-26,64.24,Completed
ORD04343,BR001,2026-01-26,41.19,Completed
ORD04643,BR003,2026-01-26,15.09,Completed
ORD05109,BR001,2026-01-26,31.44,Completed
ORD05814,BR004,2026-01-26,42.06,Completed
ORD05838,BR003,2026-01-26,84.12,Completed
ORD06356,BR004,2026-01-26,49.41,Completed
ORD06542,BR004,2026-01-26,23.52,Completed
ORD06609,BR004,2026-01-26,64.41,Completed
ORD06665,BR002,2026-01-26,6.05,Completed
ORD06808,BR003,2026-01-26,93.47,Completed
ORD06925,BR004,2026-01-26,36.74,Completed
ORD00319,BR002,2026-01-27,25.89,Completed
ORD00422,BR003,2026-01-27,48.78,Completed
ORD00974,BR001,2026-01-27,29.7,Completed
ORD01439,BR002,2026-01-27,65.17,Completed
ORD01715,BR004,2026-01-27,54.74,Completed
ORD01999,BR001,2026-01-27,43.89,Completed
ORD03015,BR003,2026-01-27,5.64,Completed
ORD03452,BR002,2026-01-27,6.05,Completed
ORD04550,BR002,2026-01-27,51.16,Completed
ORD05406,BR004,2026-01-27,46.44,Completed
ORD05472,BR004,2026-01-27,51.83,Completed
ORD06150,BR004,2026-01-27,31.44,Completed
ORD06885,BR004,2026-01-27,11.68,Completed
ORD00770,BR001,2026-01-28,45.19,Completed
ORD00780,BR001,2026-01-28,81.58,Completed
ORD00937,BR001,2026-01-28,18.37,Completed
ORD01046,BR004,2026-01-28,108.42,Completed
ORD01150,BR004,2026-01-28,18.37,Completed
ORD02287,BR002,2026-01-28,17.28,Completed
ORD03583,BR001,2026-01-28,115.56,Completed
ORD04384,BR004,2026-01-28,20.25,Completed
ORD04386,BR004,2026-01-28,69.06,Completed
ORD04608,BR001,2026-01-28,12.8,Completed
ORD04944,BR001,2026-01-28,29.36,Completed
ORD05938,BR004,2026-01-28,10.31,Completed
ORD06233,BR002,2026-01-28,60.24,Completed
ORD06314,BR001,2026-01-28,28.59,Completed
ORD06799,BR004,2026-01-28,74.61,Completed
ORD01465,BR003,2026-01-29,25.92,Completed
ORD02627,BR002,2026-01-29,30.26,Completed
ORD02652,BR002,2026-01-29,61.87,Completed
ORD02854,BR002,2026-01-29,20.58,Completed
ORD03067,BR001,2026-01-29,35.08,Completed
ORD03705,BR002,2026-01-29,12.49,Completed
ORD04219,BR001,2026-01-29,18.37,Completed
ORD05605,BR003,2026-01-29,5.03,Completed
ORD06265,BR003,2026-01-29,50.97,Completed
ORD06311,BR001,2026-01-29,27.4,Completed
ORD06844,BR004,2026-01-29,13.72,Completed
ORD00876,BR002,2026-01-30,43.41,Completed
ORD00935,BR001,2026-01-30,11.31,Completed
ORD01373,BR001,2026-01-30,6.75,Completed
ORD01404,BR004,2026-01-30,39.42,Completed
ORD01707,BR001,2026-01-30,57.45,Completed
ORD04296,BR004,2026-01-30,55.26,Completed
ORD04817,BR004,2026-01-30,9.14,Completed
ORD05941,BR002,2026-01-30,39.42,Completed
ORD06133,BR004,2026-01-30,50.46,Completed
ORD01363,BR004,2026-01-31,42.38,Completed
ORD02373,BR001,2026-01-31,115.88,Completed
ORD04741,BR002,2026-01-31,66.47,Completed
ORD05969,BR002,2026-01-31,60.24,Completed
ORD01154,BR003,2026-02-01,20.38,Completed
ORD01541,BR001,2026-02-01,23.38,Completed
ORD02207,BR004,2026-02-01,63.48,Completed
ORD02535,BR004,2026-02-01,44.24,Completed
ORD03456,BR004,2026-02-01,31.44,Completed
ORD04134,BR002,2026-02-01,43.23,Completed
ORD05030,BR002,2026-02-01,63.57,Completed
ORD06673,BR003,2026-02-01,38.23,Completed
ORD06940,BR004,2026-02-01,10.06,Completed
ORD00486,BR004,2026-02-02,66.44,Completed
ORD01628,BR002,2026-02-02,20.14,Completed
ORD02051,BR002,2026-02-02,77.29,Completed
ORD02324,BR004,2026-02-02,32.94,Completed
ORD02840,BR004,2026-02-02,20.36,Completed
ORD04325,BR002,2026-02-02,17.28,Completed
ORD06198,BR001,2026-02-02,46.96,Completed
ORD06226,BR004,2026-02-02,74.39,Completed
ORD06248,BR004,2026-02-02,20.08,Completed
ORD06976,BR002,2026-02-02,81.36,Completed
ORD00941,BR003,2026-02-03,20.58,Completed
ORD01163,BR003,2026-02-03,61.17,Completed
ORD01186,BR004,2026-02-03,29.7,Completed
ORD01657,BR004,2026-02-03,53.31,Completed
ORD02240,BR003,2026-02-03,16.95,Completed
ORD02360,BR002,2026-02-03,14.7,Completed
ORD02425,BR001,2026-02-03,15.09,Completed
ORD02601,BR002,2026-02-03,39.42,Completed
ORD03409,BR001,2026-02-03,42.06,Completed
ORD03844,BR001,2026-02-03,33.47,Completed
ORD04108,BR002,2026-02-03,25.93,Completed
ORD04282,BR002,2026-02-03,80.89,Completed
ORD05647,BR001,2026-02-03,34.59,Completed
ORD05653,BR004,2026-02-03,26.28,Completed
ORD00255,BR004,2026-02-04,31.44,Completed
ORD00436,BR001,2026-02-04,40.78,Completed
ORD01921,BR001,2026-02-04,24.98,Completed
ORD02827,BR003,2026-02-04,38.37,Completed
ORD03290,BR001,2026-02-04,14.3,Completed
ORD03875,BR001,2026-02-04,16.95,Completed
ORD04089,BR004,2026-02-04,10.84,Completed
ORD04866,BR001,2026-02-04,70.71,Completed
ORD05353,BR002,2026-02-04,45.2,Completed
ORD05601,BR003,2026-02-04,29.02,Completed
ORD06009,BR002,2026-02-04,42.06,Completed
ORD06416,BR001,2026-02-04,53.04,Completed
ORD00038,BR002,2026-02-05,52.99,Completed
ORD00665,BR004,2026-02-05,31.08,Completed
ORD02451,BR002,2026-02-05,27.42,Completed
ORD03679,BR004,2026-02-05,66.78,Completed
ORD04006,BR003,2026-02-05,35.54,Completed
ORD04376,BR001,2026-02-05,18.33,Completed
ORD05729,BR001,2026-02-05,6.4,Completed
ORD06385,BR004,2026-02-05,52.2,Completed
ORD06431,BR003,2026-02-05,48.2,Completed
ORD06956,BR003,2026-02-05,64.3,Completed
ORD00696,BR001,2026-02-06,22.04,Completed
ORD01214,BR003,2026-02-06,20.39,Completed
ORD01256,BR004,2026-02-06,9.14,Completed
ORD01554,BR001,2026-02-06,73.02,Completed
ORD03811,BR001,2026-02-06,75.19,Completed
ORD03829,BR002,2026-02-06,46.58,Completed
ORD03854,BR002,2026-02-06,20.22,Completed
ORD04572,BR002,2026-02-06,46.28,Completed
ORD04732,BR004,2026-02-06,31.09,Completed
ORD05110,BR001,2026-02-06,78.94,Completed
ORD05167,BR004,2026-02-06,66.12,Completed
ORD05825,BR002,2026-02-06,61.31,Completed
ORD01484,BR002,2026-02-07,37.24,Completed
ORD01645,BR001,2026-02-07,50.82,Completed
ORD02108,BR002,2026-02-07,47.55,Completed
ORD02197,BR004,2026-02-07,46.34,Completed
ORD02942,BR001,2026-02-07,64.71,Completed
ORD03738,BR002,2026-02-07,8.63,Completed
ORD04378,BR002,2026-02-07,22.8,Completed
ORD04450,BR002,2026-02-07,21.92,Completed
ORD04518,BR002,2026-02-07,98.01,Completed
ORD04926,BR001,2026-02-07,31.08,Completed
ORD05726,BR001,2026-02-07,23.74,Completed
ORD05837,BR001,2026-02-07,37.53,Completed
ORD05841,BR004,2026-02-07,66.65,Completed
ORD06443,BR001,2026-02-07,46.04,Completed
ORD06474,BR001,2026-02-07,15.09,Completed
ORD06933,BR004,2026-02-07,56.1,Completed
ORD06987,BR003,2026-02-07,69.06,Completed
ORD00177,BR004,2026-02-08,15.26,Completed
ORD00539,BR003,2026-02-08,35.61,Completed
ORD00545,BR004,2026-02-08,28.56,Completed
ORD00760,BR003,2026-02-08,97.64,Completed
ORD01188,BR003,2026-02-08,23.02,Completed
ORD01757,BR001,2026-02-08,13.14,Completed
ORD03396,BR001,2026-02-08,19.8,Completed
ORD03585,BR001,2026-02-08,37.22,Completed
ORD04027,BR004,2026-02-08,27.94,Completed
ORD04028,BR001,2026-02-08,49.14,Completed
ORD05069,BR004,2026-02-08,91.01,Completed
ORD05690,BR001,2026-02-08,5.03,Completed
ORD00018,BR002,2026-02-09,86.55,Completed
ORD01649,BR002,2026-02-09,20.8,Completed
ORD01840,BR001,2026-02-09,74.71,Completed
ORD01926,BR002,2026-02-09,23.48,Completed
ORD02323,BR004,2026-02-09,35.04,Completed
ORD03312,BR003,2026-02-09,106.06,Completed
ORD04260,BR004,2026-02-09,6.74,Completed
ORD04291,BR002,2026-02-09,40.78,Completed
ORD04684,BR001,2026-02-09,58.68,Completed
ORD04975,BR001,2026-02-09,9.9,Completed
ORD05123,BR002,2026-02-09,29.44,Completed
ORD05150,BR003,2026-02-09,27.42,Completed
ORD06406,BR003,2026-02-09,51.3,Completed
ORD00220,BR003,2026-02-10,40.42,Completed
ORD00769,BR003,2026-02-10,54.01,Completed
ORD01095,BR002,2026-02-10,31.44,Completed
ORD01225,BR004,2026-02-10,15.95,Completed
ORD01244,BR003,2026-02-10,57.49,Completed
ORD01549,BR002,2026-02-10,47.29,Completed
ORD01640,BR004,2026-02-10,46.64,Completed
ORD02019,BR002,2026-02-10,49.02,Completed
ORD02097,BR003,2026-02-10,68.22,Completed
ORD02430,BR003,2026-02-10,52.2,Completed
ORD02473,BR004,2026-02-10,39.25,Completed
ORD03205,BR003,2026-02-10,30.51,Completed
ORD03266,BR004,2026-02-10,35.22,Completed
ORD03415,BR003,2026-02-10,43.96,Completed
ORD03856,BR004,2026-02-10,74.49,Completed
ORD04972,BR004,2026-02-10,44.08,Completed
ORD05462,BR002,2026-02-10,75.98,Completed
ORD05471,BR001,2026-02-10,30.93,Completed
ORD05786,BR001,2026-02-10,68.4,Completed
ORD06614,BR003,2026-02-10,12.49,Completed
ORD06947,BR002,2026-02-10,86.16,Completed
ORD00375,BR004,2026-02-11,32.94,Completed
ORD00493,BR001,2026-02-11,39.42,Completed
ORD00506,BR002,2026-02-11,18.22,Completed
ORD02259,BR001,2026-02-11,39.39,Completed
ORD02422,BR004,2026-02-11,13.73,Completed
ORD02816,BR002,2026-02-11,13.66,Completed
ORD02861,BR002,2026-02-11,19.8,Completed
ORD02946,BR004,2026-02-11,52.64,Completed
ORD04144,BR001,2026-02-11,112.44,Completed
ORD04527,BR003,2026-02-11,32.16,Completed
ORD04874,BR003,2026-02-11,34.36,Completed
ORD05476,BR003,2026-02-11,79.71,Completed
ORD06662,BR004,2026-02-11,6.4,Completed
ORD00850,BR003,2026-02-12,29.16,Completed
ORD00932,BR003,2026-02-12,47.79,Completed
ORD01403,BR003,2026-02-12,23.22,Completed
ORD01781,BR001,2026-02-12,34.36,Completed
ORD04063,BR001,2026-02-12,6.74,Completed
ORD06098,BR001,2026-02-12,55.11,Completed
ORD06263,BR002,2026-02-12,22.62,Completed
ORD00305,BR002,2026-02-13,24.9,Completed
ORD00335,BR004,2026-02-13,16.47,Completed
ORD00880,BR004,2026-02-13,57.32,Completed
ORD01989,BR003,2026-02-13,42.06,Completed
ORD04913,BR004,2026-02-13,6.4,Completed
ORD05114,BR001,2026-02-13,55.72,Completed
ORD05475,BR001,2026-02-13,29.7,Completed
ORD06336,BR002,2026-02-13,27.19,Completed
ORD06927,BR002,2026-02-13,117.51,Completed
ORD06954,BR003,2026-02-13,27.06,Completed
ORD01196,BR002,2026-02-14,18.33,Completed
ORD02541,BR003,2026-02-14,71.37,Completed
ORD02615,BR002,2026-02-14,31.39,Completed
ORD02630,BR004,2026-02-14,13.97,Completed
ORD04966,BR001,2026-02-14,23.22,Completed
ORD06033,BR001,2026-02-14,39.69,Completed
ORD06326,BR003,2026-02-14,13.5,Completed
ORD06498,BR003,2026-02-14,42.06,Completed
ORD06506,BR003,2026-02-14,69.51,Completed
ORD00145,BR003,2026-02-15,66.65,Completed
ORD00438,BR002,2026-02-15,52.04,Completed
ORD00773,BR004,2026-02-15,37.4,Completed
ORD00921,BR003,2026-02-15,23.52,Completed
ORD00996,BR001,2026-02-15,40.76,Completed
ORD01584,BR002,2026-02-15,84.32,Completed
ORD02621,BR003,2026-02-15,54.42,Completed
ORD02793,BR002,2026-02-15,24.57,Completed
ORD03199,BR001,2026-02-15,6.86,Completed
ORD04131,BR003,2026-02-15,31.97,Completed
ORD04221,BR003,2026-02-15,32.02,Completed
ORD04284,BR001,2026-02-15,25.92,Completed
ORD05240,BR002,2026-02-15,6.86,Completed
ORD05802,BR001,2026-02-15,36.24,Completed
ORD06192,BR004,2026-02-15,45.32,Completed
ORD06295,BR001,2026-02-15,75.52,Completed
ORD06752,BR004,2026-02-15,34.91,Completed
ORD01016,BR003,2026-02-16,11.74,Completed
ORD01146,BR002,2026-02-16,99.18,Completed
ORD04280,BR004,2026-02-16,54.99,Completed
ORD04839,BR004,2026-02-16,25.92,Completed
ORD06018,BR002,2026-02-16,39.02,Completed
ORD06034,BR002,2026-02-16,22.04,Completed
ORD06194,BR002,2026-02-16,15.26,Completed
ORD06347,BR003,2026-02-16,17.77,Completed
ORD01333,BR004,2026-02-17,41.6,Completed
ORD01568,BR004,2026-02-17,43.69,Completed
ORD01641,BR003,2026-02-17,30.52,Completed
ORD02192,BR004,2026-02-17,47.16,Completed
ORD02418,BR001,2026-02-17,20.39,Completed
ORD02505,BR001,2026-02-17,99.18,Completed
ORD02799,BR002,2026-02-17,17.26,Completed
ORD03330,BR003,2026-02-17,33.93,Completed
ORD04553,BR003,2026-02-17,32.75,Completed
ORD04865,BR004,2026-02-17,9.9,Completed
ORD05419,BR002,2026-02-17,108.33,Completed
ORD00088,BR002,2026-02-18,38.48,Completed
ORD02859,BR002,2026-02-18,17.9,Completed
ORD03325,BR004,2026-02-18,34.68,Completed
ORD03897,BR002,2026-02-18,5.64,Completed
ORD04787,BR002,2026-02-18,18.15,Completed
ORD04837,BR001,2026-02-18,26.66,Completed
ORD06063,BR003,2026-02-18,5.76,Completed
ORD06152,BR002,2026-02-18,13.48,Completed
ORD06223,BR004,2026-02-18,36.48,Completed
ORD06267,BR002,2026-02-18,62.49,Completed
ORD06874,BR004,2026-02-18,31.95,Completed
ORD06883,BR001,2026-02-18,13.5,Completed
ORD00004,BR002,2026-02-19,63.57,Completed
ORD01189,BR002,2026-02-19,78.29,Completed
ORD01252,BR001,2026-02-19,35.22,Completed
ORD02742,BR001,2026-02-19,44.08,Completed
ORD04010,BR004,2026-02-19,10.06,Completed
ORD05515,BR003,2026-02-19,26.28,Completed
ORD05991,BR001,2026-02-19,34.76,Completed
ORD06182,BR004,2026-02-19,63.81,Completed
ORD06558,BR002,2026-02-19,54.33,Completed
ORD06973,BR002,2026-02-19,14.59,Completed
ORD00330,BR001,2026-02-20,30.43,Completed
ORD00668,BR002,2026-02-20,68.4,Completed
ORD00755,BR004,2026-02-20,20.8,Completed
ORD01834,BR004,2026-02-20,21.19,Completed
ORD02130,BR002,2026-02-20,44.08,Completed
ORD02175,BR003,2026-02-20,39.42,Completed
ORD02177,BR001,2026-02-20,61.17,Completed
ORD02506,BR003,2026-02-20,6.4,Completed
ORD02715,BR002,2026-02-20,34.66,Completed
ORD03242,BR001,2026-02-20,65.27,Completed
ORD04068,BR002,2026-02-20,45.6,Completed
ORD05259,BR001,2026-02-20,42.0,Completed
ORD05952,BR004,2026-02-20,16.92,Completed
ORD06331,BR001,2026-02-20,47.91,Completed
ORD06541,BR001,2026-02-20,18.03,Completed
ORD06639,BR001,2026-02-20,13.72,Completed
ORD00110,BR004,2026-02-21,63.38,Completed
ORD00113,BR001,2026-02-21,61.17,Completed
ORD00370,BR003,2026-02-21,68.4,Completed
ORD00922,BR004,2026-02-21,84.36,Completed
ORD02857,BR004,2026-02-21,13.5,Completed
ORD04179,BR001,2026-02-21,49.13,Completed
ORD04444,BR002,2026-02-21,20.38,Completed
ORD04644,BR003,2026-02-21,62.64,Completed
ORD04688,BR002,2026-02-21,10.79,Completed
ORD05679,BR002,2026-02-21,29.95,Completed
ORD06742,BR004,2026-02-21,17.77,Completed
ORD06886,BR003,2026-02-21,43.6,Completed
ORD00654,BR001,2026-02-22,16.26,Completed
ORD00800,BR001,2026-02-22,26.28,Completed
ORD01820,BR004,2026-02-22,33.71,Completed
ORD02138,BR002,2026-02-22,9.14,Completed
ORD02379,BR002,2026-02-22,69.66,Completed
ORD02780,BR001,2026-02-22,89.86,Completed
ORD03658,BR004,2026-02-22,53.59,Completed
ORD03974,BR003,2026-02-22,11.74,Completed
ORD04496,BR004,2026-02-22,43.94,Completed
ORD05273,BR001,2026-02-22,44.08,Completed
ORD05355,BR001,2026-02-22,37.4,Completed
ORD06664,BR004,2026-02-22,17.77,Completed
ORD00359,BR002,2026-02-23,14.39,Completed
ORD00514,BR001,2026-02-23,49.55,Completed
ORD01518,BR002,2026-02-23,66.13,Completed
ORD01980,BR003,2026-02-23,38.5,Completed
ORD02061,BR002,2026-02-23,53.0,Completed
ORD02132,BR001,2026-02-23,77.42,Completed
ORD02778,BR003,2026-02-23,46.54,Completed
ORD02881,BR001,2026-02-23,59.84,Completed
ORD03761,BR001,2026-02-23,50.94,Completed
ORD04699,BR004,2026-02-23,9.14,Completed
ORD05866,BR001,2026-02-23,13.72,Completed
ORD05945,BR003,2026-02-23,11.74,Completed
ORD06262,BR002,2026-02-23,53.31,Completed
ORD06370,BR003,2026-02-23,15.09,Completed
ORD00008,BR003,2026-02-24,44.39,Completed
ORD00200,BR002,2026-02-24,50.85,Completed
ORD00269,BR002,2026-02-24,13.73,Completed
ORD01544,BR001,2026-02-24,35.61,Completed
ORD01922,BR001,2026-02-24,57.01,Completed
ORD02073,BR003,2026-02-24,51.02,Completed
ORD03860,BR002,2026-02-24,61.86,Completed
ORD04177,BR002,2026-02-24,43.24,Completed
ORD05291,BR002,2026-02-24,89.95,Completed
ORD00958,BR002,2026-02-25,12.8,Completed
ORD00982,BR002,2026-02-25,34.05,Completed
ORD02397,BR003,2026-02-25,11.52,Completed
ORD03672,BR003,2026-02-25,30.44,Completed
ORD04674,BR004,2026-02-25,23.48,Completed
ORD04848,BR001,2026-02-25,5.64,Completed
ORD04872,BR003,2026-02-25,48.2,Completed
ORD05881,BR002,2026-02-25,30.52,Completed
ORD06428,BR003,2026-02-25,21.03,Completed
ORD00244,BR002,2026-02-26,49.41,Completed
ORD00281,BR001,2026-02-26,51.37,Completed
ORD00804,BR003,2026-02-26,22.8,Completed
ORD00989,BR002,2026-02-26,34.14,Completed
ORD01934,BR003,2026-02-26,7.15,Completed
ORD03076,BR004,2026-02-26,40.76,Completed
ORD03945,BR001,2026-02-26,71.15,Completed
ORD04248,BR001,2026-02-26,17.26,Completed
ORD04632,BR001,2026-02-26,23.11,Completed
ORD04816,BR002,2026-02-26,11.52,Completed
ORD05590,BR004,2026-02-26,55.11,Completed
ORD00394,BR002,2026-02-27,7.15,Completed
ORD00600,BR004,2026-02-27,76.82,Completed
ORD01556,BR002,2026-02-27,11.31,Completed
ORD02515,BR004,2026-02-27,83.63,Completed
ORD04875,BR002,2026-02-27,43.67,Completed
ORD04990,BR001,2026-02-27,54.32,Completed
ORD05361,BR001,2026-02-27,70.35,Completed
ORD05415,BR002,2026-02-27,33.9,Completed
ORD05425,BR001,2026-02-27,66.98,Completed
ORD05766,BR001,2026-02-27,51.68,Completed
ORD06980,BR004,2026-02-27,7.84,Completed
ORD00591,BR003,2026-02-28,63.34,Completed
ORD01586,BR003,2026-02-28,13.97,Completed
ORD01831,BR004,2026-02-28,45.21,Completed
ORD02128,BR002,2026-02-28,36.7,Completed
ORD02346,BR001,2026-02-28,23.11,Completed
ORD02607,BR001,2026-02-28,31.44,Completed
ORD02656,BR004,2026-02-28,24.98,Completed
ORD02888,BR003,2026-02-28,53.72,Completed
ORD02906,BR004,2026-02-28,62.4,Completed
ORD05756,BR002,2026-02-28,39.03,Completed
ORD05767,BR002,2026-02-28,22.49,Completed
ORD06266,BR003,2026-02-28,12.8,Completed
ORD06884,BR004,2026-02-28,12.96,Completed
ORD04247,BR004,2026-03-01,38.88,Completed
ORD04485,BR001,2026-03-01,21.98,Completed
ORD04770,BR004,2026-03-01,69.97,Completed
ORD04920,BR002,2026-03-01,41.77,Completed
ORD04964,BR001,2026-03-01,30.52,Completed
ORD05417,BR004,2026-03-01,56.68,Completed
ORD05546,BR004,2026-03-01,52.72,Completed
ORD00122,BR001,2026-03-02,48.23,Completed
ORD00309,BR001,2026-03-02,44.6,Completed
ORD00570,BR002,2026-03-02,7.84,Completed
ORD01488,BR003,2026-03-02,17.99,Completed
ORD02918,BR003,2026-03-02,86.34,Completed
ORD03925,BR004,2026-03-02,32.0,Completed
ORD05473,BR001,2026-03-02,11.87,Completed
ORD05625,BR001,2026-03-02,61.87,Completed
ORD05926,BR002,2026-03-02,11.64,Completed
ORD06247,BR002,2026-03-02,30.93,Completed
ORD06751,BR001,2026-03-02,65.28,Completed
ORD00180,BR001,2026-03-03,33.72,Completed
ORD00194,BR003,2026-03-03,51.54,Completed
ORD01343,BR003,2026-03-03,21.54,Completed
ORD01376,BR003,2026-03-03,17.77,Completed
ORD02085,BR003,2026-03-03,46.04,Completed
ORD04552,BR001,2026-03-03,40.16,Completed
ORD04855,BR001,2026-03-03,45.88,Completed
ORD00454,BR002,2026-03-04,72.43,Completed
ORD02007,BR001,2026-03-04,122.64,Completed
ORD02101,BR003,2026-03-04,66.84,Completed
ORD02383,BR002,2026-03-04,39.69,Completed
ORD02520,BR002,2026-03-04,60.32,Completed
ORD02941,BR004,2026-03-04,15.72,Completed
ORD03028,BR003,2026-03-04,9.9,Completed
ORD03236,BR004,2026-03-04,23.28,Completed
ORD05614,BR003,2026-03-04,35.61,Completed
ORD05780,BR004,2026-03-04,62.95,Completed
ORD00516,BR001,2026-03-05,18.28,Completed
ORD01011,BR002,2026-03-05,35.22,Completed
ORD01431,BR004,2026-03-05,17.18,Completed
ORD02516,BR004,2026-03-05,7.84,Completed
ORD03251,BR002,2026-03-05,34.36,Completed
ORD04994,BR001,2026-03-05,19.03,Completed
ORD05464,BR004,2026-03-05,84.19,Completed
ORD05674,BR001,2026-03-05,22.68,Completed
ORD06303,BR001,2026-03-05,84.4,Completed
ORD00972,BR003,2026-03-06,12.1,Completed
ORD01067,BR004,2026-03-06,63.57,Completed
ORD02625,BR003,2026-03-06,41.6,Completed
ORD02834,BR004,2026-03-06,11.68,Completed
ORD02952,BR001,2026-03-06,70.18,Completed
ORD03459,BR001,2026-03-06,74.97,Completed
ORD03629,BR004,2026-03-06,46.85,Completed
ORD03739,BR004,2026-03-06,49.83,Completed
ORD04259,BR002,2026-03-06,36.76,Completed
ORD04338,BR001,2026-03-06,111.9,Completed
ORD05041,BR001,2026-03-06,23.48,Completed
ORD05297,BR001,2026-03-06,8.63,Completed
ORD06487,BR003,2026-03-06,42.38,Completed
ORD06499,BR004,2026-03-06,46.44,Completed
ORD00781,BR002,2026-03-07,20.36,Completed
ORD01222,BR004,2026-03-07,19.72,Completed
ORD01801,BR004,2026-03-07,23.28,Completed
ORD01839,BR004,2026-03-07,18.15,Completed
ORD02538,BR002,2026-03-07,35.42,Completed
ORD03287,BR001,2026-03-07,20.58,Completed
ORD04901,BR002,2026-03-07,30.52,Completed
ORD05312,BR003,2026-03-07,42.06,Completed
ORD00169,BR004,2026-03-08,13.72,Completed
ORD01772,BR004,2026-03-08,50.85,Completed
ORD01875,BR002,2026-03-08,46.76,Completed
ORD01932,BR001,2026-03-08,7.84,Completed
ORD02573,BR003,2026-03-08,37.64,Completed
ORD03407,BR002,2026-03-08,43.17,Completed
ORD03506,BR003,2026-03-08,31.69,Completed
ORD06052,BR001,2026-03-08,16.26,Completed
ORD06686,BR001,2026-03-08,41.91,Completed
ORD00481,BR002,2026-03-09,75.96,Completed
ORD00595,BR003,2026-03-09,46.56,Completed
ORD00766,BR002,2026-03-09,45.78,Completed
ORD01293,BR004,2026-03-09,35.04,Completed
ORD02046,BR001,2026-03-09,15.72,Completed
ORD02176,BR004,2026-03-09,11.68,Completed
ORD02504,BR003,2026-03-09,45.6,Completed
ORD02620,BR002,2026-03-09,20.8,Completed
ORD02631,BR003,2026-03-09,86.38,Completed
ORD02936,BR002,2026-03-09,18.33,Completed
ORD03194,BR004,2026-03-09,20.62,Completed
ORD03411,BR001,2026-03-09,41.3,Completed
ORD04084,BR001,2026-03-09,22.8,Completed
ORD04462,BR002,2026-03-09,23.48,Completed
ORD05064,BR002,2026-03-09,18.33,Completed
ORD05598,BR002,2026-03-09,42.14,Completed
ORD06236,BR003,2026-03-09,42.34,Completed
ORD06482,BR002,2026-03-09,47.8,Completed
ORD01050,BR004,2026-03-10,87.99,Completed
ORD03564,BR003,2026-03-10,45.67,Completed
ORD04098,BR001,2026-03-10,52.71,Completed
ORD04125,BR004,2026-03-10,52.69,Completed
ORD04736,BR001,2026-03-10,54.26,Completed
ORD05205,BR001,2026-03-10,23.52,Completed
ORD05409,BR002,2026-03-10,45.6,Completed
ORD05594,BR003,2026-03-10,45.78,Completed
ORD06415,BR004,2026-03-10,63.09,Completed
ORD06562,BR001,2026-03-10,47.16,Completed
ORD06691,BR001,2026-03-10,26.57,Completed
ORD00466,BR002,2026-03-11,8.19,Completed
ORD00889,BR001,2026-03-11,46.44,Completed
ORD01229,BR004,2026-03-11,37.47,Completed
ORD01321,BR004,2026-03-11,10.06,Completed
ORD03405,BR001,2026-03-11,72.2,Completed
ORD04069,BR001,2026-03-11,11.64,Completed
ORD04341,BR003,2026-03-11,69.06,Completed
ORD04543,BR004,2026-03-11,39.8,Completed
ORD05090,BR001,2026-03-11,69.06,Completed
ORD05429,BR002,2026-03-11,23.05,Completed
ORD05494,BR003,2026-03-11,45.6,Completed
ORD05982,BR001,2026-03-11,62.28,Completed
ORD06069,BR002,2026-03-11,54.99,Completed
ORD00239,BR003,2026-03-12,107.73,Completed
ORD00331,BR002,2026-03-12,70.79,Completed
ORD01575,BR004,2026-03-12,18.7,Completed
ORD02659,BR003,2026-03-12,56.1,Completed
ORD02811,BR003,2026-03-12,46.28,Completed
ORD03395,BR003,2026-03-12,20.59,Completed
ORD03642,BR003,2026-03-12,64.96,Completed
ORD02491,BR003,2026-03-13,62.51,Completed
ORD03332,BR002,2026-03-13,63.67,Completed
ORD03619,BR004,2026-03-13,20.39,Completed
ORD03716,BR004,2026-03-13,23.27,Completed
ORD04877,BR001,2026-03-13,68.61,Completed
ORD00590,BR003,2026-03-14,63.09,Completed
ORD01033,BR004,2026-03-14,35.54,Completed
ORD01142,BR001,2026-03-14,70.14,Completed
ORD02021,BR002,2026-03-14,105.22,Completed
ORD02154,BR002,2026-03-14,42.5,Completed
ORD02225,BR001,2026-03-14,69.84,Completed
ORD02726,BR004,2026-03-14,33.93,Completed
ORD03191,BR002,2026-03-14,13.48,Completed
ORD03466,BR003,2026-03-14,69.66,Completed
ORD03579,BR003,2026-03-14,23.36,Completed
ORD04561,BR004,2026-03-14,46.04,Completed
ORD04782,BR001,2026-03-14,78.72,Completed
ORD05217,BR004,2026-03-14,59.51,Completed
ORD06114,BR003,2026-03-14,77.45,Completed
ORD06359,BR003,2026-03-14,19.8,Completed
ORD06644,BR001,2026-03-14,5.03,Completed
ORD06692,BR003,2026-03-14,35.02,Completed
ORD06811,BR004,2026-03-14,69.66,Completed
ORD06842,BR001,2026-03-14,80.49,Completed
ORD00017,BR003,2026-03-15,56.27,Completed
ORD00029,BR004,2026-03-15,47.16,Completed
ORD00728,BR004,2026-03-15,11.87,Completed
ORD01094,BR003,2026-03-15,13.72,Completed
ORD01103,BR002,2026-03-15,16.38,Completed
ORD01397,BR001,2026-03-15,46.22,Completed
ORD04016,BR001,2026-03-15,25.89,Completed
ORD04312,BR003,2026-03-15,42.38,Completed
ORD05953,BR004,2026-03-15,52.07,Completed
ORD06030,BR002,2026-03-15,7.15,Completed
ORD06085,BR004,2026-03-15,103.25,Completed
ORD06794,BR003,2026-03-15,46.32,Completed
ORD00139,BR003,2026-03-16,17.18,Completed
ORD01866,BR002,2026-03-16,62.12,Completed
ORD04611,BR004,2026-03-16,20.62,Completed
ORD04830,BR002,2026-03-16,48.85,Completed
ORD05126,BR002,2026-03-16,78.45,Completed
ORD05219,BR004,2026-03-16,31.44,Completed
ORD05696,BR004,2026-03-16,23.74,Completed
ORD06215,BR001,2026-03-16,46.04,Completed
ORD06344,BR004,2026-03-16,19.8,Completed
ORD00624,BR002,2026-03-17,22.62,Completed
ORD01354,BR002,2026-03-17,59.18,Completed
ORD01805,BR002,2026-03-17,71.28,Completed
ORD01830,BR002,2026-03-17,74.42,Completed
ORD01904,BR001,2026-03-17,27.79,Completed
ORD02226,BR004,2026-03-17,33.93,Completed
ORD02283,BR004,2026-03-17,26.03,Completed
ORD02377,BR001,2026-03-17,35.61,Completed
ORD02637,BR001,2026-03-17,39.42,Completed
ORD03612,BR004,2026-03-17,61.8,Completed
ORD03824,BR001,2026-03-17,106.56,Completed
ORD04767,BR003,2026-03-17,30.93,Completed
ORD04821,BR003,2026-03-17,81.42,Completed
ORD05345,BR002,2026-03-17,21.02,Completed
ORD05514,BR003,2026-03-17,24.57,Completed
ORD05670,BR004,2026-03-17,16.47,Completed
ORD06220,BR001,2026-03-17,11.74,Completed
ORD06348,BR002,2026-03-17,61.74,Completed
ORD06412,BR002,2026-03-17,14.93,Completed
ORD06660,BR002,2026-03-17,80.27,Completed
ORD06725,BR002,2026-03-17,44.08,Completed
ORD00517,BR003,2026-03-18,60.76,Completed
ORD00734,BR002,2026-03-18,61.17,Completed
ORD01234,BR001,2026-03-18,11.64,Completed
ORD01273,BR001,2026-03-18,29.75,Completed
ORD02041,BR004,2026-03-18,61.86,Completed
ORD02221,BR001,2026-03-18,45.79,Completed
ORD03656,BR004,2026-03-18,53.9,Completed
ORD04176,BR004,2026-03-18,41.1,Completed
ORD05086,BR004,2026-03-18,45.82,Completed
ORD05543,BR001,2026-03-18,40.04,Completed
ORD05635,BR003,2026-03-18,12.79,Completed
ORD06146,BR004,2026-03-18,32.94,Completed
ORD06757,BR004,2026-03-18,66.12,Completed
ORD00005,BR003,2026-03-19,12.8,Completed
ORD02768,BR003,2026-03-19,37.73,Completed
ORD02847,BR004,2026-03-19,12.96,Completed
ORD03129,BR004,2026-03-19,34.69,Completed
ORD03244,BR002,2026-03-19,7.84,Completed
ORD03316,BR004,2026-03-19,86.36,Completed
ORD03729,BR002,2026-03-19,74.38,Completed
ORD05037,BR002,2026-03-19,71.45,Completed
ORD05176,BR001,2026-03-19,38.77,Completed
ORD05340,BR001,2026-03-19,81.99,Completed
ORD05738,BR003,2026-03-19,63.34,Completed
ORD06305,BR003,2026-03-19,23.02,Completed
ORD00714,BR001,2026-03-20,29.41,Completed
ORD01691,BR004,2026-03-20,52.49,Completed
ORD02815,BR001,2026-03-20,65.28,Completed
ORD02954,BR004,2026-03-20,67.64,Completed
ORD03905,BR004,2026-03-20,15.09,Completed
ORD04279,BR003,2026-03-20,59.34,Completed
ORD04471,BR004,2026-03-20,31.33,Completed
ORD05620,BR001,2026-03-20,13.48,Completed
ORD06201,BR003,2026-03-20,61.13,Completed
ORD06413,BR001,2026-03-20,110.25,Completed
ORD06507,BR003,2026-03-20,5.64,Completed
ORD01220,BR003,2026-03-21,36.7,Completed
ORD01316,BR004,2026-03-21,35.61,Completed
ORD01957,BR001,2026-03-21,15.72,Completed
ORD02965,BR001,2026-03-21,62.4,Completed
ORD03270,BR002,2026-03-21,20.62,Completed
ORD03280,BR004,2026-03-21,5.76,Completed
ORD04148,BR003,2026-03-21,45.16,Completed
ORD04993,BR004,2026-03-21,42.06,Completed
ORD05811,BR003,2026-03-21,60.61,Completed
ORD06253,BR001,2026-03-21,38.77,Completed
ORD00043,BR004,2026-03-22,36.66,Completed
ORD00109,BR004,2026-03-22,12.1,Completed
ORD00660,BR004,2026-03-22,35.22,Completed
ORD00815,BR001,2026-03-22,41.02,Completed
ORD00854,BR001,2026-03-22,69.33,Completed
ORD01785,BR002,2026-03-22,138.72,Completed
ORD03513,BR001,2026-03-22,61.17,Completed
ORD04417,BR002,2026-03-22,13.48,Completed
ORD05212,BR004,2026-03-22,40.76,Completed
ORD05468,BR003,2026-03-22,51.1,Completed
ORD05580,BR001,2026-03-22,41.5,Completed
ORD06245,BR001,2026-03-22,5.76,Completed
ORD00208,BR003,2026-03-23,115.5,Completed
ORD00793,BR001,2026-03-23,32.04,Completed
ORD02974,BR004,2026-03-23,20.58,Completed
ORD03152,BR004,2026-03-23,18.28,Completed
ORD03339,BR002,2026-03-23,23.61,Completed
ORD03822,BR001,2026-03-23,33.93,Completed
ORD04024,BR003,2026-03-23,52.24,Completed
ORD04525,BR002,2026-03-23,78.27,Completed
ORD04864,BR004,2026-03-23,21.45,Completed
ORD02089,BR003,2026-03-24,29.67,Completed
ORD02779,BR004,2026-03-24,11.31,Completed
ORD02921,BR003,2026-03-24,17.18,Completed
ORD02993,BR002,2026-03-24,44.16,Completed
ORD03257,BR003,2026-03-24,49.16,Completed
ORD04258,BR002,2026-03-24,37.47,Completed
ORD05024,BR002,2026-03-24,20.29,Completed
ORD05097,BR003,2026-03-24,40.78,Completed
ORD05108,BR004,2026-03-24,99.53,Completed
ORD05315,BR002,2026-03-24,53.38,Completed
ORD05331,BR003,2026-03-24,74.33,Completed
ORD06080,BR001,2026-03-24,35.04,Completed
ORD06524,BR002,2026-03-24,41.19,Completed
ORD00090,BR001,2026-03-25,51.42,Completed
ORD00313,BR003,2026-03-25,27.94,Completed
ORD01806,BR004,2026-03-25,5.64,Completed
ORD02100,BR002,2026-03-25,86.7,Completed
ORD02141,BR004,2026-03-25,65.17,Completed
ORD02787,BR003,2026-03-25,42.5,Completed
ORD03331,BR003,2026-03-25,12.49,Completed
ORD03670,BR002,2026-03-25,11.31,Completed
ORD04363,BR002,2026-03-25,36.74,Completed
ORD04807,BR004,2026-03-25,56.06,Completed
ORD04886,BR004,2026-03-25,60.17,Completed
ORD05399,BR001,2026-03-25,60.33,Completed
ORD05835,BR004,2026-03-25,60.22,Completed
ORD06607,BR004,2026-03-25,54.51,Completed
ORD06833,BR003,2026-03-25,38.88,Completed
ORD00782,BR004,2026-03-26,15.26,Completed
ORD00882,BR004,2026-03-26,63.81,Completed
ORD01387,BR003,2026-03-26,49.41,Completed
ORD01526,BR002,2026-03-26,53.44,Completed
ORD01576,BR002,2026-03-26,55.56,Completed
ORD01748,BR001,2026-03-26,19.2,Completed
ORD02117,BR002,2026-03-26,8.19,Completed
ORD03371,BR003,2026-03-26,11.68,Completed
ORD04056,BR002,2026-03-26,24.76,Completed
ORD04161,BR002,2026-03-26,17.05,Completed
ORD05484,BR004,2026-03-26,74.54,Completed
ORD05772,BR003,2026-03-26,72.27,Completed
ORD06078,BR003,2026-03-26,27.94,Completed
ORD06141,BR002,2026-03-26,51.99,Completed
ORD06565,BR002,2026-03-26,21.76,Completed
ORD01182,BR004,2026-03-27,36.76,Completed
ORD01876,BR002,2026-03-27,73.02,Completed
ORD02069,BR002,2026-03-27,49.41,Completed
ORD02290,BR003,2026-03-27,37.4,Completed
ORD02421,BR002,2026-03-27,43.1,Completed
ORD02647,BR002,2026-03-27,54.43,Completed
ORD02808,BR004,2026-03-27,61.17,Completed
ORD04392,BR002,2026-03-27,67.89,Completed
ORD04492,BR001,2026-03-27,13.14,Completed
ORD04759,BR001,2026-03-27,45.6,Completed
ORD04765,BR003,2026-03-27,35.04,Completed
ORD04919,BR003,2026-03-27,63.68,Completed
ORD05117,BR001,2026-03-27,39.42,Completed
ORD05509,BR003,2026-03-27,23.05,Completed
ORD00001,BR002,2026-03-28,68.4,Completed
ORD00581,BR002,2026-03-28,30.81,Completed
ORD00933,BR003,2026-03-28,27.57,Completed
ORD02003,BR002,2026-03-28,7.84,Completed
ORD03313,BR002,2026-03-28,18.28,Completed
ORD03939,BR003,2026-03-28,22.62,Completed
ORD05610,BR002,2026-03-28,21.45,Completed
ORD05655,BR003,2026-03-28,47.22,Completed
ORD06156,BR001,2026-03-28,85.47,Completed
ORD01024,BR003,2026-03-29,20.25,Completed
ORD01065,BR004,2026-03-29,47.18,Completed
ORD01393,BR004,2026-03-29,47.96,Completed
ORD02995,BR002,2026-03-29,37.4,Completed
ORD03349,BR003,2026-03-29,42.06,Completed
ORD03798,BR004,2026-03-29,68.19,Completed
ORD03963,BR001,2026-03-29,16.47,Completed
ORD05575,BR003,2026-03-29,62.16,Completed
ORD06273,BR003,2026-03-29,113.94,Completed
ORD00317,BR002,2026-03-30,43.08,Completed
ORD01197,BR001,2026-03-30,20.11,Completed
ORD01344,BR003,2026-03-30,11.68,Completed
ORD01446,BR002,2026-03-30,20.22,Completed
ORD01514,BR002,2026-03-30,35.54,Completed
ORD01838,BR001,2026-03-30,54.88,Completed
ORD02459,BR004,2026-03-30,28.05,Completed
ORD03026,BR004,2026-03-30,21.03,Completed
ORD03088,BR002,2026-03-30,78.35,Completed
ORD03846,BR004,2026-03-30,6.4,Completed
ORD03958,BR001,2026-03-30,60.34,Completed
ORD05031,BR003,2026-03-30,30.52,Completed
ORD00984,BR004,2026-03-31,21.76,Completed
ORD02469,BR002,2026-03-31,56.1,Completed
ORD03323,BR001,2026-03-31,16.9,Completed
ORD03545,BR004,2026-03-31,21.19,Completed
ORD04687,BR002,2026-03-31,50.85,Completed
ORD05358,BR004,2026-03-31,20.22,Completed
ORD05538,BR002,2026-03-31,43.99,Completed
ORD05869,BR004,2026-03-31,63.57,Completed
ORD06054,BR001,2026-03-31,13.5,Completed
ORD06703,BR001,2026-03-31,45.42,Completed
ORD00288,BR001,2026-04-01,32.6,Completed
ORD00463,BR002,2026-04-01,52.19,Completed
ORD03034,BR004,2026-04-01,58.04,Completed
ORD03801,BR002,2026-04-01,23.04,Completed
ORD05051,BR002,2026-04-01,12.49,Completed
ORD05228,BR002,2026-04-01,21.03,Completed
ORD06255,BR002,2026-04-01,11.68,Completed
ORD06593,BR001,2026-04-01,8.63,Completed
ORD06678,BR001,2026-04-01,49.41,Completed
ORD00077,BR003,2026-04-02,31.09,Completed
ORD00615,BR001,2026-04-02,23.48,Completed
ORD01204,BR004,2026-04-02,5.42,Completed
ORD02467,BR003,2026-04-02,13.73,Completed
ORD02825,BR001,2026-04-02,38.02,Completed
ORD03196,BR001,2026-04-02,15.09,Completed
ORD03301,BR003,2026-04-02,51.09,Completed
ORD03847,BR002,2026-04-02,20.38,Completed
ORD03948,BR001,2026-04-02,10.06,Completed
ORD05527,BR002,2026-04-02,98.31,Completed
ORD05883,BR004,2026-04-02,11.64,Completed
ORD06239,BR002,2026-04-02,10.84,Completed
ORD06258,BR002,2026-04-02,71.37,Completed
ORD00274,BR001,2026-04-03,30.93,Completed
ORD00444,BR004,2026-04-03,26.28,Completed
ORD00617,BR004,2026-04-03,91.68,Completed
ORD01545,BR002,2026-04-03,58.42,Completed
ORD02358,BR004,2026-04-03,73.02,Completed
ORD03095,BR003,2026-04-03,38.08,Completed
ORD03188,BR003,2026-04-03,87.61,Completed
ORD03218,BR003,2026-04-03,13.14,Completed
ORD04153,BR004,2026-04-03,55.16,Completed
ORD01203,BR001,2026-04-04,51.92,Completed
ORD01529,BR003,2026-04-04,96.9,Completed
ORD03141,BR003,2026-04-04,8.19,Completed
ORD04101,BR003,2026-04-04,21.03,Completed
ORD04860,BR002,2026-04-04,47.16,Completed
ORD05571,BR002,2026-04-04,6.4,Completed
ORD06466,BR003,2026-04-04,19.02,Completed
ORD06695,BR002,2026-04-04,86.59,Completed
ORD06877,BR004,2026-04-04,43.6,Completed
ORD00911,BR003,2026-04-05,76.14,Completed
ORD01056,BR003,2026-04-05,51.04,Completed
ORD01345,BR001,2026-04-05,25.14,Completed
ORD01421,BR001,2026-04-05,20.74,Completed
ORD01602,BR002,2026-04-05,51.64,Completed
ORD02212,BR002,2026-04-05,93.18,Completed
ORD03049,BR002,2026-04-05,47.7,Completed
ORD03751,BR002,2026-04-05,20.62,Completed
ORD03896,BR003,2026-04-05,65.26,Completed
ORD04205,BR004,2026-04-05,36.57,Completed
ORD04536,BR003,2026-04-05,59.17,Completed
ORD04911,BR004,2026-04-05,43.05,Completed
ORD05214,BR001,2026-04-05,69.66,Completed
ORD05539,BR002,2026-04-05,16.38,Completed
ORD05710,BR002,2026-04-05,63.09,Completed
ORD00462,BR001,2026-04-06,20.62,Completed
ORD03184,BR001,2026-04-06,39.08,Completed
ORD03284,BR004,2026-04-06,55.88,Completed
ORD03654,BR003,2026-04-06,37.92,Completed
ORD04948,BR004,2026-04-06,40.83,Completed
ORD05172,BR001,2026-04-06,23.31,Completed
ORD06610,BR003,2026-04-06,13.14,Completed
ORD00152,BR002,2026-04-07,46.22,Completed
ORD00340,BR002,2026-04-07,23.48,Completed
ORD00513,BR004,2026-04-07,17.18,Completed
ORD01180,BR001,2026-04-07,65.64,Completed
ORD01510,BR003,2026-04-07,6.74,Completed
ORD03691,BR004,2026-04-07,46.39,Completed
ORD04255,BR002,2026-04-07,55.56,Completed
ORD04440,BR003,2026-04-07,85.63,Completed
ORD05292,BR004,2026-04-07,17.26,Completed
ORD05646,BR002,2026-04-07,19.8,Completed
ORD01040,BR003,2026-04-08,56.82,Completed
ORD01194,BR003,2026-04-08,30.52,Completed
ORD01647,BR004,2026-04-08,73.93,Completed
ORD02049,BR002,2026-04-08,66.12,Completed
ORD02282,BR003,2026-04-08,52.4,Completed
ORD02512,BR004,2026-04-08,37.96,Completed
ORD02916,BR003,2026-04-08,65.28,Completed
ORD03776,BR003,2026-04-08,58.24,Completed
ORD04307,BR001,2026-04-08,20.58,Completed
ORD04434,BR004,2026-04-08,32.34,Completed
ORD04580,BR004,2026-04-08,89.46,Completed
ORD06333,BR002,2026-04-08,28.81,Completed
ORD00967,BR001,2026-04-09,61.34,Completed
ORD01302,BR001,2026-04-09,13.97,Completed
ORD01423,BR002,2026-04-09,74.46,Completed
ORD01578,BR003,2026-04-09,26.03,Completed
ORD01635,BR004,2026-04-09,79.23,Completed
ORD02797,BR001,2026-04-09,61.64,Completed
ORD03195,BR003,2026-04-09,34.67,Completed
ORD03337,BR003,2026-04-09,22.8,Completed
ORD03400,BR001,2026-04-09,33.35,Completed
ORD03446,BR002,2026-04-09,46.22,Completed
ORD05218,BR003,2026-04-09,22.62,Completed
ORD05222,BR003,2026-04-09,14.72,Completed
ORD05650,BR003,2026-04-09,37.47,Completed
ORD06637,BR002,2026-04-09,20.08,Completed
ORD00104,BR001,2026-04-10,10.06,Completed
ORD00997,BR003,2026-04-10,26.77,Completed
ORD01767,BR003,2026-04-10,65.28,Completed
ORD02080,BR001,2026-04-10,23.11,Completed
ORD04318,BR004,2026-04-10,40.07,Completed
ORD04461,BR003,2026-04-10,49.82,Completed
ORD04960,BR004,2026-04-10,24.84,Completed
ORD05106,BR001,2026-04-10,72.71,Completed
ORD05925,BR003,2026-04-10,38.84,Completed
ORD00272,BR003,2026-04-11,10.06,Completed
ORD03268,BR001,2026-04-11,23.11,Completed
ORD04038,BR001,2026-04-11,50.85,Completed
ORD04511,BR003,2026-04-11,6.86,Completed
ORD05599,BR002,2026-04-11,74.96,Completed
ORD06861,BR003,2026-04-11,13.73,Completed
ORD00839,BR001,2026-04-12,38.88,Completed
ORD01157,BR002,2026-04-12,46.04,Completed
ORD01230,BR003,2026-04-12,22.62,Completed
ORD01318,BR004,2026-04-12,21.03,Completed
ORD02564,BR003,2026-04-12,55.11,Completed
ORD02714,BR004,2026-04-12,56.0,Completed
ORD04018,BR003,2026-04-12,25.92,Completed
ORD06100,BR004,2026-04-12,22.0,Completed
ORD00086,BR002,2026-04-13,5.03,Completed
ORD01155,BR003,2026-04-13,40.16,Completed
ORD01721,BR003,2026-04-13,33.46,Completed
ORD02169,BR004,2026-04-13,50.4,Completed
ORD03996,BR003,2026-04-13,47.59,Completed
ORD04923,BR003,2026-04-13,102.56,Completed
ORD05688,BR004,2026-04-13,11.31,Completed
ORD06450,BR002,2026-04-13,86.7,Completed
ORD06472,BR003,2026-04-13,102.54,Completed
ORD06762,BR004,2026-04-13,16.38,Completed
ORD06891,BR002,2026-04-13,8.19,Completed
ORD00987,BR003,2026-04-14,43.52,Completed
ORD01113,BR001,2026-04-14,44.72,Completed
ORD01790,BR002,2026-04-14,40.63,Completed
ORD02895,BR001,2026-04-14,40.76,Completed
ORD03413,BR003,2026-04-14,13.73,Completed
ORD04914,BR002,2026-04-14,62.58,Completed
ORD05386,BR001,2026-04-14,35.04,Completed
ORD06310,BR004,2026-04-14,14.3,Completed
ORD06724,BR003,2026-04-14,36.66,Completed
ORD00947,BR002,2026-04-15,46.62,Completed
ORD01209,BR004,2026-04-15,61.17,Completed
ORD01589,BR004,2026-04-15,46.62,Completed
ORD02044,BR003,2026-04-15,40.0,Completed
ORD03075,BR001,2026-04-15,20.46,Completed
ORD03383,BR003,2026-04-15,16.95,Completed
ORD05682,BR001,2026-04-15,35.52,Completed
ORD06101,BR002,2026-04-15,64.73,Completed
ORD06196,BR004,2026-04-15,31.56,Completed
ORD06425,BR002,2026-04-15,105.0,Completed
ORD00093,BR002,2026-04-16,20.22,Completed
ORD00302,BR002,2026-04-16,40.4,Completed
ORD01433,BR004,2026-04-16,27.46,Completed
ORD02172,BR004,2026-04-16,41.55,Completed
ORD02956,BR002,2026-04-16,103.32,Completed
ORD04820,BR002,2026-04-16,51.7,Completed
ORD04833,BR001,2026-04-16,11.31,Completed
ORD05063,BR004,2026-04-16,41.6,Completed
ORD05396,BR002,2026-04-16,73.15,Completed
ORD05427,BR004,2026-04-16,40.76,Completed
ORD05972,BR004,2026-04-16,35.22,Completed
ORD00225,BR004,2026-04-17,17.7,Completed
ORD02004,BR001,2026-04-17,32.97,Completed
ORD02712,BR004,2026-04-17,19.2,Completed
ORD02733,BR001,2026-04-17,7.84,Completed
ORD03179,BR004,2026-04-17,10.79,Completed
ORD03417,BR003,2026-04-17,132.06,Completed
ORD03438,BR003,2026-04-17,39.2,Completed
ORD03653,BR001,2026-04-17,12.8,Completed
ORD03900,BR003,2026-04-17,61.86,Completed
ORD03929,BR003,2026-04-17,78.72,Completed
ORD04755,BR001,2026-04-17,29.7,Completed
ORD04818,BR001,2026-04-17,55.11,Completed
ORD05909,BR004,2026-04-17,52.21,Completed
ORD05985,BR001,2026-04-17,69.66,Completed
ORD00059,BR003,2026-04-18,54.99,Completed
ORD00482,BR002,2026-04-18,6.74,Completed
ORD00657,BR002,2026-04-18,47.59,Completed
ORD01823,BR002,2026-04-18,91.66,Completed
ORD01917,BR003,2026-04-18,10.31,Completed
ORD02471,BR001,2026-04-18,22.62,Completed
ORD03172,BR004,2026-04-18,43.53,Completed
ORD03797,BR001,2026-04-18,7.84,Completed
ORD04584,BR001,2026-04-18,54.99,Completed
ORD05010,BR002,2026-04-18,71.76,Completed
ORD06485,BR002,2026-04-18,48.4,Completed
ORD06712,BR002,2026-04-18,5.76,Completed
ORD00559,BR003,2026-04-19,7.84,Completed
ORD02312,BR001,2026-04-19,83.56,Completed
ORD03808,BR003,2026-04-19,59.09,Completed
ORD04217,BR001,2026-04-19,74.88,Completed
ORD04803,BR003,2026-04-19,40.16,Completed
ORD05870,BR003,2026-04-19,67.62,Completed
ORD06048,BR002,2026-04-19,67.6,Completed
ORD00903,BR003,2026-04-20,61.2,Completed
ORD00954,BR004,2026-04-20,18.33,Completed
ORD00995,BR003,2026-04-20,6.86,Completed
ORD01534,BR003,2026-04-20,22.62,Completed
ORD02433,BR004,2026-04-20,11.64,Completed
ORD03368,BR002,2026-04-20,40.72,Completed
ORD03992,BR003,2026-04-20,18.33,Completed
ORD04805,BR002,2026-04-20,13.48,Completed
ORD05235,BR003,2026-04-20,29.44,Completed
ORD06576,BR003,2026-04-20,16.38,Completed
ORD06928,BR001,2026-04-20,44.16,Completed
ORD00470,BR003,2026-04-21,34.92,Completed
ORD02611,BR002,2026-04-21,69.6,Completed
ORD02901,BR002,2026-04-21,17.28,Completed
ORD03008,BR001,2026-04-21,24.57,Completed
ORD03812,BR001,2026-04-21,50.85,Completed
ORD03964,BR004,2026-04-21,13.72,Completed
ORD04147,BR002,2026-04-21,69.62,Completed
ORD04634,BR001,2026-04-21,65.28,Completed
ORD04891,BR001,2026-04-21,24.36,Completed
ORD05559,BR004,2026-04-21,65.05,Completed
ORD05603,BR004,2026-04-21,80.49,Completed
ORD05773,BR004,2026-04-21,12.96,Completed
ORD05891,BR002,2026-04-21,33.93,Completed
ORD06163,BR001,2026-04-21,13.97,Completed
ORD06645,BR003,2026-04-21,17.18,Completed
ORD00324,BR001,2026-04-22,137.46,Completed
ORD01226,BR002,2026-04-22,92.76,Completed
ORD02265,BR004,2026-04-22,43.52,Completed
ORD03121,BR001,2026-04-22,53.66,Completed
ORD03823,BR004,2026-04-22,7.15,Completed
ORD04480,BR001,2026-04-22,9.14,Completed
ORD04670,BR001,2026-04-22,23.62,Completed
ORD04797,BR001,2026-04-22,40.76,Completed
ORD06848,BR004,2026-04-22,20.08,Completed
ORD00021,BR001,2026-04-23,68.29,Completed
ORD00440,BR004,2026-04-23,107.34,Completed
ORD03133,BR004,2026-04-23,40.56,Completed
ORD03474,BR003,2026-04-23,87.09,Completed
ORD03611,BR003,2026-04-23,33.33,Completed
ORD05002,BR002,2026-04-23,15.68,Completed
ORD05708,BR003,2026-04-23,66.12,Completed
ORD06021,BR003,2026-04-23,59.77,Completed
ORD06880,BR004,2026-04-23,27.94,Completed
ORD01093,BR003,2026-04-24,32.94,Completed
ORD01151,BR001,2026-04-24,5.76,Completed
ORD01536,BR003,2026-04-24,18.89,Completed
ORD02231,BR004,2026-04-24,31.08,Completed
ORD05198,BR004,2026-04-24,20.36,Completed
ORD05329,BR003,2026-04-24,33.58,Completed
ORD06643,BR002,2026-04-24,43.89,Completed
ORD06851,BR003,2026-04-24,40.76,Completed
ORD00500,BR004,2026-04-25,35.04,Completed
ORD00926,BR001,2026-04-25,66.68,Completed
ORD00940,BR001,2026-04-25,34.57,Completed
ORD01110,BR002,2026-04-25,84.28,Completed
ORD01610,BR004,2026-04-25,42.5,Completed
ORD02002,BR001,2026-04-25,55.11,Completed
ORD03580,BR004,2026-04-25,45.6,Completed
ORD04564,BR003,2026-04-25,61.85,Completed
ORD04896,BR003,2026-04-25,42.38,Completed
ORD05225,BR003,2026-04-25,60.01,Completed
ORD05890,BR003,2026-04-25,11.74,Completed
ORD06186,BR004,2026-04-25,43.26,Completed
ORD00703,BR002,2026-04-26,100.56,Completed
ORD01314,BR002,2026-04-26,85.5,Completed
ORD01417,BR002,2026-04-26,37.06,Completed
ORD01638,BR003,2026-04-26,5.64,Completed
ORD03915,BR001,2026-04-26,64.12,Completed
ORD04337,BR004,2026-04-26,58.05,Completed
ORD04516,BR001,2026-04-26,33.47,Completed
ORD04666,BR001,2026-04-26,87.66,Completed
ORD04900,BR002,2026-04-26,53.69,Completed
ORD04950,BR001,2026-04-26,56.46,Completed
ORD05968,BR002,2026-04-26,35.88,Completed
ORD06297,BR003,2026-04-26,87.43,Completed
ORD06804,BR002,2026-04-26,54.19,Completed
ORD00547,BR004,2026-04-27,57.12,Completed
ORD01099,BR003,2026-04-27,16.47,Completed
ORD01132,BR003,2026-04-27,88.13,Completed
ORD02262,BR001,2026-04-27,38.88,Completed
ORD02462,BR003,2026-04-27,91.32,Completed
ORD04365,BR003,2026-04-27,20.38,Completed
ORD05402,BR003,2026-04-27,33.93,Completed
ORD06020,BR004,2026-04-27,85.13,Completed
ORD06127,BR003,2026-04-27,57.25,Completed
ORD06680,BR004,2026-04-27,14.72,Completed
ORD06946,BR003,2026-04-27,13.14,Completed
ORD00205,BR003,2026-04-28,52.72,Completed
ORD00878,BR001,2026-04-28,69.83,Completed
ORD02011,BR004,2026-04-28,68.4,Completed
ORD02776,BR004,2026-04-28,81.06,Completed
ORD03334,BR003,2026-04-28,18.15,Completed
ORD03736,BR003,2026-04-28,55.17,Completed
ORD04309,BR001,2026-04-28,20.38,Completed
ORD04810,BR001,2026-04-28,13.48,Completed
ORD05276,BR001,2026-04-28,43.52,Completed
ORD05521,BR004,2026-04-28,49.12,Completed
ORD05793,BR001,2026-04-28,20.08,Completed
ORD06579,BR002,2026-04-28,79.6,Completed
ORD00625,BR004,2026-04-29,67.82,Completed
ORD03135,BR001,2026-04-29,38.88,Completed
ORD03774,BR001,2026-04-29,53.58,Completed
ORD03841,BR002,2026-04-29,29.7,Completed
ORD03973,BR004,2026-04-29,33.13,Completed
ORD04691,BR001,2026-04-29,90.25,Completed
ORD05383,BR001,2026-04-29,56.63,Completed
ORD05446,BR004,2026-04-29,20.65,Completed
ORD05602,BR003,2026-04-29,58.92,Completed
ORD06649,BR002,2026-04-29,31.08,Completed
ORD00279,BR004,2026-04-30,33.93,Completed
ORD00365,BR004,2026-04-30,43.4,Completed
ORD00929,BR002,2026-04-30,45.96,Completed
ORD01047,BR002,2026-04-30,18.03,Completed
ORD01233,BR001,2026-04-30,22.16,Completed
ORD01727,BR002,2026-04-30,73.68,Completed
ORD04132,BR001,2026-04-30,46.04,Completed
ORD04270,BR003,2026-04-30,39.95,Completed
ORD05115,BR001,2026-04-30,49.41,Completed
ORD05332,BR002,2026-04-30,31.44,Completed
ORD05445,BR004,2026-04-30,32.68,Completed
ORD06005,BR001,2026-04-30,55.02,Completed
ORD06147,BR001,2026-04-30,69.56,Completed
ORD06227,BR003,2026-04-30,73.91,Completed
ORD06747,BR003,2026-04-30,8.19,Completed
ORD00661,BR003,2026-05-01,19.2,Completed
ORD00741,BR003,2026-05-01,26.82,Completed
ORD00960,BR002,2026-05-01,42.26,Completed
ORD01788,BR001,2026-05-01,69.66,Completed
ORD02698,BR003,2026-05-01,17.26,Completed
ORD03149,BR003,2026-05-01,18.28,Completed
ORD03279,BR002,2026-05-01,69.54,Completed
ORD03424,BR004,2026-05-01,30.52,Completed
ORD04172,BR003,2026-05-01,82.86,Completed
ORD06036,BR003,2026-05-01,42.19,Completed
ORD00019,BR002,2026-05-02,68.4,Completed
ORD00196,BR001,2026-05-02,29.44,Completed
ORD00435,BR004,2026-05-02,36.84,Completed
ORD01055,BR004,2026-05-02,12.96,Completed
ORD02636,BR002,2026-05-02,104.94,Completed
ORD02713,BR001,2026-05-02,12.45,Completed
ORD03843,BR004,2026-05-02,34.06,Completed
ORD04198,BR001,2026-05-02,15.26,Completed
ORD05532,BR001,2026-05-02,41.53,Completed
ORD06029,BR004,2026-05-02,23.48,Completed
ORD01880,BR001,2026-05-03,60.28,Completed
ORD02357,BR004,2026-05-03,85.32,Completed
ORD03365,BR002,2026-05-03,31.64,Completed
ORD03994,BR004,2026-05-03,20.58,Completed
ORD04093,BR002,2026-05-03,63.57,Completed
ORD04446,BR003,2026-05-03,16.26,Completed
ORD04535,BR004,2026-05-03,71.82,Completed
ORD05347,BR001,2026-05-03,22.6,Completed
ORD05877,BR002,2026-05-03,44.08,Completed
ORD05902,BR001,2026-05-03,36.5,Completed
ORD06365,BR001,2026-05-03,55.91,Completed
ORD06456,BR002,2026-05-03,34.36,Completed
ORD00057,BR004,2026-05-04,35.91,Completed
ORD01618,BR003,2026-05-04,44.08,Completed
ORD01714,BR002,2026-05-04,31.11,Completed
ORD01855,BR004,2026-05-04,67.06,Completed
ORD02479,BR002,2026-05-04,15.82,Completed
ORD03888,BR004,2026-05-04,27.42,Completed
ORD04367,BR001,2026-05-04,36.66,Completed
ORD04602,BR003,2026-05-04,12.1,Completed
ORD04635,BR001,2026-05-04,14.72,Completed
ORD04869,BR003,2026-05-04,15.54,Completed
ORD04965,BR002,2026-05-04,54.99,Completed
ORD00138,BR002,2026-05-05,30.95,Completed
ORD00156,BR001,2026-05-05,43.52,Completed
ORD00228,BR003,2026-05-05,36.7,Completed
ORD00979,BR003,2026-05-05,67.18,Completed
ORD01034,BR003,2026-05-05,92.32,Completed
ORD01097,BR001,2026-05-05,110.11,Completed
ORD01467,BR002,2026-05-05,21.03,Completed
ORD01682,BR004,2026-05-05,23.11,Completed
ORD02870,BR004,2026-05-05,78.29,Completed
ORD03377,BR002,2026-05-05,41.91,Completed
ORD03624,BR003,2026-05-05,43.52,Completed
ORD05360,BR001,2026-05-05,47.02,Completed
ORD05795,BR001,2026-05-05,50.73,Completed
ORD06319,BR002,2026-05-05,28.43,Completed
ORD06846,BR004,2026-05-05,41.91,Completed
ORD06955,BR003,2026-05-05,27.59,Completed
ORD00058,BR001,2026-05-06,23.28,Completed
ORD00647,BR003,2026-05-06,13.73,Completed
ORD01141,BR003,2026-05-06,38.93,Completed
ORD01190,BR004,2026-05-06,35.61,Completed
ORD01539,BR004,2026-05-06,66.96,Completed
ORD01854,BR004,2026-05-06,92.14,Completed
ORD02078,BR002,2026-05-06,10.84,Completed
ORD02299,BR003,2026-05-06,54.93,Completed
ORD02437,BR001,2026-05-06,27.92,Completed
ORD03351,BR001,2026-05-06,13.73,Completed
ORD03818,BR003,2026-05-06,64.44,Completed
ORD05535,BR002,2026-05-06,79.46,Completed
ORD06554,BR004,2026-05-06,12.1,Completed
ORD00666,BR002,2026-05-07,21.03,Completed
ORD01991,BR002,2026-05-07,51.54,Completed
ORD03175,BR001,2026-05-07,78.14,Completed
ORD03235,BR004,2026-05-07,31.64,Completed
ORD04118,BR001,2026-05-07,67.02,Completed
ORD04499,BR003,2026-05-07,31.89,Completed
ORD04619,BR004,2026-05-07,54.0,Completed
ORD05754,BR002,2026-05-07,46.19,Completed
ORD05962,BR003,2026-05-07,5.03,Completed
ORD06388,BR002,2026-05-07,12.49,Completed
ORD06491,BR004,2026-05-07,11.28,Completed
ORD06540,BR003,2026-05-07,18.33,Completed
ORD00233,BR004,2026-05-08,33.93,Completed
ORD00276,BR004,2026-05-08,20.38,Completed
ORD00351,BR004,2026-05-08,63.38,Completed
ORD00483,BR003,2026-05-08,46.62,Completed
ORD01597,BR001,2026-05-08,6.74,Completed
ORD01694,BR003,2026-05-08,38.14,Completed
ORD02642,BR004,2026-05-08,44.06,Completed
ORD02802,BR001,2026-05-08,31.44,Completed
ORD04168,BR001,2026-05-08,31.44,Completed
ORD04403,BR004,2026-05-08,32.76,Completed
ORD04682,BR002,2026-05-08,22.8,Completed
ORD05286,BR001,2026-05-08,68.51,Completed
ORD05899,BR001,2026-05-08,19.8,Completed
ORD06687,BR003,2026-05-08,66.94,Completed
ORD00680,BR004,2026-05-09,28.59,Completed
ORD01112,BR003,2026-05-09,35.54,Completed
ORD01140,BR001,2026-05-09,7.84,Completed
ORD01323,BR004,2026-05-09,15.68,Completed
ORD01482,BR004,2026-05-09,13.14,Completed
ORD01555,BR003,2026-05-09,29.98,Completed
ORD01620,BR002,2026-05-09,18.7,Completed
ORD01828,BR003,2026-05-09,13.97,Completed
ORD02644,BR003,2026-05-09,12.1,Completed
ORD03420,BR001,2026-05-09,52.13,Completed
ORD03836,BR003,2026-05-09,46.62,Completed
ORD03993,BR004,2026-05-09,6.75,Completed
ORD04133,BR002,2026-05-09,96.64,Completed
ORD04917,BR002,2026-05-09,21.76,Completed
ORD06384,BR003,2026-05-09,6.05,Completed
ORD00712,BR001,2026-05-10,11.31,Completed
ORD00841,BR002,2026-05-10,54.96,Completed
ORD01524,BR004,2026-05-10,22.78,Completed
ORD01711,BR002,2026-05-10,38.73,Completed
ORD01730,BR001,2026-05-10,6.75,Completed
ORD03462,BR001,2026-05-10,18.15,Completed
ORD04947,BR004,2026-05-10,53.58,Completed
ORD05488,BR003,2026-05-10,47.51,Completed
ORD05652,BR003,2026-05-10,13.72,Completed
ORD06000,BR001,2026-05-10,40.92,Completed
ORD00964,BR003,2026-05-11,113.55,Completed
ORD01195,BR004,2026-05-11,59.96,Completed
ORD01281,BR001,2026-05-11,19.72,Completed
ORD02426,BR003,2026-05-11,34.92,Completed
ORD02429,BR004,2026-05-11,32.34,Completed
ORD03501,BR001,2026-05-11,22.62,Completed
ORD03986,BR003,2026-05-11,40.16,Completed
ORD04123,BR001,2026-05-11,36.52,Completed
ORD04596,BR001,2026-05-11,55.16,Completed
ORD05107,BR002,2026-05-11,51.14,Completed
ORD05927,BR003,2026-05-11,8.19,Completed
ORD06073,BR001,2026-05-11,15.34,Completed
ORD06366,BR001,2026-05-11,20.08,Completed
ORD06512,BR002,2026-05-11,47.71,Completed
ORD06930,BR003,2026-05-11,44.58,Completed
ORD01003,BR004,2026-05-12,31.44,Completed
ORD01324,BR004,2026-05-12,11.31,Completed
ORD03059,BR001,2026-05-12,19.8,Completed
ORD04015,BR004,2026-05-12,61.14,Completed
ORD04852,BR004,2026-05-12,23.28,Completed
ORD04989,BR003,2026-05-12,25.16,Completed
ORD05563,BR002,2026-05-12,69.66,Completed
ORD05707,BR004,2026-05-12,22.8,Completed
ORD06321,BR001,2026-05-12,46.44,Completed
ORD00041,BR004,2026-05-13,48.22,Completed
ORD00067,BR001,2026-05-13,23.02,Completed
ORD00207,BR003,2026-05-13,53.35,Completed
ORD00789,BR004,2026-05-13,48.72,Completed
ORD01201,BR001,2026-05-13,8.19,Completed
ORD01418,BR001,2026-05-13,12.49,Completed
ORD02210,BR002,2026-05-13,25.16,Completed
ORD02413,BR004,2026-05-13,47.16,Completed
ORD02539,BR001,2026-05-13,57.06,Completed
ORD02583,BR001,2026-05-13,23.02,Completed
ORD02584,BR003,2026-05-13,55.12,Completed
ORD03038,BR003,2026-05-13,12.8,Completed
ORD03132,BR003,2026-05-13,84.27,Completed
ORD03480,BR002,2026-05-13,34.36,Completed
ORD03700,BR001,2026-05-13,26.28,Completed
ORD03842,BR001,2026-05-13,10.84,Completed
ORD05745,BR002,2026-05-13,37.36,Completed
ORD05879,BR002,2026-05-13,47.41,Completed
ORD05897,BR004,2026-05-13,39.13,Completed
ORD06014,BR001,2026-05-13,31.08,Completed
ORD06089,BR001,2026-05-13,17.44,Completed
ORD06241,BR001,2026-05-13,15.68,Completed
ORD06357,BR001,2026-05-13,54.99,Completed
ORD06782,BR001,2026-05-13,11.31,Completed
ORD06865,BR003,2026-05-13,55.08,Completed
ORD01456,BR004,2026-05-14,31.18,Completed
ORD02256,BR003,2026-05-14,34.59,Completed
ORD02445,BR001,2026-05-14,18.28,Completed
ORD02683,BR001,2026-05-14,37.4,Completed
ORD02702,BR004,2026-05-14,39.83,Completed
ORD03201,BR001,2026-05-14,19.82,Completed
ORD04160,BR003,2026-05-14,60.8,Completed
ORD04791,BR002,2026-05-14,31.89,Completed
ORD04932,BR001,2026-05-14,20.62,Completed
ORD00211,BR001,2026-05-15,13.72,Completed
ORD00675,BR001,2026-05-15,26.0,Completed
ORD00992,BR003,2026-05-15,17.99,Completed
ORD02763,BR001,2026-05-15,78.24,Completed
ORD04846,BR004,2026-05-15,21.58,Completed
ORD05663,BR001,2026-05-15,16.95,Completed
ORD05678,BR003,2026-05-15,63.57,Completed
ORD06616,BR001,2026-05-15,27.58,Completed
ORD06945,BR004,2026-05-15,41.6,Completed
ORD00346,BR001,2026-05-16,6.75,Completed
ORD00575,BR001,2026-05-16,23.8,Completed
ORD00634,BR002,2026-05-16,29.98,Completed
ORD01704,BR002,2026-05-16,41.9,Completed
ORD02635,BR003,2026-05-16,61.29,Completed
ORD02687,BR001,2026-05-16,86.78,Completed
ORD03254,BR002,2026-05-16,20.38,Completed
ORD03535,BR003,2026-05-16,92.1,Completed
ORD03584,BR002,2026-05-16,41.18,Completed
ORD04288,BR003,2026-05-16,27.68,Completed
ORD04888,BR004,2026-05-16,6.4,Completed
ORD05569,BR002,2026-05-16,55.69,Completed
ORD05676,BR001,2026-05-16,100.59,Completed
ORD06377,BR003,2026-05-16,23.48,Completed
ORD00572,BR003,2026-05-17,28.81,Completed
ORD00868,BR003,2026-05-17,72.36,Completed
ORD01508,BR004,2026-05-17,16.26,Completed
ORD01674,BR001,2026-05-17,45.78,Completed
ORD01692,BR001,2026-05-17,53.12,Completed
ORD02406,BR001,2026-05-17,23.11,Completed
ORD02461,BR004,2026-05-17,42.06,Completed
ORD02581,BR002,2026-05-17,22.62,Completed
ORD02626,BR004,2026-05-17,83.82,Completed
ORD03222,BR001,2026-05-17,7.15,Completed
ORD04437,BR003,2026-05-17,101.28,Completed
ORD05544,BR001,2026-05-17,80.34,Completed
ORD00261,BR002,2026-05-18,20.22,Completed
ORD00413,BR004,2026-05-18,90.03,Completed
ORD00693,BR003,2026-05-18,18.15,Completed
ORD01086,BR004,2026-05-18,36.66,Completed
ORD01361,BR001,2026-05-18,13.5,Completed
ORD01956,BR001,2026-05-18,63.09,Completed
ORD02396,BR004,2026-05-18,48.5,Completed
ORD03058,BR002,2026-05-18,45.6,Completed
ORD03485,BR002,2026-05-18,10.06,Completed
ORD04973,BR001,2026-05-18,37.4,Completed
ORD00384,BR003,2026-05-19,26.28,Completed
ORD00578,BR002,2026-05-19,55.11,Completed
ORD01605,BR001,2026-05-19,5.03,Completed
ORD02875,BR002,2026-05-19,53.06,Completed
ORD04941,BR002,2026-05-19,92.88,Completed
ORD05311,BR004,2026-05-19,7.15,Completed
ORD05496,BR003,2026-05-19,43.18,Completed
ORD06337,BR003,2026-05-19,13.72,Completed
ORD00044,BR001,2026-05-20,10.06,Completed
ORD00403,BR001,2026-05-20,34.44,Completed
ORD00428,BR001,2026-05-20,81.55,Completed
ORD00677,BR001,2026-05-20,57.77,Completed
ORD00778,BR003,2026-05-20,24.57,Completed
ORD01629,BR001,2026-05-20,40.07,Completed
ORD01743,BR002,2026-05-20,36.01,Completed
ORD01950,BR004,2026-05-20,138.99,Completed
ORD02423,BR003,2026-05-20,100.95,Completed
ORD02456,BR002,2026-05-20,17.26,Completed
ORD02670,BR001,2026-05-20,9.9,Completed
ORD03631,BR002,2026-05-20,57.64,Completed
ORD03773,BR001,2026-05-20,46.44,Completed
ORD05055,BR004,2026-05-20,52.12,Completed
ORD05135,BR003,2026-05-20,37.4,Completed
ORD05304,BR004,2026-05-20,20.22,Completed
ORD06841,BR001,2026-05-20,98.91,Completed
ORD00161,BR003,2026-05-21,26.61,Completed
ORD00401,BR004,2026-05-21,28.34,Completed
ORD00721,BR001,2026-05-21,22.62,Completed
ORD01607,BR001,2026-05-21,41.6,Completed
ORD01719,BR003,2026-05-21,23.52,Completed
ORD01807,BR002,2026-05-21,31.09,Completed
ORD03527,BR003,2026-05-21,40.78,Completed
ORD04524,BR004,2026-05-21,69.06,Completed
ORD05029,BR004,2026-05-21,64.99,Completed
ORD05533,BR002,2026-05-21,34.92,Completed
ORD05903,BR004,2026-05-21,45.78,Completed
ORD06599,BR002,2026-05-21,17.26,Completed
ORD06807,BR001,2026-05-21,28.4,Completed
ORD00012,BR003,2026-05-22,27.32,Completed
ORD00314,BR002,2026-05-22,18.15,Completed
ORD00593,BR002,2026-05-22,11.74,Completed
ORD00761,BR001,2026-05-22,63.09,Completed
ORD02424,BR003,2026-05-22,40.78,Completed
ORD02552,BR002,2026-05-22,23.52,Completed
ORD02807,BR002,2026-05-22,18.15,Completed
ORD03193,BR001,2026-05-22,36.7,Completed
ORD04304,BR003,2026-05-22,97.08,Completed
ORD04311,BR004,2026-05-22,23.52,Completed
ORD04355,BR002,2026-05-22,78.43,Completed
ORD05792,BR004,2026-05-22,33.93,Completed
ORD06464,BR003,2026-05-22,80.4,Completed
ORD00296,BR004,2026-05-23,23.02,Completed
ORD00962,BR003,2026-05-23,103.32,Completed
ORD02164,BR003,2026-05-23,15.54,Completed
ORD02643,BR003,2026-05-23,36.96,Completed
ORD02762,BR002,2026-05-23,60.21,Completed
ORD03091,BR002,2026-05-23,64.04,Completed
ORD03306,BR004,2026-05-23,36.87,Completed
ORD03514,BR004,2026-05-23,65.28,Completed
ORD03586,BR001,2026-05-23,88.59,Completed
ORD04603,BR004,2026-05-23,69.66,Completed
ORD05274,BR004,2026-05-23,12.8,Completed
ORD05980,BR002,2026-05-23,91.92,Completed
ORD00042,BR002,2026-05-24,17.77,Completed
ORD00229,BR001,2026-05-24,41.18,Completed
ORD01004,BR001,2026-05-24,32.5,Completed
ORD01124,BR001,2026-05-24,74.62,Completed
ORD01390,BR004,2026-05-24,29.76,Completed
ORD01697,BR003,2026-05-24,23.22,Completed
ORD01920,BR002,2026-05-24,19.88,Completed
ORD02271,BR002,2026-05-24,39.91,Completed
ORD02331,BR002,2026-05-24,16.95,Completed
ORD02728,BR004,2026-05-24,18.28,Completed
ORD03825,BR003,2026-05-24,64.13,Completed
ORD04019,BR004,2026-05-24,61.17,Completed
ORD04042,BR001,2026-05-24,49.83,Completed
ORD04163,BR002,2026-05-24,46.62,Completed
ORD06269,BR001,2026-05-24,50.85,Completed
ORD00219,BR003,2026-05-25,15.72,Completed
ORD01116,BR001,2026-05-25,45.78,Completed
ORD01454,BR002,2026-05-25,32.92,Completed
ORD01837,BR002,2026-05-25,53.7,Completed
ORD02950,BR002,2026-05-25,47.36,Completed
ORD03546,BR004,2026-05-25,29.7,Completed
ORD05078,BR003,2026-05-25,17.77,Completed
ORD05112,BR004,2026-05-25,38.88,Completed
ORD05789,BR001,2026-05-25,58.58,Completed
ORD00671,BR001,2026-05-26,54.99,Completed
ORD01136,BR004,2026-05-26,40.0,Completed
ORD02414,BR001,2026-05-26,36.72,Completed
ORD02732,BR001,2026-05-26,42.38,Completed
ORD03620,BR002,2026-05-26,59.26,Completed
ORD04001,BR002,2026-05-26,20.22,Completed
ORD05229,BR001,2026-05-26,52.64,Completed
ORD05847,BR001,2026-05-26,85.92,Completed
ORD06462,BR002,2026-05-26,6.75,Completed
ORD06519,BR001,2026-05-26,32.72,Completed
ORD00536,BR001,2026-05-27,12.1,Completed
ORD00554,BR002,2026-05-27,20.25,Completed
ORD02075,BR002,2026-05-27,31.44,Completed
ORD02848,BR003,2026-05-27,32.94,Completed
ORD03913,BR002,2026-05-27,60.24,Completed
ORD03950,BR003,2026-05-27,57.64,Completed
ORD04595,BR003,2026-05-27,12.96,Completed
ORD04679,BR004,2026-05-27,30.09,Completed
ORD05405,BR001,2026-05-27,60.99,Completed
ORD06064,BR002,2026-05-27,38.95,Completed
ORD00526,BR001,2026-05-28,69.32,Completed
ORD01081,BR001,2026-05-28,54.99,Completed
ORD01497,BR002,2026-05-28,47.36,Completed
ORD01677,BR003,2026-05-28,68.03,Completed
ORD02293,BR003,2026-05-28,38.88,Completed
ORD03115,BR003,2026-05-28,22.8,Completed
ORD03182,BR003,2026-05-28,9.14,Completed
ORD04082,BR004,2026-05-28,51.24,Completed
ORD06316,BR003,2026-05-28,40.16,Completed
ORD06559,BR003,2026-05-28,40.78,Completed
ORD06922,BR002,2026-05-28,20.22,Completed
ORD00873,BR004,2026-05-29,92.58,Completed
ORD00998,BR001,2026-05-29,68.19,Completed
ORD01728,BR003,2026-05-29,69.26,Completed
ORD01744,BR003,2026-05-29,57.16,Completed
ORD02171,BR001,2026-05-29,25.92,Completed
ORD02263,BR003,2026-05-29,53.13,Completed
ORD02326,BR004,2026-05-29,31.44,Completed
ORD02439,BR001,2026-05-29,72.69,Completed
ORD02823,BR003,2026-05-29,6.75,Completed
ORD03632,BR002,2026-05-29,35.54,Completed
ORD03791,BR001,2026-05-29,19.8,Completed
ORD04845,BR002,2026-05-29,67.39,Completed
ORD06211,BR004,2026-05-29,81.86,Completed
ORD00284,BR004,2026-05-30,16.47,Completed
ORD00783,BR003,2026-05-30,37.82,Completed
ORD01768,BR003,2026-05-30,23.74,Completed
ORD03307,BR004,2026-05-30,66.12,Completed
ORD03968,BR003,2026-05-30,44.08,Completed
ORD05049,BR001,2026-05-30,13.72,Completed
ORD05418,BR002,2026-05-30,65.8,Completed
ORD06081,BR004,2026-05-30,18.28,Completed
ORD06249,BR004,2026-05-30,39.78,Completed
ORD00571,BR001,2026-05-31,18.7,Completed
ORD00764,BR004,2026-05-31,73.24,Completed
ORD01383,BR002,2026-05-31,46.2,Completed
ORD01821,BR004,2026-05-31,33.58,Completed
ORD03147,BR001,2026-05-31,51.52,Completed
ORD00009,BR003,2026-06-01,30.93,Completed
ORD00098,BR002,2026-06-01,15.54,Completed
ORD01706,BR002,2026-06-01,31.55,Completed
ORD01775,BR002,2026-06-01,26.98,Completed
ORD03046,BR003,2026-06-01,31.44,Completed
ORD03328,BR004,2026-06-01,62.94,Completed
ORD04321,BR001,2026-06-01,15.68,Completed
ORD04936,BR001,2026-06-01,27.94,Completed
ORD06916,BR004,2026-06-01,60.1,Completed
ORD01090,BR001,2026-06-02,24.66,Completed
ORD01472,BR001,2026-06-02,63.57,Completed
ORD01673,BR003,2026-06-02,53.31,Completed
ORD02801,BR001,2026-06-02,120.87,Completed
ORD04547,BR001,2026-06-02,44.16,Completed
ORD05016,BR003,2026-06-02,43.94,Completed
ORD02915,BR001,2026-06-03,13.97,Completed
ORD03495,BR004,2026-06-03,49.41,Completed
ORD03601,BR004,2026-06-03,18.33,Completed
ORD03717,BR001,2026-06-03,67.62,Completed
ORD04237,BR004,2026-06-03,30.93,Completed
ORD05422,BR001,2026-06-03,89.74,Completed
ORD05426,BR003,2026-06-03,132.9,Completed
ORD05524,BR002,2026-06-03,52.67,Completed
ORD06154,BR003,2026-06-03,56.28,Completed
ORD06298,BR002,2026-06-03,60.89,Completed
ORD06369,BR004,2026-06-03,46.22,Completed
ORD00181,BR003,2026-06-04,70.59,Completed
ORD00430,BR004,2026-06-04,30.93,Completed
ORD00445,BR003,2026-06-04,51.5,Completed
ORD00480,BR004,2026-06-04,108.84,Completed
ORD00861,BR002,2026-06-04,92.94,Completed
ORD01208,BR004,2026-06-04,22.8,Completed
ORD01386,BR002,2026-06-04,21.19,Completed
ORD02121,BR001,2026-06-04,18.15,Completed
ORD02300,BR004,2026-06-04,5.76,Completed
ORD02428,BR003,2026-06-04,20.58,Completed
ORD03496,BR004,2026-06-04,67.01,Completed
ORD03704,BR004,2026-06-04,17.36,Completed
ORD04096,BR004,2026-06-04,26.15,Completed
ORD04551,BR001,2026-06-04,40.15,Completed
ORD04724,BR001,2026-06-04,76.16,Completed
ORD05622,BR003,2026-06-04,50.75,Completed
ORD05685,BR003,2026-06-04,24.57,Completed
ORD05695,BR002,2026-06-04,76.28,Completed
ORD06320,BR004,2026-06-04,35.22,Completed
ORD00622,BR001,2026-06-05,59.46,Completed
ORD00855,BR001,2026-06-05,23.74,Completed
ORD01668,BR004,2026-06-05,10.06,Completed
ORD02771,BR004,2026-06-05,18.7,Completed
ORD02902,BR001,2026-06-05,14.72,Completed
ORD03052,BR001,2026-06-05,31.22,Completed
ORD03274,BR001,2026-06-05,73.46,Completed
ORD05186,BR004,2026-06-05,43.52,Completed
ORD05404,BR003,2026-06-05,40.52,Completed
ORD05821,BR002,2026-06-05,13.72,Completed
ORD00679,BR003,2026-06-06,58.23,Completed
ORD00732,BR002,2026-06-06,20.8,Completed
ORD00952,BR004,2026-06-06,14.3,Completed
ORD01059,BR002,2026-06-06,13.5,Completed
ORD04092,BR003,2026-06-06,70.79,Completed
ORD04857,BR004,2026-06-06,39.42,Completed
ORD05196,BR003,2026-06-06,42.06,Completed
ORD06600,BR003,2026-06-06,37.4,Completed
ORD06655,BR001,2026-06-06,16.47,Completed
ORD06862,BR004,2026-06-06,6.86,Completed
ORD06912,BR001,2026-06-06,55.84,Completed
ORD02155,BR004,2026-06-07,36.74,Completed
ORD03359,BR003,2026-06-07,61.17,Completed
ORD04053,BR001,2026-06-07,14.3,Completed
ORD04528,BR001,2026-06-07,89.76,Completed
ORD04693,BR004,2026-06-07,37.18,Completed
ORD06131,BR001,2026-06-07,22.8,Completed
ORD06620,BR004,2026-06-07,6.05,Completed
ORD06714,BR002,2026-06-07,68.07,Completed
ORD06774,BR003,2026-06-07,14.3,Completed
ORD00613,BR003,2026-06-08,35.04,Completed
ORD00631,BR003,2026-06-08,100.02,Completed
ORD02569,BR004,2026-06-08,42.06,Completed
ORD02987,BR003,2026-06-08,45.78,Completed
ORD03381,BR003,2026-06-08,20.22,Completed
ORD03544,BR001,2026-06-08,103.98,Completed
ORD03655,BR002,2026-06-08,67.92,Completed
ORD04226,BR002,2026-06-08,23.36,Completed
ORD04383,BR001,2026-06-08,17.18,Completed
ORD04718,BR003,2026-06-08,29.7,Completed
ORD05285,BR002,2026-06-08,55.47,Completed
ORD05658,BR003,2026-06-08,33.93,Completed
ORD05857,BR001,2026-06-08,50.28,Completed
ORD06134,BR002,2026-06-08,29.33,Completed
ORD00087,BR001,2026-06-09,67.44,Completed
ORD00126,BR004,2026-06-09,73.32,Completed
ORD00685,BR002,2026-06-09,64.74,Completed
ORD00687,BR001,2026-06-09,51.54,Completed
ORD00719,BR003,2026-06-09,45.61,Completed
ORD01207,BR002,2026-06-09,49.45,Completed
ORD03276,BR004,2026-06-09,30.52,Completed
ORD03622,BR004,2026-06-09,38.62,Completed
ORD04229,BR001,2026-06-09,37.98,Completed
ORD04409,BR004,2026-06-09,42.06,Completed
ORD05513,BR003,2026-06-09,20.25,Completed
ORD06039,BR003,2026-06-09,21.93,Completed
ORD06056,BR001,2026-06-09,36.66,Completed
ORD06218,BR001,2026-06-09,36.32,Completed
ORD00186,BR004,2026-06-10,49.41,Completed
ORD00897,BR001,2026-06-10,78.73,Completed
ORD02401,BR004,2026-06-10,78.08,Completed
ORD02486,BR003,2026-06-10,102.54,Completed
ORD02884,BR002,2026-06-10,33.93,Completed
ORD03105,BR004,2026-06-10,40.78,Completed
ORD03333,BR004,2026-06-10,22.8,Completed
ORD03448,BR002,2026-06-10,38.08,Completed
ORD04427,BR002,2026-06-10,76.59,Completed
ORD05492,BR001,2026-06-10,22.62,Completed
ORD01107,BR002,2026-06-11,83.76,Completed
ORD01410,BR003,2026-06-11,76.9,Completed
ORD01579,BR001,2026-06-11,8.19,Completed
ORD01735,BR003,2026-06-11,17.18,Completed
ORD02242,BR003,2026-06-11,42.84,Completed
ORD02392,BR004,2026-06-11,24.63,Completed
ORD03772,BR003,2026-06-11,42.06,Completed
ORD03931,BR002,2026-06-11,35.61,Completed
ORD03987,BR003,2026-06-11,19.66,Completed
ORD05391,BR001,2026-06-11,53.69,Completed
ORD05500,BR004,2026-06-11,70.76,Completed
ORD05691,BR003,2026-06-11,14.3,Completed
ORD06588,BR003,2026-06-11,31.08,Completed
ORD06810,BR004,2026-06-11,27.24,Completed
ORD00686,BR003,2026-06-12,27.46,Completed
ORD02053,BR004,2026-06-12,48.9,Completed
ORD03083,BR003,2026-06-12,50.9,Completed
ORD04942,BR003,2026-06-12,61.26,Completed
ORD05507,BR001,2026-06-12,52.17,Completed
ORD05583,BR002,2026-06-12,42.45,Completed
ORD05819,BR002,2026-06-12,45.6,Completed
ORD06093,BR004,2026-06-12,14.3,Completed
ORD01019,BR003,2026-06-13,51.54,Completed
ORD01413,BR001,2026-06-13,83.63,Completed
ORD02209,BR004,2026-06-13,35.82,Completed
ORD02390,BR001,2026-06-13,75.0,Completed
ORD03044,BR003,2026-06-13,10.84,Completed
ORD04188,BR001,2026-06-13,60.76,Completed
ORD04429,BR001,2026-06-13,46.03,Completed
ORD05014,BR002,2026-06-13,90.25,Completed
ORD05362,BR002,2026-06-13,27.46,Completed
ORD05956,BR004,2026-06-13,11.52,Completed
ORD06070,BR004,2026-06-13,11.31,Completed
ORD06168,BR004,2026-06-13,35.82,Completed
ORD06504,BR004,2026-06-13,61.46,Completed
ORD06899,BR004,2026-06-13,35.04,Completed
ORD00144,BR001,2026-06-14,33.93,Completed
ORD01328,BR004,2026-06-14,50.78,Completed
ORD01395,BR003,2026-06-14,42.38,Completed
ORD01574,BR003,2026-06-14,62.4,Completed
ORD01979,BR002,2026-06-14,20.08,Completed
ORD02115,BR002,2026-06-14,100.05,Completed
ORD02261,BR002,2026-06-14,23.48,Completed
ORD02693,BR001,2026-06-14,55.12,Completed
ORD02765,BR002,2026-06-14,17.99,Completed
ORD03578,BR003,2026-06-14,20.38,Completed
ORD03623,BR004,2026-06-14,17.26,Completed
ORD04194,BR001,2026-06-14,56.73,Completed
ORD04333,BR004,2026-06-14,62.96,Completed
ORD04729,BR002,2026-06-14,55.93,Completed
ORD06642,BR001,2026-06-14,11.31,Completed
ORD00602,BR001,2026-06-15,97.29,Completed
ORD01562,BR001,2026-06-15,81.66,Completed
ORD02119,BR003,2026-06-15,78.63,Completed
ORD02234,BR001,2026-06-15,25.89,Completed
ORD03051,BR004,2026-06-15,92.44,Completed
ORD03252,BR004,2026-06-15,97.5,Completed
ORD04387,BR003,2026-06-15,49.44,Completed
ORD00210,BR003,2026-06-16,75.11,Completed
ORD00371,BR002,2026-06-16,24.57,Completed
ORD00507,BR004,2026-06-16,53.13,Completed
ORD01319,BR001,2026-06-16,18.28,Completed
ORD01426,BR003,2026-06-16,12.96,Completed
ORD01759,BR003,2026-06-16,21.45,Completed
ORD02090,BR004,2026-06-16,13.9,Completed
ORD03758,BR003,2026-06-16,35.61,Completed
ORD04268,BR003,2026-06-16,13.5,Completed
ORD06887,BR004,2026-06-16,61.52,Completed
ORD00453,BR001,2026-06-17,56.16,Completed
ORD02269,BR002,2026-06-17,20.62,Completed
ORD03310,BR004,2026-06-17,27.42,Completed
ORD03326,BR002,2026-06-17,41.6,Completed
ORD03391,BR001,2026-06-17,67.23,Completed
ORD03509,BR001,2026-06-17,35.04,Completed
ORD04385,BR001,2026-06-17,50.82,Completed
ORD04850,BR002,2026-06-17,26.28,Completed
ORD05070,BR003,2026-06-17,71.73,Completed
ORD05281,BR004,2026-06-17,21.5,Completed
ORD05733,BR004,2026-06-17,17.28,Completed
ORD06408,BR002,2026-06-17,32.94,Completed
ORD06828,BR001,2026-06-17,82.47,Completed
ORD01442,BR003,2026-06-18,24.98,Completed
ORD01686,BR003,2026-06-18,23.52,Completed
ORD04804,BR003,2026-06-18,35.26,Completed
ORD04897,BR002,2026-06-18,14.3,Completed
ORD06107,BR002,2026-06-18,7.84,Completed
ORD06306,BR003,2026-06-18,65.01,Completed
ORD06517,BR003,2026-06-18,7.84,Completed
ORD00872,BR002,2026-06-19,12.49,Completed
ORD01054,BR004,2026-06-19,44.16,Completed
ORD01885,BR002,2026-06-19,44.16,Completed
ORD02495,BR004,2026-06-19,22.04,Completed
ORD03074,BR001,2026-06-19,90.44,Completed
ORD03137,BR001,2026-06-19,66.22,Completed
ORD03893,BR002,2026-06-19,68.5,Completed
ORD04180,BR003,2026-06-19,56.15,Completed
ORD04425,BR003,2026-06-19,51.3,Completed
ORD05215,BR001,2026-06-19,66.41,Completed
ORD05502,BR004,2026-06-19,33.09,Completed
ORD06222,BR001,2026-06-19,13.72,Completed
ORD06421,BR002,2026-06-19,77.03,Completed
ORD06551,BR004,2026-06-19,6.74,Completed
ORD06570,BR003,2026-06-19,24.78,Completed
ORD01083,BR003,2026-06-20,61.17,Completed
ORD02163,BR002,2026-06-20,32.15,Completed
ORD02398,BR002,2026-06-20,32.42,Completed
ORD02697,BR004,2026-06-20,16.47,Completed
ORD02976,BR004,2026-06-20,50.85,Completed
ORD03688,BR002,2026-06-20,42.72,Completed
ORD04135,BR003,2026-06-20,20.8,Completed
ORD05905,BR004,2026-06-20,7.84,Completed
ORD00142,BR001,2026-06-21,27.53,Completed
ORD00746,BR003,2026-06-21,63.74,Completed
ORD00788,BR003,2026-06-21,44.08,Completed
ORD00845,BR003,2026-06-21,43.73,Completed
ORD01475,BR001,2026-06-21,41.24,Completed
ORD01535,BR002,2026-06-21,53.8,Completed
ORD01954,BR001,2026-06-21,11.74,Completed
ORD02149,BR002,2026-06-21,36.44,Completed
ORD03960,BR004,2026-06-21,20.22,Completed
ORD05305,BR002,2026-06-21,54.15,Completed
ORD05489,BR002,2026-06-21,92.19,Completed
ORD05989,BR002,2026-06-21,25.89,Completed
ORD06008,BR002,2026-06-21,65.05,Completed
ORD06718,BR002,2026-06-21,33.93,Completed
ORD06836,BR002,2026-06-21,44.16,Completed
ORD00084,BR001,2026-06-22,67.49,Completed
ORD00390,BR003,2026-06-22,11.87,Completed
ORD00938,BR001,2026-06-22,12.49,Completed
ORD01939,BR001,2026-06-22,23.28,Completed
ORD01988,BR001,2026-06-22,40.76,Completed
ORD02905,BR001,2026-06-22,75.37,Completed
ORD03694,BR001,2026-06-22,18.7,Completed
ORD03944,BR001,2026-06-22,39.15,Completed
ORD05251,BR002,2026-06-22,7.84,Completed
ORD05322,BR004,2026-06-22,16.47,Completed
ORD06237,BR002,2026-06-22,60.24,Completed
ORD06560,BR001,2026-06-22,51.54,Completed
ORD00231,BR002,2026-06-23,21.45,Completed
ORD00355,BR004,2026-06-23,26.79,Completed
ORD01074,BR002,2026-06-23,33.93,Completed
ORD01127,BR001,2026-06-23,37.3,Completed
ORD01963,BR003,2026-06-23,27.9,Completed
ORD04578,BR004,2026-06-23,27.89,Completed
ORD05015,BR004,2026-06-23,89.11,Completed
ORD05988,BR004,2026-06-23,16.92,Completed
ORD06436,BR001,2026-06-23,96.68,Completed
ORD06603,BR001,2026-06-23,28.66,Completed
ORD06685,BR003,2026-06-23,19.35,Completed
ORD06814,BR004,2026-06-23,6.05,Completed
ORD00096,BR001,2026-06-24,67.98,Completed
ORD02289,BR003,2026-06-24,49.21,Completed
ORD02353,BR002,2026-06-24,54.99,Completed
ORD03072,BR001,2026-06-24,37.18,Completed
ORD03171,BR004,2026-06-24,50.48,Completed
ORD05554,BR001,2026-06-24,47.16,Completed
ORD00079,BR002,2026-06-25,65.28,Completed
ORD00188,BR004,2026-06-25,65.44,Completed
ORD00339,BR004,2026-06-25,62.38,Completed
ORD00391,BR004,2026-06-25,75.49,Completed
ORD01147,BR004,2026-06-25,60.21,Completed
ORD01199,BR004,2026-06-25,69.66,Completed
ORD01612,BR002,2026-06-25,13.5,Completed
ORD01749,BR002,2026-06-25,48.04,Completed
ORD02352,BR003,2026-06-25,11.52,Completed
ORD02361,BR003,2026-06-25,15.68,Completed
ORD02725,BR003,2026-06-25,26.82,Completed
ORD03169,BR003,2026-06-25,25.58,Completed
ORD03677,BR004,2026-06-25,20.22,Completed
ORD05278,BR004,2026-06-25,40.16,Completed
ORD06118,BR003,2026-06-25,13.73,Completed
ORD06508,BR004,2026-06-25,121.23,Completed
ORD06813,BR004,2026-06-25,27.94,Completed
ORD01012,BR004,2026-06-26,49.19,Completed
ORD01651,BR004,2026-06-26,69.33,Completed
ORD02301,BR003,2026-06-26,15.54,Completed
ORD02448,BR003,2026-06-26,34.55,Completed
ORD02919,BR004,2026-06-26,34.36,Completed
ORD03225,BR003,2026-06-26,20.22,Completed
ORD03643,BR004,2026-06-26,78.12,Completed
ORD03763,BR002,2026-06-26,61.17,Completed
ORD04934,BR002,2026-06-26,103.87,Completed
ORD05582,BR002,2026-06-26,26.28,Completed
ORD06038,BR002,2026-06-26,72.58,Completed
ORD06338,BR004,2026-06-26,32.45,Completed
ORD06550,BR002,2026-06-26,39.98,Completed
ORD00682,BR002,2026-06-27,20.39,Completed
ORD00857,BR003,2026-06-27,61.17,Completed
ORD01014,BR004,2026-06-27,88.98,Completed
ORD01227,BR001,2026-06-27,34.92,Completed
ORD01231,BR001,2026-06-27,33.93,Completed
ORD01237,BR003,2026-06-27,54.99,Completed
ORD01552,BR004,2026-06-27,63.63,Completed
ORD01942,BR002,2026-06-27,66.42,Completed
ORD02492,BR003,2026-06-27,64.74,Completed
ORD02960,BR001,2026-06-27,12.96,Completed
ORD04418,BR001,2026-06-27,21.03,Completed
ORD05449,BR001,2026-06-27,14.72,Completed
ORD05993,BR004,2026-06-27,111.26,Completed
ORD06786,BR001,2026-06-27,40.76,Completed
ORD00638,BR001,2026-06-28,52.86,Completed
ORD01183,BR003,2026-06-28,27.94,Completed
ORD02333,BR004,2026-06-28,40.76,Completed
ORD03321,BR002,2026-06-28,15.54,Completed
ORD04324,BR003,2026-06-28,24.57,Completed
ORD04472,BR003,2026-06-28,66.12,Completed
ORD04597,BR001,2026-06-28,61.73,Completed
ORD04752,BR003,2026-06-28,93.5,Completed
ORD05776,BR003,2026-06-28,61.14,Completed
ORD06166,BR003,2026-06-28,69.06,Completed
ORD06282,BR004,2026-06-28,29.76,Completed
ORD06696,BR001,2026-06-28,66.12,Completed
ORD02266,BR002,2026-06-29,71.73,Completed
ORD02302,BR004,2026-06-29,51.32,Completed
ORD02798,BR002,2026-06-29,7.84,Completed
ORD03109,BR003,2026-06-29,76.56,Completed
ORD03151,BR002,2026-06-29,67.04,Completed
ORD03308,BR001,2026-06-29,77.13,Completed
ORD03663,BR004,2026-06-29,29.27,Completed
ORD05047,BR002,2026-06-29,35.38,Completed
ORD05609,BR003,2026-06-29,31.08,Completed
ORD06797,BR001,2026-06-29,6.05,Completed
ORD06827,BR002,2026-06-29,16.38,Completed
ORD00119,BR003,2026-06-30,61.26,Completed
ORD00130,BR001,2026-06-30,33.83,Completed
ORD00817,BR002,2026-06-30,18.28,Completed
ORD01364,BR002,2026-06-30,79.68,Completed
ORD02524,BR004,2026-06-30,22.62,Completed
ORD03170,BR003,2026-06-30,50.46,Completed
ORD04209,BR004,2026-06-30,53.3,Completed
ORD04586,BR002,2026-06-30,33.87,Completed
ORD05264,BR001,2026-06-30,25.89,Completed
ORD01213,BR001,2026-07-01,76.12,Completed
ORD01259,BR002,2026-07-01,104.16,Completed
ORD01573,BR001,2026-07-01,44.12,Completed
ORD01702,BR004,2026-07-01,65.28,Completed
ORD03159,BR003,2026-07-01,67.82,Completed
ORD03348,BR003,2026-07-01,74.67,Completed
ORD03568,BR002,2026-07-01,14.56,Completed
ORD04043,BR003,2026-07-01,41.39,Completed
ORD06229,BR001,2026-07-01,106.32,Completed
ORD00601,BR003,2026-07-02,42.72,Completed
ORD00701,BR003,2026-07-02,42.06,Completed
ORD00836,BR004,2026-07-02,23.48,Completed
ORD01338,BR004,2026-07-02,59.92,Completed
ORD01372,BR004,2026-07-02,51.68,Completed
ORD01762,BR002,2026-07-02,36.48,Completed
ORD02187,BR004,2026-07-02,59.89,Completed
ORD02592,BR003,2026-07-02,84.32,Completed
ORD03587,BR004,2026-07-02,58.08,Completed
ORD04110,BR004,2026-07-02,47.63,Completed
ORD04501,BR004,2026-07-02,76.96,Completed
ORD05118,BR004,2026-07-02,42.38,Completed
ORD05791,BR002,2026-07-02,17.36,Completed
ORD01577,BR003,2026-07-03,14.3,Completed
ORD01631,BR003,2026-07-03,12.96,Completed
ORD02129,BR004,2026-07-03,61.14,Completed
ORD02839,BR002,2026-07-03,49.52,Completed
ORD03116,BR001,2026-07-03,33.93,Completed
ORD03428,BR002,2026-07-03,81.43,Completed
ORD03936,BR001,2026-07-03,20.8,Completed
ORD04046,BR002,2026-07-03,70.25,Completed
ORD04228,BR001,2026-07-03,66.54,Completed
ORD04768,BR001,2026-07-03,31.08,Completed
ORD06138,BR001,2026-07-03,13.73,Completed
ORD06345,BR001,2026-07-03,18.37,Completed
ORD00074,BR004,2026-07-04,89.0,Completed
ORD00078,BR001,2026-07-04,93.87,Completed
ORD00192,BR001,2026-07-04,31.58,Completed
ORD00589,BR004,2026-07-04,27.16,Completed
ORD01249,BR003,2026-07-04,22.62,Completed
ORD02009,BR003,2026-07-04,21.76,Completed
ORD03852,BR004,2026-07-04,18.7,Completed
ORD03889,BR002,2026-07-04,51.71,Completed
ORD04297,BR003,2026-07-04,48.04,Completed
ORD04772,BR001,2026-07-04,62.4,Completed
ORD06165,BR003,2026-07-04,98.22,Completed
ORD06202,BR002,2026-07-04,25.92,Completed
ORD06469,BR002,2026-07-04,69.33,Completed
ORD06837,BR001,2026-07-04,46.04,Completed
ORD00150,BR001,2026-07-05,132.42,Completed
ORD00644,BR003,2026-07-05,40.77,Completed
ORD02278,BR004,2026-07-05,55.11,Completed
ORD03166,BR003,2026-07-05,43.84,Completed
ORD03887,BR001,2026-07-05,62.04,Completed
ORD04723,BR003,2026-07-05,15.68,Completed
ORD05343,BR002,2026-07-05,18.7,Completed
ORD05431,BR003,2026-07-05,97.02,Completed
ORD05623,BR004,2026-07-05,46.22,Completed
ORD05742,BR001,2026-07-05,20.62,Completed
ORD06145,BR001,2026-07-05,74.16,Completed
ORD00307,BR002,2026-07-06,41.3,Completed
ORD00426,BR003,2026-07-06,97.14,Completed
ORD01476,BR004,2026-07-06,20.22,Completed
ORD03146,BR003,2026-07-06,26.28,Completed
ORD03469,BR004,2026-07-06,41.8,Completed
ORD04041,BR002,2026-07-06,31.44,Completed
ORD04598,BR003,2026-07-06,40.33,Completed
ORD05166,BR001,2026-07-06,38.78,Completed
ORD05373,BR002,2026-07-06,6.4,Completed
ORD06055,BR003,2026-07-06,51.52,Completed
ORD06739,BR002,2026-07-06,23.11,Completed
ORD00802,BR001,2026-07-07,16.47,Completed
ORD01978,BR002,2026-07-07,31.93,Completed
ORD02173,BR004,2026-07-07,41.19,Completed
ORD02933,BR003,2026-07-07,27.69,Completed
ORD02983,BR004,2026-07-07,54.43,Completed
ORD03401,BR004,2026-07-07,51.54,Completed
ORD03439,BR003,2026-07-07,49.26,Completed
ORD03557,BR004,2026-07-07,47.16,Completed
ORD04426,BR002,2026-07-07,21.69,Completed
ORD04893,BR003,2026-07-07,10.84,Completed
ORD05116,BR003,2026-07-07,41.8,Completed
ORD05382,BR001,2026-07-07,14.72,Completed
ORD05617,BR004,2026-07-07,39.42,Completed
ORD06958,BR003,2026-07-07,55.02,Completed
ORD00117,BR001,2026-07-08,23.52,Completed
ORD00441,BR002,2026-07-08,14.3,Completed
ORD00597,BR002,2026-07-08,80.92,Completed
ORD01106,BR002,2026-07-08,104.37,Completed
ORD01239,BR003,2026-07-08,13.48,Completed
ORD01570,BR004,2026-07-08,109.53,Completed
ORD02391,BR002,2026-07-08,27.76,Completed
ORD02645,BR004,2026-07-08,65.86,Completed
ORD04334,BR001,2026-07-08,36.23,Completed
ORD04956,BR002,2026-07-08,61.17,Completed
ORD05032,BR003,2026-07-08,58.49,Completed
ORD05469,BR002,2026-07-08,27.94,Completed
ORD05796,BR001,2026-07-08,16.92,Completed
ORD06986,BR003,2026-07-08,50.85,Completed
ORD00614,BR004,2026-07-09,21.76,Completed
ORD01088,BR001,2026-07-09,33.93,Completed
ORD01758,BR004,2026-07-09,39.37,Completed
ORD01868,BR003,2026-07-09,113.55,Completed
ORD01972,BR002,2026-07-09,38.24,Completed
ORD02160,BR003,2026-07-09,35.04,Completed
ORD02447,BR003,2026-07-09,11.31,Completed
ORD02939,BR001,2026-07-09,34.17,Completed
ORD03504,BR004,2026-07-09,35.61,Completed
ORD03997,BR001,2026-07-09,36.42,Completed
ORD04650,BR001,2026-07-09,55.43,Completed
ORD05639,BR002,2026-07-09,35.54,Completed
ORD06136,BR004,2026-07-09,42.07,Completed
ORD00408,BR001,2026-07-10,23.48,Completed
ORD01892,BR002,2026-07-10,22.8,Completed
ORD03000,BR004,2026-07-10,15.54,Completed
ORD03759,BR004,2026-07-10,11.87,Completed
ORD05088,BR003,2026-07-10,13.72,Completed
ORD05111,BR003,2026-07-10,25.92,Completed
ORD05816,BR004,2026-07-10,109.79,Completed
ORD06105,BR001,2026-07-10,43.56,Completed
ORD06315,BR003,2026-07-10,46.62,Completed
ORD06798,BR003,2026-07-10,8.63,Completed
ORD06854,BR003,2026-07-10,5.64,Completed
ORD06981,BR003,2026-07-10,15.68,Completed
ORD01235,BR002,2026-07-11,23.11,Completed
ORD01238,BR002,2026-07-11,51.16,Completed
ORD01358,BR002,2026-07-11,63.74,Completed
ORD04120,BR003,2026-07-11,35.0,Completed
ORD04166,BR003,2026-07-11,41.25,Completed
ORD06160,BR002,2026-07-11,89.22,Completed
ORD06473,BR002,2026-07-11,60.21,Completed
ORD00235,BR003,2026-07-12,36.74,Completed
ORD00322,BR003,2026-07-12,53.37,Completed
ORD01258,BR003,2026-07-12,99.11,Completed
ORD01342,BR004,2026-07-12,6.86,Completed
ORD01453,BR001,2026-07-12,7.84,Completed
ORD01990,BR004,2026-07-12,61.14,Completed
ORD02666,BR004,2026-07-12,31.76,Completed
ORD03223,BR004,2026-07-12,75.25,Completed
ORD03904,BR004,2026-07-12,121.71,Completed
ORD03988,BR003,2026-07-12,21.76,Completed
ORD04322,BR001,2026-07-12,29.44,Completed
ORD04467,BR002,2026-07-12,43.52,Completed
ORD04557,BR001,2026-07-12,14.72,Completed
ORD04878,BR003,2026-07-12,42.56,Completed
ORD05912,BR002,2026-07-12,23.11,Completed
ORD06135,BR001,2026-07-12,28.26,Completed
ORD03848,BR002,2026-07-13,18.15,Completed
ORD04575,BR003,2026-07-13,7.84,Completed
ORD04645,BR002,2026-07-13,36.47,Completed
ORD05183,BR004,2026-07-13,35.6,Completed
ORD05203,BR002,2026-07-13,40.78,Completed
ORD05308,BR004,2026-07-13,29.44,Completed
ORD05644,BR003,2026-07-13,77.88,Completed
ORD02705,BR002,2026-07-14,88.48,Completed
ORD02846,BR001,2026-07-14,68.97,Completed
ORD02940,BR002,2026-07-14,46.92,Completed
ORD02989,BR004,2026-07-14,9.14,Completed
ORD03161,BR002,2026-07-14,61.17,Completed
ORD05301,BR001,2026-07-14,45.71,Completed
ORD05862,BR004,2026-07-14,55.59,Completed
ORD06449,BR003,2026-07-14,13.48,Completed
ORD00136,BR002,2026-07-15,8.63,Completed
ORD01274,BR004,2026-07-15,12.57,Completed
ORD02334,BR003,2026-07-15,7.84,Completed
ORD02609,BR001,2026-07-15,38.88,Completed
ORD02978,BR004,2026-07-15,36.35,Completed
ORD03652,BR003,2026-07-15,23.74,Completed
ORD04165,BR004,2026-07-15,27.59,Completed
ORD04647,BR001,2026-07-15,18.33,Completed
ORD04971,BR001,2026-07-15,51.54,Completed
ORD05774,BR004,2026-07-15,92.28,Completed
ORD06271,BR004,2026-07-15,72.57,Completed
ORD00884,BR001,2026-07-16,44.98,Completed
ORD01304,BR001,2026-07-16,55.72,Completed
ORD02412,BR001,2026-07-16,53.52,Completed
ORD02432,BR003,2026-07-16,57.32,Completed
ORD03016,BR002,2026-07-16,66.59,Completed
ORD03426,BR004,2026-07-16,21.12,Completed
ORD03907,BR004,2026-07-16,23.74,Completed
ORD04136,BR004,2026-07-16,75.36,Completed
ORD04411,BR001,2026-07-16,68.22,Completed
ORD04761,BR003,2026-07-16,42.04,Completed
ORD05224,BR001,2026-07-16,50.96,Completed
ORD05317,BR001,2026-07-16,90.71,Completed
ORD05664,BR002,2026-07-16,12.1,Completed
ORD06397,BR001,2026-07-16,22.8,Completed
ORD00069,BR002,2026-07-17,23.52,Completed
ORD00895,BR004,2026-07-17,68.92,Completed
ORD01558,BR004,2026-07-17,16.95,Completed
ORD01648,BR003,2026-07-17,63.09,Completed
ORD02727,BR004,2026-07-17,16.92,Completed
ORD03259,BR001,2026-07-17,18.37,Completed
ORD04717,BR001,2026-07-17,35.61,Completed
ORD04959,BR004,2026-07-17,42.06,Completed
ORD05385,BR001,2026-07-17,20.48,Completed
ORD05686,BR004,2026-07-17,36.72,Completed
ORD00349,BR004,2026-07-18,83.43,Completed
ORD00414,BR003,2026-07-18,11.52,Completed
ORD00724,BR003,2026-07-18,84.65,Completed
ORD00886,BR002,2026-07-18,52.46,Completed
ORD01307,BR004,2026-07-18,11.68,Completed
ORD01755,BR002,2026-07-18,27.52,Completed
ORD01782,BR003,2026-07-18,57.06,Completed
ORD02920,BR001,2026-07-18,41.19,Completed
ORD03492,BR003,2026-07-18,13.72,Completed
ORD03533,BR004,2026-07-18,30.67,Completed
ORD03575,BR004,2026-07-18,18.37,Completed
ORD03799,BR001,2026-07-18,21.19,Completed
ORD04393,BR004,2026-07-18,15.26,Completed
ORD04481,BR004,2026-07-18,18.28,Completed
ORD05584,BR004,2026-07-18,45.78,Completed
ORD06446,BR002,2026-07-18,18.28,Completed
ORD06564,BR002,2026-07-18,23.52,Completed
ORD06818,BR002,2026-07-18,44.98,Completed
ORD00193,BR001,2026-07-19,22.02,Completed
ORD01025,BR003,2026-07-19,55.34,Completed
ORD01058,BR004,2026-07-19,35.11,Completed
ORD01551,BR003,2026-07-19,93.02,Completed
ORD01776,BR002,2026-07-19,45.06,Completed
ORD02319,BR003,2026-07-19,19.2,Completed
ORD02420,BR002,2026-07-19,95.06,Completed
ORD03103,BR002,2026-07-19,68.07,Completed
ORD03529,BR001,2026-07-19,12.1,Completed
ORD04889,BR002,2026-07-19,15.72,Completed
ORD05162,BR003,2026-07-19,63.56,Completed
ORD05458,BR001,2026-07-19,20.38,Completed
ORD06304,BR004,2026-07-19,46.17,Completed
ORD00155,BR001,2026-07-20,64.86,Completed
ORD01382,BR001,2026-07-20,36.66,Completed
ORD02518,BR003,2026-07-20,68.4,Completed
ORD02795,BR001,2026-07-20,111.44,Completed
ORD03505,BR002,2026-07-20,46.04,Completed
ORD03523,BR004,2026-07-20,24.57,Completed
ORD03934,BR003,2026-07-20,20.39,Completed
ORD03940,BR002,2026-07-20,23.02,Completed
ORD06334,BR003,2026-07-20,61.98,Completed
ORD06684,BR003,2026-07-20,17.77,Completed
ORD06866,BR004,2026-07-20,40.95,Completed
ORD00432,BR004,2026-07-21,103.08,Completed
ORD02485,BR002,2026-07-21,35.98,Completed
ORD02951,BR002,2026-07-21,12.96,Completed
ORD03687,BR001,2026-07-21,11.52,Completed
ORD05937,BR003,2026-07-21,54.99,Completed
ORD06476,BR003,2026-07-21,19.36,Completed
ORD06528,BR001,2026-07-21,24.98,Completed
ORD00151,BR004,2026-07-22,39.68,Completed
ORD00253,BR003,2026-07-22,37.47,Completed
ORD00308,BR004,2026-07-22,68.38,Completed
ORD01724,BR004,2026-07-22,18.15,Completed
ORD01774,BR002,2026-07-22,46.28,Completed
ORD02083,BR004,2026-07-22,29.44,Completed
ORD02667,BR002,2026-07-22,70.65,Completed
ORD03765,BR003,2026-07-22,38.94,Completed
ORD04080,BR002,2026-07-22,6.74,Completed
ORD04112,BR004,2026-07-22,8.19,Completed
ORD04286,BR001,2026-07-22,11.64,Completed
ORD05099,BR004,2026-07-22,25.24,Completed
ORD05719,BR002,2026-07-22,36.74,Completed
ORD05924,BR002,2026-07-22,49.41,Completed
ORD06170,BR001,2026-07-22,45.78,Completed
ORD06441,BR004,2026-07-22,63.57,Completed
ORD06754,BR001,2026-07-22,7.84,Completed
ORD00540,BR002,2026-07-23,92.94,Completed
ORD00900,BR004,2026-07-23,35.04,Completed
ORD02892,BR001,2026-07-23,38.88,Completed
ORD05177,BR003,2026-07-23,37.25,Completed
ORD05245,BR004,2026-07-23,26.96,Completed
ORD05587,BR001,2026-07-23,68.4,Completed
ORD05666,BR002,2026-07-23,27.45,Completed
ORD06832,BR002,2026-07-23,13.72,Completed
ORD00061,BR002,2026-07-24,6.75,Completed
ORD00172,BR002,2026-07-24,94.14,Completed
ORD00794,BR004,2026-07-24,44.16,Completed
ORD01437,BR003,2026-07-24,22.62,Completed
ORD02122,BR002,2026-07-24,34.36,Completed
ORD02393,BR004,2026-07-24,29.44,Completed
ORD03764,BR001,2026-07-24,61.17,Completed
ORD04326,BR001,2026-07-24,99.62,Completed
ORD04628,BR004,2026-07-24,26.79,Completed
ORD04894,BR001,2026-07-24,40.23,Completed
ORD01441,BR001,2026-07-25,36.55,Completed
ORD02375,BR002,2026-07-25,27.09,Completed
ORD02845,BR003,2026-07-25,12.8,Completed
ORD04067,BR003,2026-07-25,58.4,Completed
ORD04664,BR001,2026-07-25,50.19,Completed
ORD04976,BR004,2026-07-25,60.25,Completed
ORD05226,BR002,2026-07-25,39.42,Completed
ORD06621,BR002,2026-07-25,15.09,Completed
ORD06838,BR004,2026-07-25,30.93,Completed
ORD06964,BR003,2026-07-25,67.57,Completed
ORD00399,BR003,2026-07-26,15.26,Completed
ORD00584,BR004,2026-07-26,64.98,Completed
ORD00609,BR004,2026-07-26,23.74,Completed
ORD01357,BR002,2026-07-26,15.54,Completed
ORD01888,BR003,2026-07-26,60.96,Completed
ORD03805,BR003,2026-07-26,8.63,Completed
ORD04072,BR002,2026-07-26,27.46,Completed
ORD04086,BR001,2026-07-26,11.28,Completed
ORD04249,BR002,2026-07-26,20.22,Completed
ORD05556,BR002,2026-07-26,25.55,Completed
ORD05749,BR001,2026-07-26,80.27,Completed
ORD05933,BR001,2026-07-26,45.6,Completed
ORD05984,BR004,2026-07-26,40.16,Completed
ORD06783,BR002,2026-07-26,21.1,Completed
ORD00382,BR003,2026-07-27,40.76,Completed
ORD00866,BR003,2026-07-27,61.14,Completed
ORD01882,BR003,2026-07-27,64.16,Completed
ORD02482,BR001,2026-07-27,17.18,Completed
ORD02863,BR001,2026-07-27,25.14,Completed
ORD03315,BR004,2026-07-27,89.13,Completed
ORD03901,BR003,2026-07-27,79.78,Completed
ORD04263,BR002,2026-07-27,42.14,Completed
ORD04332,BR002,2026-07-27,56.37,Completed
ORD04373,BR004,2026-07-27,13.14,Completed
ORD04465,BR003,2026-07-27,60.02,Completed
ORD04493,BR002,2026-07-27,96.33,Completed
ORD04834,BR001,2026-07-27,11.31,Completed
ORD05028,BR001,2026-07-27,33.93,Completed
ORD05072,BR002,2026-07-27,69.33,Completed
ORD05081,BR001,2026-07-27,35.22,Completed
ORD05648,BR001,2026-07-27,69.33,Completed
ORD05849,BR004,2026-07-27,50.1,Completed
ORD06124,BR001,2026-07-27,40.76,Completed
ORD00260,BR002,2026-07-28,18.7,Completed
ORD01412,BR004,2026-07-28,53.37,Completed
ORD02030,BR001,2026-07-28,72.71,Completed
ORD03538,BR001,2026-07-28,25.24,Completed
ORD04058,BR001,2026-07-28,24.81,Completed
ORD04266,BR004,2026-07-28,78.27,Completed
ORD06203,BR001,2026-07-28,23.31,Completed
ORD06293,BR002,2026-07-28,56.44,Completed
ORD06301,BR002,2026-07-28,22.6,Completed
ORD06351,BR003,2026-07-28,56.1,Completed
ORD06847,BR002,2026-07-28,16.92,Completed
ORD00278,BR002,2026-07-29,32.16,Completed
ORD00648,BR004,2026-07-29,42.66,Completed
ORD01652,BR003,2026-07-29,54.58,Completed
ORD02514,BR002,2026-07-29,16.47,Completed
ORD02781,BR003,2026-07-29,66.6,Completed
ORD03414,BR003,2026-07-29,23.11,Completed
ORD03463,BR003,2026-07-29,18.83,Completed
ORD03602,BR003,2026-07-29,54.88,Completed
ORD04380,BR003,2026-07-29,37.4,Completed
ORD04559,BR001,2026-07-29,27.2,Completed
ORD05681,BR004,2026-07-29,33.05,Completed
ORD05785,BR003,2026-07-29,14.72,Completed
ORD05880,BR002,2026-07-29,46.62,Completed
ORD05959,BR002,2026-07-29,42.38,Completed
ORD06128,BR003,2026-07-29,56.48,Completed
ORD06635,BR002,2026-07-29,35.61,Completed
ORD06903,BR004,2026-07-29,30.52,Completed
ORD06951,BR002,2026-07-29,33.93,Completed
ORD00050,BR004,2026-07-30,31.08,Completed
ORD00846,BR002,2026-07-30,46.22,Completed
ORD01079,BR001,2026-07-30,35.54,Completed
ORD01166,BR003,2026-07-30,57.54,Completed
ORD01795,BR002,2026-07-30,34.92,Completed
ORD01955,BR003,2026-07-30,68.4,Completed
ORD03419,BR002,2026-07-30,17.77,Completed
ORD03423,BR002,2026-07-30,12.8,Completed
ORD03460,BR001,2026-07-30,65.28,Completed
ORD03530,BR003,2026-07-30,20.66,Completed
ORD03966,BR004,2026-07-30,40.78,Completed
ORD05730,BR004,2026-07-30,11.64,Completed
ORD05818,BR002,2026-07-30,97.47,Completed
ORD05829,BR002,2026-07-30,44.56,Completed
ORD06733,BR003,2026-07-30,18.85,Completed
ORD00025,BR002,2026-07-31,87.51,Completed
ORD00993,BR003,2026-07-31,63.57,Completed
ORD02012,BR003,2026-07-31,56.97,Completed
ORD02079,BR004,2026-07-31,12.1,Completed
ORD02188,BR001,2026-07-31,84.15,Completed
ORD06602,BR001,2026-07-31,9.9,Completed
ORD00825,BR002,2026-08-01,33.04,Completed
ORD01143,BR002,2026-08-01,41.15,Completed
ORD02033,BR001,2026-08-01,50.46,Completed
ORD03248,BR002,2026-08-01,71.08,Completed
ORD03707,BR002,2026-08-01,21.76,Completed
ORD03803,BR001,2026-08-01,55.02,Completed
ORD04039,BR002,2026-08-01,61.17,Completed
ORD04095,BR001,2026-08-01,69.33,Completed
ORD04212,BR003,2026-08-01,34.69,Completed
ORD04216,BR003,2026-08-01,5.76,Completed
ORD04347,BR004,2026-08-01,21.45,Completed
ORD04943,BR001,2026-08-01,32.6,Completed
ORD06613,BR001,2026-08-01,34.72,Completed
ORD00348,BR004,2026-08-02,48.03,Completed
ORD00842,BR002,2026-08-02,13.97,Completed
ORD01027,BR003,2026-08-02,81.78,Completed
ORD01049,BR003,2026-08-02,81.48,Completed
ORD01940,BR003,2026-08-02,20.58,Completed
ORD01945,BR002,2026-08-02,68.48,Completed
ORD01987,BR004,2026-08-02,54.99,Completed
ORD02557,BR004,2026-08-02,11.31,Completed
ORD02634,BR001,2026-08-02,23.22,Completed
ORD04401,BR004,2026-08-02,21.18,Completed
ORD05042,BR004,2026-08-02,26.54,Completed
ORD05387,BR002,2026-08-02,61.14,Completed
ORD06339,BR001,2026-08-02,20.62,Completed
ORD06403,BR001,2026-08-02,59.92,Completed
ORD00396,BR004,2026-08-03,71.2,Completed
ORD00909,BR001,2026-08-03,11.28,Completed
ORD01001,BR001,2026-08-03,6.05,Completed
ORD01283,BR003,2026-08-03,36.74,Completed
ORD02603,BR002,2026-08-03,34.55,Completed
ORD02887,BR002,2026-08-03,11.87,Completed
ORD04927,BR001,2026-08-03,40.16,Completed
ORD05307,BR001,2026-08-03,21.45,Completed
ORD05885,BR002,2026-08-03,27.37,Completed
ORD06074,BR002,2026-08-03,43.5,Completed
ORD06181,BR004,2026-08-03,50.85,Completed
ORD06277,BR001,2026-08-03,96.9,Completed
ORD01587,BR002,2026-08-04,62.34,Completed
ORD02322,BR004,2026-08-04,20.8,Completed
ORD02382,BR001,2026-08-04,23.48,Completed
ORD02701,BR004,2026-08-04,15.09,Completed
ORD03069,BR001,2026-08-04,30.01,Completed
ORD03432,BR004,2026-08-04,38.88,Completed
ORD03516,BR001,2026-08-04,31.25,Completed
ORD03659,BR004,2026-08-04,104.7,Completed
ORD05093,BR003,2026-08-04,20.39,Completed
ORD05376,BR002,2026-08-04,31.74,Completed
ORD06595,BR004,2026-08-04,74.75,Completed
ORD06698,BR002,2026-08-04,19.2,Completed
ORD06763,BR001,2026-08-04,21.19,Completed
ORD06902,BR003,2026-08-04,73.36,Completed
ORD00105,BR002,2026-08-05,25.61,Completed
ORD00757,BR004,2026-08-05,90.09,Completed
ORD01029,BR001,2026-08-05,22.8,Completed
ORD01084,BR002,2026-08-05,37.4,Completed
ORD01139,BR002,2026-08-05,21.45,Completed
ORD01993,BR004,2026-08-05,14.3,Completed
ORD02622,BR003,2026-08-05,34.79,Completed
ORD03261,BR001,2026-08-05,30.93,Completed
ORD05831,BR001,2026-08-05,51.1,Completed
ORD05981,BR001,2026-08-05,11.31,Completed
ORD06077,BR002,2026-08-05,6.86,Completed
ORD06788,BR003,2026-08-05,18.37,Completed
ORD06893,BR002,2026-08-05,42.06,Completed
ORD00419,BR003,2026-08-06,61.99,Completed
ORD00969,BR004,2026-08-06,55.18,Completed
ORD01896,BR004,2026-08-06,39.42,Completed
ORD01953,BR002,2026-08-06,40.9,Completed
ORD02220,BR001,2026-08-06,24.57,Completed
ORD02681,BR003,2026-08-06,83.38,Completed
ORD02800,BR001,2026-08-06,65.76,Completed
ORD02953,BR003,2026-08-06,34.92,Completed
ORD04241,BR002,2026-08-06,15.68,Completed
ORD04285,BR002,2026-08-06,23.52,Completed
ORD04414,BR001,2026-08-06,72.84,Completed
ORD04500,BR004,2026-08-06,29.7,Completed
ORD04545,BR004,2026-08-06,46.22,Completed
ORD04702,BR001,2026-08-06,11.64,Completed
ORD05809,BR001,2026-08-06,27.36,Completed
ORD00708,BR002,2026-08-07,73.86,Completed
ORD00749,BR001,2026-08-07,21.03,Completed
ORD01002,BR002,2026-08-07,75.71,Completed
ORD01847,BR003,2026-08-07,25.89,Completed
ORD01910,BR001,2026-08-07,41.6,Completed
ORD01995,BR003,2026-08-07,62.4,Completed
ORD02201,BR001,2026-08-07,23.74,Completed
ORD02296,BR002,2026-08-07,45.78,Completed
ORD02724,BR002,2026-08-07,56.67,Completed
ORD02786,BR004,2026-08-07,35.22,Completed
ORD03820,BR002,2026-08-07,16.95,Completed
ORD04130,BR003,2026-08-07,5.03,Completed
ORD04503,BR002,2026-08-07,37.57,Completed
ORD06380,BR001,2026-08-07,13.5,Completed
ORD06998,BR001,2026-08-07,6.05,Completed
ORD00612,BR002,2026-08-08,88.53,Completed
ORD00745,BR001,2026-08-08,5.42,Completed
ORD00978,BR001,2026-08-08,17.13,Completed
ORD01355,BR003,2026-08-08,11.28,Completed
ORD01753,BR003,2026-08-08,10.06,Completed
ORD02388,BR001,2026-08-08,33.93,Completed
ORD02767,BR003,2026-08-08,33.04,Completed
ORD02841,BR003,2026-08-08,33.13,Completed
ORD03262,BR003,2026-08-08,16.26,Completed
ORD03618,BR002,2026-08-08,21.19,Completed
ORD04256,BR001,2026-08-08,35.61,Completed
ORD04656,BR003,2026-08-08,16.26,Completed
ORD04696,BR003,2026-08-08,75.14,Completed
ORD04711,BR004,2026-08-08,50.7,Completed
ORD04884,BR001,2026-08-08,10.06,Completed
ORD05075,BR002,2026-08-08,50.72,Completed
ORD06206,BR003,2026-08-08,33.53,Completed
ORD00407,BR002,2026-08-09,39.42,Completed
ORD01630,BR002,2026-08-09,78.22,Completed
ORD01637,BR001,2026-08-09,11.87,Completed
ORD02754,BR004,2026-08-09,29.52,Completed
ORD03110,BR002,2026-08-09,50.85,Completed
ORD03780,BR004,2026-08-09,22.62,Completed
ORD04202,BR004,2026-08-09,38.02,Completed
ORD04250,BR001,2026-08-09,10.31,Completed
ORD04593,BR002,2026-08-09,58.53,Completed
ORD05065,BR001,2026-08-09,19.2,Completed
ORD05338,BR004,2026-08-09,31.08,Completed
ORD06427,BR004,2026-08-09,32.5,Completed
ORD06681,BR003,2026-08-09,104.1,Completed
ORD00651,BR002,2026-08-10,23.52,Completed
ORD00652,BR003,2026-08-10,22.43,Completed
ORD01723,BR002,2026-08-10,17.32,Completed
ORD02139,BR003,2026-08-10,36.56,Completed
ORD02341,BR004,2026-08-10,17.26,Completed
ORD02544,BR004,2026-08-10,72.99,Completed
ORD02570,BR004,2026-08-10,17.77,Completed
ORD02686,BR003,2026-08-10,32.94,Completed
ORD02735,BR001,2026-08-10,41.78,Completed
ORD03014,BR002,2026-08-10,86.55,Completed
ORD04257,BR004,2026-08-10,40.67,Completed
ORD04548,BR004,2026-08-10,20.38,Completed
ORD04653,BR004,2026-08-10,138.06,Completed
ORD05239,BR004,2026-08-10,40.68,Completed
ORD05518,BR002,2026-08-10,26.28,Completed
ORD05737,BR003,2026-08-10,41.59,Completed
ORD01008,BR004,2026-08-11,22.62,Completed
ORD01451,BR004,2026-08-11,20.58,Completed
ORD02084,BR003,2026-08-11,20.73,Completed
ORD03228,BR001,2026-08-11,32.94,Completed
ORD03373,BR003,2026-08-11,25.89,Completed
ORD03838,BR004,2026-08-11,21.19,Completed
ORD04265,BR004,2026-08-11,41.91,Completed
ORD05193,BR002,2026-08-11,7.15,Completed
ORD05434,BR001,2026-08-11,22.62,Completed
ORD06546,BR001,2026-08-11,15.54,Completed
ORD06632,BR001,2026-08-11,7.84,Completed
ORD06699,BR004,2026-08-11,29.72,Completed
ORD00489,BR002,2026-08-12,17.28,Completed
ORD01096,BR002,2026-08-12,106.32,Completed
ORD01879,BR001,2026-08-12,33.9,Completed
ORD02348,BR004,2026-08-12,34.92,Completed
ORD02770,BR002,2026-08-12,82.2,Completed
ORD02865,BR003,2026-08-12,69.66,Completed
ORD04814,BR004,2026-08-12,44.22,Completed
ORD05181,BR003,2026-08-12,36.46,Completed
ORD05309,BR001,2026-08-12,10.84,Completed
ORD06771,BR001,2026-08-12,11.52,Completed
ORD06820,BR004,2026-08-12,29.89,Completed
ORD00075,BR004,2026-08-13,20.37,Completed
ORD00705,BR003,2026-08-13,53.31,Completed
ORD01500,BR004,2026-08-13,23.74,Completed
ORD01567,BR001,2026-08-13,15.72,Completed
ORD02410,BR002,2026-08-13,61.93,Completed
ORD02590,BR003,2026-08-13,80.34,Completed
ORD04977,BR002,2026-08-13,7.15,Completed
ORD05022,BR003,2026-08-13,17.26,Completed
ORD05236,BR002,2026-08-13,59.19,Completed
ORD05874,BR003,2026-08-13,47.8,Completed
ORD06934,BR001,2026-08-13,36.66,Completed
ORD00747,BR003,2026-08-14,20.58,Completed
ORD00849,BR004,2026-08-14,69.66,Completed
ORD01104,BR004,2026-08-14,16.26,Completed
ORD01131,BR003,2026-08-14,84.71,Completed
ORD01663,BR002,2026-08-14,24.57,Completed
ORD02072,BR003,2026-08-14,45.78,Completed
ORD03408,BR003,2026-08-14,74.91,Completed
ORD03753,BR001,2026-08-14,23.74,Completed
ORD03771,BR002,2026-08-14,104.33,Completed
ORD06399,BR004,2026-08-14,11.68,Completed
ORD00153,BR003,2026-08-15,26.0,Completed
ORD01593,BR002,2026-08-15,70.86,Completed
ORD01751,BR003,2026-08-15,102.74,Completed
ORD03061,BR002,2026-08-15,31.44,Completed
ORD03614,BR001,2026-08-15,11.68,Completed
ORD04031,BR004,2026-08-15,29.53,Completed
ORD05066,BR003,2026-08-15,16.38,Completed
ORD00268,BR001,2026-08-16,66.57,Completed
ORD00608,BR001,2026-08-16,22.04,Completed
ORD00864,BR002,2026-08-16,102.36,Completed
ORD03539,BR002,2026-08-16,52.69,Completed
ORD04581,BR002,2026-08-16,11.74,Completed
ORD06622,BR004,2026-08-16,11.74,Completed
ORD06939,BR003,2026-08-16,41.19,Completed
ORD01270,BR004,2026-08-17,11.68,Completed
ORD03668,BR003,2026-08-17,18.28,Completed
ORD04655,BR004,2026-08-17,20.39,Completed
ORD05094,BR002,2026-08-17,30.89,Completed
ORD05127,BR003,2026-08-17,10.84,Completed
ORD05779,BR002,2026-08-17,52.03,Completed
ORD06527,BR003,2026-08-17,35.3,Completed
ORD06924,BR001,2026-08-17,11.52,Completed
ORD00325,BR001,2026-08-18,78.06,Completed
ORD01087,BR003,2026-08-18,69.33,Completed
ORD01810,BR003,2026-08-18,15.26,Completed
ORD02694,BR004,2026-08-18,23.11,Completed
ORD03062,BR001,2026-08-18,46.76,Completed
ORD03168,BR001,2026-08-18,24.98,Completed
ORD03932,BR001,2026-08-18,20.25,Completed
ORD04014,BR003,2026-08-18,89.97,Completed
ORD04124,BR002,2026-08-18,67.41,Completed
ORD05076,BR001,2026-08-18,30.92,Completed
ORD05290,BR002,2026-08-18,49.41,Completed
ORD05677,BR002,2026-08-18,11.64,Completed
ORD05781,BR001,2026-08-18,27.46,Completed
ORD00242,BR004,2026-08-19,47.5,Completed
ORD00478,BR002,2026-08-19,19.8,Completed
ORD00502,BR003,2026-08-19,31.67,Completed
ORD01407,BR001,2026-08-19,52.27,Completed
ORD01505,BR003,2026-08-19,44.08,Completed
ORD02142,BR002,2026-08-19,81.39,Completed
ORD02819,BR003,2026-08-19,5.76,Completed
ORD02850,BR002,2026-08-19,41.89,Completed
ORD03781,BR001,2026-08-19,56.48,Completed
ORD04317,BR003,2026-08-19,39.28,Completed
ORD06700,BR001,2026-08-19,5.03,Completed
ORD00342,BR002,2026-08-20,39.42,Completed
ORD01829,BR003,2026-08-20,85.33,Completed
ORD02179,BR001,2026-08-20,45.78,Completed
ORD03206,BR001,2026-08-20,6.05,Completed
ORD03674,BR001,2026-08-20,30.52,Completed
ORD04698,BR001,2026-08-20,92.7,Completed
ORD04883,BR004,2026-08-20,41.48,Completed
ORD05588,BR004,2026-08-20,46.04,Completed
ORD05632,BR004,2026-08-20,37.47,Completed
ORD05673,BR004,2026-08-20,45.78,Completed
ORD05728,BR003,2026-08-20,27.46,Completed
ORD05848,BR002,2026-08-20,34.36,Completed
ORD05895,BR004,2026-08-20,12.49,Completed
ORD06761,BR004,2026-08-20,20.39,Completed
ORD06772,BR004,2026-08-20,18.37,Completed
ORD00198,BR002,2026-08-21,55.93,Completed
ORD00706,BR004,2026-08-21,13.5,Completed
ORD02499,BR004,2026-08-21,54.99,Completed
ORD02623,BR003,2026-08-21,91.1,Completed
ORD04863,BR002,2026-08-21,5.64,Completed
ORD05493,BR001,2026-08-21,70.32,Completed
ORD05800,BR001,2026-08-21,17.28,Completed
ORD06543,BR002,2026-08-21,23.74,Completed
ORD06935,BR003,2026-08-21,33.73,Completed
ORD00082,BR004,2026-08-22,76.19,Completed
ORD00108,BR003,2026-08-22,12.1,Completed
ORD00488,BR002,2026-08-22,61.9,Completed
ORD01918,BR001,2026-08-22,32.94,Completed
ORD01927,BR002,2026-08-22,52.38,Completed
ORD02575,BR001,2026-08-22,45.78,Completed
ORD02836,BR001,2026-08-22,36.35,Completed
ORD03227,BR001,2026-08-22,15.72,Completed
ORD04781,BR003,2026-08-22,29.16,Completed
ORD04902,BR001,2026-08-22,65.28,Completed
ORD05380,BR003,2026-08-22,28.47,Completed
ORD06531,BR001,2026-08-22,51.09,Completed
